{
    "labels": [
        "output_model_falcon-7b.txt",
        "output_model_llama2-13b-hf.txt",
        "output_model_llama2-7b-hf.txt",
        "output_model_llama3-3b.txt",
        "output_model_qwen-0.5b.txt",
        "output_model_qwen-14b.txt",
        "output_model_qwen-1.8b.txt",
        "output_model_qwen-4b.txt",
        "output_model_qwen-7b.txt",
        "output_model_yi-6b.txt",
        "output_model_yi-9b.txt"
    ],
    "data": {
        "load_weights": [
            2.54,
            4.63,
            2.35,
            1.16,
            0.19,
            5.29,
            0.68,
            1.41,
            2.76,
            2.16,
            3.22
        ],
        "model_init": [
            0.18,
            0.3,
            0.11,
            0.2,
            0.09,
            0.12,
            0.1,
            0.41,
            0.11,
            0.31,
            0.38
        ],
        "model_loading": [
            3.235995,
            5.452357,
            3.047041,
            1.878104,
            2.074623,
            6.188494,
            1.387646,
            2.344385,
            3.479551,
            3.068376,
            4.230284
        ],
        "dynamo_transform_time": [
            3.81,
            5.36,
            4.38,
            3.77,
            3.37,
            5.48,
            3.34,
            5.49,
            4.46,
            4.41,
            6.25
        ],
        "graph_compile_general_shape": [
            null,
            null,
            null,
            null,
            null,
            null,
            null,
            null,
            null,
            null,
            null
        ],
        "graph_compile_cached": [
            3.777,
            4.979,
            4.133,
            3.55,
            3.278,
            5.736,
            3.021,
            5.927,
            4.502,
            4.045,
            5.927
        ],
        "torch.compile": [
            3.81,
            5.36,
            4.38,
            3.77,
            3.37,
            5.48,
            3.34,
            5.49,
            4.46,
            4.41,
            6.25
        ],
        "kv_cache_profiling": [
            10.01,
            12.5,
            10.13,
            8.95,
            8.15,
            13.51,
            7.71,
            12.79,
            10.23,
            9.93,
            14.04
        ],
        "graph_capturing": [
            1.81,
            2.16,
            2.39,
            1.67,
            1.38,
            2.11,
            0.77,
            1.69,
            1.77,
            1.64,
            1.61
        ],
        "init_engine": [
            12.29,
            14.89,
            12.75,
            10.9,
            9.77,
            15.92,
            8.72,
            15.01,
            12.25,
            11.8,
            15.88
        ],
        "tokenizer_init": [
            0.4,
            0.33,
            0.33,
            0.53,
            0.51,
            0.53,
            0.5,
            0.49,
            0.49,
            0.41,
            0.41
        ],
        "total_time": [
            15.925994999999999,
            20.672356999999998,
            16.127041,
            13.308104,
            12.354622999999998,
            22.638494,
            10.607646,
            17.844385,
            16.219551,
            15.278376000000002,
            20.520284
        ],
        "actual_total_time": [
            27.32,
            30.89,
            26.87,
            24.55,
            23.83,
            34.61,
            21.93,
            27.72,
            27.42,
            25.83,
            30.59
        ]
    }
}