{
    "labels": [
        "output_model_deepseek-r1-distill-llama-8b.txt",
        "output_model_deepseek-r1-distill-qwen-7b.txt",
        "output_model_deepseek-v2-lite-16b.txt",
        "output_model_falcon-7b.txt",
        "output_model_gpt-oss-20b.txt",
        "output_model_llama2-13b-hf.txt",
        "output_model_llama2-7b-hf.txt",
        "output_model_llama3-3b.txt",
        "output_model_qwen-0.5b.txt",
        "output_model_qwen-14.3b.txt",
        "output_model_qwen-14b.txt",
        "output_model_qwen-1.8b.txt",
        "output_model_qwen-4b.txt",
        "output_model_qwen-7b.txt",
        "output_model_yi-6b.txt",
        "output_model_yi-9b.txt"
    ],
    "data": {
        "load_weights": [
            2.25,
            2.1,
            4.84,
            1.89,
            1.95,
            3.57,
            18.56,
            8.85,
            0.14,
            5.13,
            38.34,
            0.5,
            1.09,
            20.61,
            2.0,
            2.42
        ],
        "model_init": [
            0.14,
            0.11,
            0.16,
            null,
            0.12,
            null,
            null,
            null,
            null,
            0.12,
            null,
            null,
            null,
            null,
            null,
            null
        ],
        "model_loading": [
            2.394173,
            2.213634,
            5.011145,
            2.050672,
            2.348961,
            3.699608,
            18.677133,
            8.983038,
            0.241804,
            5.255308,
            38.473337,
            0.609051,
            1.21976,
            20.731171,
            2.119944,
            2.553876
        ],
        "dynamo_transform_time": [
            5.05,
            4.26,
            4.18,
            4.74,
            3.48,
            5.86,
            4.83,
            4.12,
            3.73,
            4.27,
            6.14,
            3.8,
            6.11,
            5.11,
            4.87,
            6.85
        ],
        "graph_compile_general_shape": [
            18.93,
            18.17,
            26.36,
            16.18,
            22.92,
            23.87,
            19.15,
            16.88,
            15.36,
            22.76,
            23.24,
            14.82,
            23.98,
            19.24,
            19.83,
            28.54
        ],
        "graph_compile_cached": [
            null,
            null,
            null,
            null,
            null,
            null,
            null,
            null,
            null,
            null,
            null,
            null,
            null,
            null,
            null,
            null
        ],
        "torch.compile": [
            23.98,
            22.43,
            30.54,
            20.92,
            26.4,
            29.72,
            23.99,
            21.0,
            19.09,
            27.03,
            29.38,
            18.62,
            30.09,
            24.35,
            24.7,
            35.39
        ],
        "kv_cache_profiling": [
            27.46,
            25.93,
            35.74,
            25.74,
            29.64,
            34.34,
            27.12,
            24.1,
            21.43,
            30.42,
            34.09,
            21.08,
            33.49,
            27.8,
            28.32,
            40.04
        ],
        "graph_capturing": [
            1.23,
            1.21,
            4.4,
            1.0,
            3.84,
            1.0,
            1.0,
            1.0,
            1.0,
            2.49,
            2.0,
            1.0,
            1.0,
            1.0,
            1.0,
            2.0
        ],
        "init_engine": [
            29.19,
            27.62,
            40.82,
            27.38,
            34.09,
            36.31,
            28.74,
            25.62,
            22.85,
            33.53,
            36.16,
            22.49,
            35.34,
            29.45,
            29.96,
            42.08
        ],
        "tokenizer_init": [
            0.38,
            0.32,
            0.21,
            null,
            0.67,
            null,
            null,
            null,
            null,
            0.25,
            null,
            null,
            null,
            null,
            null,
            null
        ],
        "total_time": [
            31.964173,
            30.153634,
            46.041145,
            29.430671999999998,
            37.10896100000001,
            40.009608,
            47.417133,
            34.603038,
            23.091804,
            39.035308,
            74.633337,
            23.099051,
            36.559760000000004,
            50.181171,
            32.079944,
            44.633876
        ],
        "actual_total_time": [
            42.99,
            41.12,
            56.92,
            41.39,
            51.83,
            50.15,
            57.56,
            45.2,
            33.61,
            49.95,
            85.21,
            33.59,
            47.03,
            60.72,
            42.49,
            54.97
        ]
    }
}