{
    "labels": [
        "output_model_deepseek-r1-distill-llama-8b.txt",
        "output_model_deepseek-r1-distill-qwen-7b.txt",
        "output_model_falcon-11b.txt",
        "output_model_falcon-7b.txt",
        "output_model_gemma-7b.txt",
        "output_model_granite3.3-8b-instruct.txt",
        "output_model_llama2-13b-hf.txt",
        "output_model_llama2-7b-hf.txt",
        "output_model_llama3-3b.txt",
        "output_model_mistral-7b.txt",
        "output_model_qwen-0.5b.txt",
        "output_model_qwen-14b.txt",
        "output_model_qwen-1.8b.txt",
        "output_model_qwen-4b.txt",
        "output_model_qwen-7b.txt",
        "output_model_yi-6b.txt",
        "output_model_yi-9b.txt"
    ],
    "data": {
        "detect_platform": [
            0.035,
            0.034,
            0.034,
            0.033,
            0.034,
            0.034,
            0.034,
            0.035,
            0.034,
            0.034,
            0.034,
            0.034,
            0.035,
            0.034,
            0.034,
            0.034,
            0.034
        ],
        "llm_imports": [
            1.374,
            1.353,
            1.362,
            1.366,
            1.369,
            1.364,
            1.396,
            1.368,
            1.367,
            1.357,
            1.375,
            1.365,
            1.368,
            1.361,
            1.365,
            1.367,
            1.374
        ],
        "get_model_info": [
            4.868,
            4.879,
            4.854,
            4.868,
            4.861,
            4.872,
            4.9,
            4.877,
            4.888,
            4.843,
            4.899,
            4.917,
            4.899,
            4.893,
            4.891,
            4.883,
            4.877
        ],
        "worker_init": [
            1.654,
            1.664,
            1.639,
            1.65,
            1.678,
            1.659,
            1.625,
            1.645,
            1.65,
            1.629,
            1.655,
            1.638,
            1.654,
            1.676,
            1.652,
            1.856,
            1.658
        ],
        "framework_bootstrap": [
            7.931,
            7.93,
            7.889,
            7.917,
            7.941999999999999,
            7.928999999999999,
            7.955,
            7.924999999999999,
            7.939,
            7.8629999999999995,
            7.963,
            7.954,
            7.9559999999999995,
            7.964,
            7.942,
            8.14,
            7.943
        ],
        "load_weights": [
            2.27,
            2.14,
            3.78,
            2.25,
            2.35,
            2.35,
            3.97,
            6.6,
            1.67,
            2.01,
            0.36,
            4.53,
            0.54,
            1.17,
            2.18,
            1.77,
            2.67
        ],
        "model_init": [
            0.16,
            0.13,
            0.15,
            0.12,
            0.13,
            0.15,
            0.13,
            0.12,
            0.16,
            0.12,
            0.12,
            0.15,
            0.13,
            0.14,
            0.14,
            0.12,
            0.14
        ],
        "model_loading": [
            2.435365,
            2.274614,
            3.931085,
            2.370611,
            2.487691,
            2.496972,
            4.104722,
            6.724575,
            1.834822,
            2.137317,
            0.482766,
            4.676165,
            0.665195,
            1.31418,
            2.327042,
            1.887018,
            2.819685
        ],
        "dynamo_transform_time": [
            5.28,
            4.65,
            8.79,
            4.65,
            4.57,
            6.42,
            6.88,
            5.1,
            4.56,
            5.15,
            4.32,
            6.66,
            4.28,
            6.97,
            5.26,
            5.31,
            7.7
        ],
        "graph_compile_general_shape": [
            null,
            null,
            null,
            null,
            null,
            null,
            null,
            null,
            null,
            null,
            null,
            null,
            null,
            null,
            null,
            null,
            null
        ],
        "graph_compile_cached": [
            4.909,
            4.002,
            7.589,
            4.281,
            3.513,
            5.694,
            5.757,
            4.236,
            3.945,
            4.535,
            3.524,
            5.476,
            3.612,
            5.624,
            4.267,
            4.736,
            6.75
        ],
        "torch.compile": [
            5.28,
            4.65,
            8.79,
            4.65,
            4.57,
            6.42,
            6.88,
            5.1,
            4.56,
            5.15,
            4.32,
            6.66,
            4.28,
            6.97,
            5.26,
            5.31,
            7.7
        ],
        "kv_cache_profiling": [
            1.7309999999999999,
            1.677999999999999,
            2.0610000000000035,
            2.2989999999999995,
            1.6869999999999994,
            1.7159999999999993,
            2.4429999999999996,
            1.804000000000002,
            1.6250000000000018,
            1.7449999999999992,
            1.2860000000000005,
            2.444000000000001,
            1.307999999999999,
            1.686,
            1.7729999999999997,
            1.7640000000000011,
            1.8900000000000006
        ],
        "graph_capturing": [
            1.18,
            1.16,
            1.7,
            1.16,
            1.19,
            1.35,
            1.46,
            1.12,
            1.03,
            1.18,
            0.93,
            1.51,
            0.94,
            1.3,
            1.14,
            1.13,
            1.48
        ],
        "init_engine": [
            13.58,
            11.96,
            20.65,
            12.86,
            11.43,
            15.68,
            17.04,
            12.75,
            11.64,
            13.09,
            10.51,
            16.59,
            10.61,
            16.07,
            12.91,
            13.42,
            18.33
        ],
        "tokenizer_init": [
            0.37,
            0.32,
            0.09,
            0.12,
            0.65,
            0.1,
            0.08,
            0.09,
            0.29,
            0.07,
            0.25,
            0.25,
            0.25,
            0.25,
            0.25,
            0.16,
            0.16
        ],
        "total_time": [
            24.316365,
            22.484614,
            32.560085,
            23.267611,
            22.509690999999997,
            26.205972000000003,
            29.179721999999998,
            27.489575,
            21.703822,
            23.160317,
            19.205766,
            29.470165,
            19.481195,
            25.59818,
            23.429042000000003,
            23.607018,
            29.252684999999996
        ],
        "actual_total_time": [
            25.488,
            23.623,
            33.462,
            24.939,
            23.999,
            27.095,
            30.038,
            28.355,
            22.807,
            24.011,
            20.249,
            30.531,
            20.537,
            26.644,
            24.466,
            24.588,
            30.198
        ]
    }
}