{
    "labels": [
        "output_model_llama2-13b-hf_default.txt",
        "output_model_llama2-13b-hf_tmpfs.txt",
        "output_model_llama3-3b_default.txt",
        "output_model_llama3-3b_tmpfs.txt",
        "output_model_qwen-7b_default.txt",
        "output_model_qwen-7b_tmpfs.txt"
    ],
    "data": {
        "load_weights": [
            3.48,
            3.55,
            0.87,
            0.87,
            2.09,
            2.12
        ],
        "model_init": [
            0.12,
            0.13,
            0.13,
            0.13,
            0.12,
            0.12
        ],
        "model_loading": [
            3.611376,
            3.681576,
            1.004272,
            1.003422,
            2.207191,
            2.237084
        ],
        "dynamo_transform_time": [
            6.47,
            6.52,
            4.56,
            4.54,
            5.19,
            5.22
        ],
        "graph_compile_general_shape": [
            null,
            null,
            null,
            null,
            null,
            null
        ],
        "graph_compile_cached": [
            5.412,
            5.437,
            3.941,
            3.856,
            4.25,
            4.257
        ],
        "torch.compile": [
            6.47,
            6.52,
            4.56,
            4.54,
            5.19,
            5.22
        ],
        "kv_cache_profiling": [
            14.28,
            14.36,
            10.06,
            9.95,
            11.18,
            11.21
        ],
        "graph_capturing": [
            1.45,
            1.46,
            1.01,
            1.01,
            1.14,
            1.14
        ],
        "init_engine": [
            16.23,
            16.32,
            11.54,
            11.42,
            12.79,
            12.82
        ],
        "tokenizer_init": [
            0.09,
            0.08,
            0.29,
            0.29,
            0.24,
            0.25
        ],
        "total_time": [
            19.931376,
            20.081576,
            12.834271999999999,
            12.713422,
            15.237191,
            15.307084
        ],
        "actual_total_time": [
            27.2,
            27.33,
            20.35,
            20.18,
            22.68,
            22.73
        ]
    }
}