{
    "labels": [
        "output_model_falcon-7b.txt",
        "output_model_llama2-13b-hf.txt",
        "output_model_llama2-7b-hf.txt",
        "output_model_llama3-3b.txt",
        "output_model_qwen-0.5b.txt",
        "output_model_qwen-14b.txt",
        "output_model_qwen-1.8b.txt",
        "output_model_qwen-4b.txt",
        "output_model_qwen-7b.txt",
        "output_model_yi-6b.txt",
        "output_model_yi-9b.txt"
    ],
    "data": {
        "detect_platform": [
            0.035,
            0.034,
            0.034,
            0.034,
            0.034,
            0.034,
            0.034,
            0.034,
            0.035,
            0.034,
            0.034
        ],
        "llm_imports": [
            1.776,
            1.488,
            1.486,
            1.48,
            1.477,
            1.48,
            1.478,
            1.475,
            1.501,
            1.483,
            1.499
        ],
        "get_model_info": [
            6.051,
            5.443,
            5.43,
            5.451,
            5.448,
            5.47,
            5.457,
            5.446,
            5.41,
            5.377,
            5.499
        ],
        "worker_init": [
            2.036,
            1.768,
            1.83,
            1.781,
            1.807,
            1.775,
            1.774,
            1.786,
            1.811,
            1.756,
            1.748
        ],
        "framework_bootstrap": [
            9.898,
            8.733,
            8.78,
            8.746,
            8.766,
            8.759,
            8.742999999999999,
            8.741,
            8.757,
            8.65,
            8.78
        ],
        "load_weights": [
            24.46,
            47.86,
            24.78,
            11.82,
            1.71,
            52.01,
            6.75,
            14.5,
            28.34,
            22.24,
            32.41
        ],
        "model_init": [
            0.17,
            0.13,
            0.12,
            0.14,
            0.1,
            0.13,
            0.11,
            0.13,
            0.12,
            0.12,
            0.14
        ],
        "model_loading": [
            24.634899,
            47.994741,
            24.90562,
            11.956572,
            1.812196,
            52.145817,
            6.86109,
            14.638722,
            28.46791,
            22.37055,
            32.556838
        ],
        "dynamo_transform_time": [
            5.53,
            6.9,
            5.4,
            4.8,
            4.28,
            7.01,
            4.28,
            7.04,
            5.5,
            5.36,
            8.14
        ],
        "graph_compile_general_shape": [
            null,
            null,
            null,
            null,
            null,
            null,
            null,
            null,
            null,
            null,
            null
        ],
        "graph_compile_cached": [
            4.35,
            5.731,
            4.522,
            4.173,
            3.578,
            5.818,
            3.677,
            5.672,
            4.547,
            4.742,
            7.19
        ],
        "torch.compile": [
            5.53,
            6.9,
            5.4,
            4.8,
            4.28,
            7.01,
            4.28,
            7.04,
            5.5,
            5.36,
            8.14
        ],
        "kv_cache_profiling": [
            2.540000000000001,
            2.658999999999999,
            1.9379999999999988,
            1.7670000000000012,
            1.3919999999999995,
            2.692,
            1.423,
            1.8979999999999997,
            1.9529999999999994,
            1.9179999999999993,
            2.1799999999999997
        ],
        "graph_capturing": [
            1.18,
            1.48,
            1.14,
            1.05,
            0.96,
            1.55,
            0.97,
            1.34,
            1.16,
            1.15,
            1.53
        ],
        "init_engine": [
            14.09,
            17.29,
            13.5,
            12.29,
            10.69,
            17.59,
            10.83,
            16.47,
            13.66,
            13.68,
            19.59
        ],
        "tokenizer_init": [
            0.14,
            0.1,
            0.09,
            0.3,
            0.26,
            0.26,
            0.26,
            0.26,
            0.26,
            0.17,
            0.17
        ],
        "total_time": [
            48.762899000000004,
            74.117741,
            47.27562,
            33.29257199999999,
            21.528196,
            78.754817,
            26.69409,
            40.109722,
            51.14491,
            44.87055,
            61.096838000000005
        ],
        "actual_total_time": [
            50.517,
            75.012,
            48.172,
            34.412,
            22.605,
            79.807,
            27.757,
            41.173,
            52.204,
            45.859,
            62.073
        ]
    }
}