{
    "labels": [
        "output_model_deepseek-v2-lite-16b.txt",
        "output_model_gpt-oss-20b_cuda-graph-sizes_1_2_4_8_16_24_32_40_48_56_64_72_80_88_96_104_112_120_128_136_144_152_160_168_176_184_192_200_208_216_224_232_240_248_256.txt",
        "output_model_llama2-13b-hf.txt",
        "output_model_llama2-7b-hf.txt",
        "output_model_llama3-3b.txt",
        "output_model_qwen-14.3b.txt",
        "output_model_qwen-14b.txt",
        "output_model_qwen-4b.txt",
        "output_model_yi-6b.txt",
        "output_model_yi-9b.txt"
    ],
    "data": {
        "detect_platform": [
            0.017,
            0.016,
            0.017,
            0.016,
            0.016,
            0.016,
            0.016,
            0.016,
            0.017,
            0.016
        ],
        "llm_imports": [
            1.415,
            1.436,
            1.433,
            1.429,
            1.429,
            1.417,
            1.42,
            1.425,
            1.418,
            1.422
        ],
        "get_model_info": [
            5.304,
            8.235,
            5.277,
            5.289,
            5.3,
            5.289,
            5.301,
            5.298,
            5.314,
            5.268
        ],
        "worker_init": [
            2.041,
            1.121,
            2.028,
            2.029,
            2.036,
            2.034,
            2.038,
            2.036,
            2.028,
            2.025
        ],
        "framework_bootstrap": [
            8.777000000000001,
            10.808,
            8.755,
            8.763,
            8.781,
            8.756,
            8.775,
            8.775,
            8.777,
            8.731
        ],
        "load_weights": [
            4.15,
            1.71,
            3.2,
            1.68,
            0.8,
            3.73,
            3.46,
            0.98,
            1.46,
            2.18
        ],
        "model_init": [
            0.17,
            0.18,
            0.14,
            0.13,
            0.15,
            0.13,
            0.14,
            0.14,
            0.13,
            0.15
        ],
        "model_loading": [
            4.334443,
            2.188831,
            3.348294,
            1.811981,
            0.948826,
            3.865472,
            3.608269,
            1.125238,
            1.593774,
            2.335021
        ],
        "dynamo_transform_time": [
            4.17,
            4.19,
            6.69,
            5.42,
            4.88,
            4.77,
            7.15,
            7.05,
            5.45,
            8.04
        ],
        "graph_compile_general_shape": [
            13.52,
            12.55,
            18.65,
            14.78,
            13.18,
            12.18,
            18.97,
            18.76,
            15.24,
            22.56
        ],
        "graph_compile_cached": [
            null,
            null,
            null,
            null,
            null,
            null,
            null,
            null,
            null,
            null
        ],
        "torch.compile": [
            17.69,
            16.74,
            25.34,
            20.2,
            18.06,
            16.95,
            26.12,
            25.81,
            20.69,
            30.6
        ],
        "kv_cache_profiling": [
            1.9899999999999984,
            1.5300000000000011,
            3.1099999999999994,
            2.0199999999999996,
            1.620000000000001,
            2.3500000000000014,
            2.8299999999999983,
            2.0100000000000016,
            2.0299999999999976,
            2.229999999999997
        ],
        "graph_capturing": [
            2.45,
            1.44,
            1.59,
            1.22,
            1.14,
            1.69,
            1.65,
            1.47,
            1.26,
            1.65
        ],
        "init_engine": [
            22.68,
            20.27,
            30.61,
            24.0,
            21.37,
            21.54,
            31.19,
            29.87,
            24.54,
            35.08
        ],
        "tokenizer_init": [
            0.21,
            0.68,
            0.09,
            0.09,
            0.29,
            0.26,
            0.25,
            0.26,
            0.16,
            0.16
        ],
        "total_time": [
            36.001443,
            33.946830999999996,
            42.80329400000001,
            34.664981000000004,
            31.389826,
            34.421472,
            43.823269,
            40.030238,
            35.07077399999999,
            46.306020999999994
        ],
        "actual_total_time": [
            37.079,
            35.909,
            43.741,
            35.597,
            32.541,
            35.52,
            44.923,
            41.131,
            36.11,
            47.334
        ]
    }
}