{
    "labels": [
        "output_model_deepseek-r1-distill-llama-8b.txt",
        "output_model_deepseek-r1-distill-qwen-7b.txt",
        "output_model_deepseek-v2-lite-16b.txt",
        "output_model_falcon-7b.txt",
        "output_model_llama2-13b-hf.txt",
        "output_model_llama2-7b-hf.txt",
        "output_model_llama3-3b.txt",
        "output_model_qwen-0.5b.txt",
        "output_model_qwen-14.3b.txt",
        "output_model_qwen-14b.txt",
        "output_model_qwen-1.8b.txt",
        "output_model_qwen-4b.txt",
        "output_model_qwen-7b.txt",
        "output_model_yi-6b.txt",
        "output_model_yi-9b.txt"
    ],
    "data": {
        "detect_platfrom": [
            0.0342,
            0.033800000000000004,
            0.0342,
            0.033800000000000004,
            0.034,
            0.0342,
            0.034,
            0.0342,
            0.034,
            0.034,
            0.034,
            0.033600000000000005,
            0.0342,
            0.034,
            0.034
        ],
        "llm_imports": [
            1.3706,
            1.372,
            1.3811999999999998,
            1.3722,
            1.3674000000000002,
            1.4036000000000002,
            1.3708,
            1.3904,
            1.3788,
            1.3616,
            1.36,
            1.403,
            1.3762,
            1.3776,
            1.366
        ],
        "get_model_info": [
            5.0064,
            5.0264,
            5.050400000000001,
            5.0009999999999994,
            4.9986,
            5.0144,
            4.9992,
            4.9925999999999995,
            5.0546,
            5.006200000000001,
            5.0085999999999995,
            5.006200000000001,
            5.0052,
            5.014799999999999,
            5.006
        ],
        "worker_init": [
            1.4869999999999999,
            1.4996000000000003,
            1.4740000000000002,
            1.4548,
            1.4592000000000003,
            1.4734000000000003,
            1.4786000000000001,
            1.4786,
            1.4842,
            1.4806,
            1.476,
            1.4822000000000002,
            1.4768000000000001,
            1.4658,
            1.4736
        ],
        "framework_bootstrap": [
            7.8982,
            7.9318,
            7.939800000000001,
            7.861800000000001,
            7.8592,
            7.925600000000001,
            7.8826,
            7.8957999999999995,
            7.951599999999999,
            7.8824000000000005,
            7.8786,
            7.925000000000001,
            7.8924,
            7.892199999999999,
            7.879600000000001
        ],
        "load_weights": [
            2.44,
            2.306,
            4.889999999999999,
            4.712,
            10.314,
            5.426,
            2.518,
            0.36000000000000004,
            4.95,
            11.032,
            1.4179999999999997,
            3.2340000000000004,
            5.840000000000001,
            4.790000000000001,
            4.292
        ],
        "model_init": [
            0.16,
            0.128,
            0.178,
            0.11599999999999999,
            0.128,
            0.12,
            0.16,
            0.11000000000000001,
            0.12,
            0.138,
            0.12,
            0.14200000000000002,
            0.132,
            0.122,
            0.14
        ],
        "model_loading": [
            2.6,
            2.434,
            5.067999999999999,
            4.827999999999999,
            10.442,
            5.546,
            2.678,
            0.4700000000000001,
            5.07,
            11.17,
            1.5379999999999998,
            3.3760000000000003,
            5.972,
            4.912000000000001,
            4.4319999999999995
        ],
        "dynamo_transform_time": [
            0,
            0,
            0,
            0,
            0,
            0,
            0,
            0,
            0,
            0,
            0,
            0,
            0,
            0,
            0
        ],
        "graph_compile_general_shape": [
            0,
            0,
            0,
            0,
            0,
            0,
            0,
            0,
            0,
            0,
            0,
            0,
            0,
            0,
            0
        ],
        "graph_compile_cached": [
            0,
            0,
            0,
            0,
            0,
            0,
            0,
            0,
            0,
            0,
            0,
            0,
            0,
            0,
            0
        ],
        "torch.compile": [
            0,
            0,
            0,
            0,
            0,
            0,
            0,
            0,
            0,
            0,
            0,
            0,
            0,
            0,
            0
        ],
        "kv_cache_profiling": [
            0.6839999999999999,
            0.72,
            0.97,
            0.67,
            0.7860000000000001,
            0.728,
            0.654,
            0.674,
            0.942,
            0.784,
            0.6739999999999999,
            0.692,
            0.7219999999999999,
            0.71,
            0.7440000000000001
        ],
        "graph_capturing": [
            1.4860000000000002,
            1.424,
            2.5119999999999996,
            1.1700000000000002,
            1.8519999999999999,
            1.4499999999999997,
            1.376,
            1.258,
            1.892,
            1.908,
            1.2440000000000002,
            1.8060000000000003,
            1.468,
            1.5,
            1.972
        ],
        "init_engine": [
            2.17,
            2.144,
            3.4819999999999993,
            1.8400000000000003,
            2.638,
            2.178,
            2.03,
            1.932,
            2.8339999999999996,
            2.692,
            1.9180000000000001,
            2.498,
            2.19,
            2.21,
            2.716
        ],
        "tokenizer_init": [
            0.37,
            0.328,
            0.21000000000000002,
            0.12,
            0.08399999999999999,
            0.082,
            0.286,
            0.254,
            0.254,
            0.248,
            0.25,
            0.25,
            0.25,
            0.158,
            0.158
        ],
        "total_time": [
            13.0382,
            12.8378,
            16.6998,
            14.649799999999999,
            21.0232,
            15.731600000000004,
            12.8766,
            10.5518,
            16.1096,
            21.9924,
            11.584599999999998,
            14.049000000000003,
            16.3044,
            15.172199999999998,
            15.185599999999999
        ],
        "actual_total_time": [
            14.205841800000002,
            13.9672992,
            17.70375,
            16.215033,
            21.8806788,
            16.589574800000005,
            13.9575352,
            11.589918,
            17.1537324,
            23.035818199999998,
            12.6279478,
            15.088713800000004,
            17.340209,
            16.142829199999998,
            16.1464936
        ]
    }
}