{
    "labels": [
        "output_model_falcon-7b_container.txt",
        "output_model_falcon-7b_default.txt",
        "output_model_llama2-13b-hf_container.txt",
        "output_model_llama2-13b-hf_default.txt",
        "output_model_llama2-7b-hf_container.txt",
        "output_model_llama2-7b-hf_default.txt",
        "output_model_llama3-3b_container.txt",
        "output_model_llama3-3b_default.txt",
        "output_model_qwen-14.3b_container.txt",
        "output_model_qwen-14.3b_default.txt",
        "output_model_qwen-14b_container.txt",
        "output_model_qwen-14b_default.txt",
        "output_model_qwen-1.8b_container.txt",
        "output_model_qwen-1.8b_default.txt",
        "output_model_qwen-7b_container.txt",
        "output_model_qwen-7b_default.txt",
        "output_model_yi-9b_container.txt",
        "output_model_yi-9b_default.txt"
    ],
    "data": {
        "load_weights": [
            1.86,
            1.87,
            3.51,
            3.53,
            1.82,
            1.82,
            0.87,
            0.87,
            4.08,
            4.09,
            3.76,
            3.78,
            0.51,
            0.51,
            2.09,
            2.09,
            2.37,
            2.37
        ],
        "model_init": [
            0.12,
            0.11,
            0.12,
            0.13,
            0.12,
            0.12,
            0.13,
            0.13,
            0.12,
            0.12,
            0.13,
            0.12,
            0.1,
            0.1,
            0.12,
            0.12,
            0.13,
            0.14
        ],
        "model_loading": [
            1.976885,
            1.983852,
            3.636704,
            3.657572,
            1.935318,
            1.935106,
            1.001095,
            1.002415,
            4.202707,
            4.220738,
            3.892328,
            3.913327,
            0.612194,
            0.616959,
            2.209549,
            2.213814,
            2.504325,
            2.512904
        ],
        "dynamo_transform_time": [
            4.2,
            4.51,
            5.68,
            6.57,
            4.49,
            5.16,
            3.92,
            4.55,
            4.0,
            4.57,
            5.85,
            6.8,
            3.55,
            4.07,
            4.63,
            5.24,
            6.61,
            7.63
        ],
        "graph_compile_general_shape": [
            null,
            null,
            null,
            null,
            null,
            null,
            null,
            null,
            null,
            null,
            null,
            null,
            null,
            null,
            null,
            null,
            null,
            null
        ],
        "graph_compile_cached": [
            3.804,
            4.063,
            5.188,
            5.463,
            4.087,
            4.257,
            3.466,
            3.914,
            2.823,
            3.393,
            5.328,
            5.746,
            3.334,
            3.431,
            4.155,
            4.28,
            6.002,
            6.819
        ],
        "torch.compile": [
            4.2,
            4.51,
            5.68,
            6.57,
            4.49,
            5.16,
            3.92,
            4.55,
            4.0,
            4.57,
            5.85,
            6.8,
            3.55,
            4.07,
            4.63,
            5.24,
            6.61,
            7.63
        ],
        "kv_cache_profiling": [
            10.23,
            10.8,
            13.25,
            14.45,
            10.28,
            11.14,
            8.93,
            10.07,
            8.47,
            9.61,
            13.58,
            14.94,
            8.1,
            8.74,
            10.49,
            11.26,
            14.46,
            16.3
        ],
        "graph_capturing": [
            1.18,
            1.15,
            1.47,
            1.47,
            1.11,
            1.13,
            1.04,
            1.02,
            1.56,
            1.52,
            1.53,
            1.5,
            0.94,
            0.93,
            1.13,
            1.14,
            1.49,
            1.47
        ],
        "init_engine": [
            11.85,
            12.4,
            15.2,
            16.43,
            11.85,
            12.74,
            10.43,
            11.56,
            10.48,
            11.6,
            15.59,
            16.93,
            9.49,
            10.13,
            12.08,
            12.87,
            16.45,
            18.28
        ],
        "tokenizer_init": [
            0.12,
            0.12,
            0.09,
            0.08,
            0.09,
            0.08,
            0.28,
            0.29,
            0.25,
            0.25,
            0.25,
            0.25,
            0.25,
            0.25,
            0.25,
            0.25,
            0.16,
            0.16
        ],
        "total_time": [
            13.946884999999998,
            14.503852,
            18.926703999999997,
            20.167572,
            13.875318,
            14.755106,
            11.711094999999998,
            12.852415,
            14.932707,
            16.070738,
            19.732328,
            21.093327,
            10.352194,
            10.996959,
            14.539549000000001,
            15.333814,
            19.114325,
            20.952904
        ],
        "actual_total_time": [
            22.2,
            22.59,
            26.39,
            27.46,
            21.36,
            22.04,
            19.43,
            20.36,
            22.53,
            23.62,
            27.25,
            28.58,
            17.91,
            18.46,
            22.05,
            22.8,
            26.68,
            28.35
        ]
    }
}