{
    "labels": [
        "output_model_llama3-3b_default.txt",
        "output_model_llama3-3b_torch2.5.1.txt",
        "output_model_llama3-3b_torch2.6.0.txt",
        "output_model_qwen-4b_default.txt",
        "output_model_qwen-4b_torch2.5.1.txt",
        "output_model_qwen-4b_torch2.6.0.txt",
        "output_model_yi-9b_default.txt",
        "output_model_yi-9b_torch2.5.1.txt",
        "output_model_yi-9b_torch2.6.0.txt"
    ],
    "data": {
        "load_weights": [
            0.87,
            0.87,
            0.86,
            1.07,
            1.07,
            1.07,
            2.36,
            2.36,
            2.36
        ],
        "model_init": [
            0.13,
            0.13,
            0.13,
            0.12,
            0.12,
            0.12,
            0.13,
            0.13,
            0.14
        ],
        "model_loading": [
            1.000703,
            1.006531,
            0.997594,
            1.195632,
            1.193046,
            1.193967,
            2.497478,
            2.49685,
            2.498425
        ],
        "dynamo_transform_time": [
            4.55,
            4.83,
            4.56,
            6.7,
            6.59,
            6.59,
            7.65,
            7.64,
            7.94
        ],
        "graph_compile_general_shape": [
            null,
            null,
            null,
            null,
            null,
            null,
            null,
            null,
            null
        ],
        "graph_compile_cached": [
            3.915,
            4.168,
            3.947,
            5.331,
            5.349,
            5.326,
            6.771,
            6.747,
            6.99
        ],
        "torch.compile": [
            4.55,
            4.83,
            4.56,
            6.7,
            6.59,
            6.59,
            7.65,
            7.64,
            7.94
        ],
        "kv_cache_profiling": [
            10.03,
            10.52,
            10.01,
            13.65,
            13.53,
            13.5,
            16.25,
            16.19,
            16.74
        ],
        "graph_capturing": [
            1.02,
            1.01,
            1.0,
            1.29,
            1.29,
            1.27,
            1.47,
            1.46,
            1.45
        ],
        "init_engine": [
            11.51,
            11.95,
            11.43,
            15.42,
            15.27,
            15.22,
            18.23,
            18.12,
            18.66
        ],
        "tokenizer_init": [
            0.28,
            0.28,
            0.29,
            0.25,
            0.24,
            0.25,
            0.16,
            0.16,
            0.16
        ],
        "total_time": [
            12.790702999999999,
            13.236531,
            12.717593999999998,
            16.865632,
            16.703045999999997,
            16.663967,
            20.887478,
            20.77685,
            21.318425
        ],
        "actual_total_time": [
            20.32,
            20.25,
            19.72,
            24.37,
            23.71,
            23.64,
            28.23,
            27.65,
            28.22
        ]
    }
}