{
    "labels": [
        "output_model_llama3-3b_default.txt",
        "output_model_llama3-3b_torch2.5.1.txt",
        "output_model_llama3-3b_torch2.6.0.txt",
        "output_model_qwen-4b_default.txt",
        "output_model_qwen-4b_torch2.5.1.txt",
        "output_model_qwen-4b_torch2.6.0.txt",
        "output_model_yi-9b_default.txt",
        "output_model_yi-9b_torch2.5.1.txt",
        "output_model_yi-9b_torch2.6.0.txt"
    ],
    "data": {
        "detect_platform": [
            0.0,
            0.0,
            0.0,
            0.0,
            0.0,
            0.0,
            0.0,
            0.0,
            0.0
        ],
        "llm_imports": [
            2.0,
            1.0,
            1.0,
            1.0,
            1.0,
            2.0,
            1.0,
            1.0,
            1.0
        ],
        "get_model_info": [
            5.0,
            5.0,
            4.0,
            5.0,
            5.0,
            4.0,
            5.0,
            5.0,
            5.0
        ],
        "worker_init": [
            1.0,
            2.0,
            1.0,
            1.0,
            2.0,
            2.0,
            2.0,
            1.0,
            1.0
        ],
        "framework_bootstrap": [
            8.0,
            8.0,
            6.0,
            7.0,
            8.0,
            8.0,
            8.0,
            7.0,
            7.0
        ],
        "load_weights": [
            0.87,
            0.87,
            0.86,
            1.07,
            1.07,
            1.07,
            2.36,
            2.36,
            2.36
        ],
        "model_init": [
            0.13,
            0.13,
            0.13,
            0.12,
            0.12,
            0.12,
            0.13,
            0.13,
            0.14
        ],
        "model_loading": [
            1.000703,
            1.006531,
            0.997594,
            1.195632,
            1.193046,
            1.193967,
            2.497478,
            2.49685,
            2.498425
        ],
        "dynamo_transform_time": [
            4.55,
            4.83,
            4.56,
            6.7,
            6.59,
            6.59,
            7.65,
            7.64,
            7.94
        ],
        "graph_compile_general_shape": [
            null,
            null,
            null,
            null,
            null,
            null,
            null,
            null,
            null
        ],
        "graph_compile_cached": [
            3.915,
            4.168,
            3.947,
            5.331,
            5.349,
            5.326,
            6.771,
            6.747,
            6.99
        ],
        "torch.compile": [
            4.55,
            4.83,
            4.56,
            6.7,
            6.59,
            6.59,
            7.65,
            7.64,
            7.94
        ],
        "kv_cache_profiling": [
            1.5649999999999995,
            1.5219999999999985,
            1.5030000000000001,
            1.6189999999999998,
            1.5909999999999993,
            1.5839999999999996,
            1.8290000000000006,
            1.8030000000000008,
            1.8099999999999987
        ],
        "graph_capturing": [
            1.02,
            1.01,
            1.0,
            1.29,
            1.29,
            1.27,
            1.47,
            1.46,
            1.45
        ],
        "init_engine": [
            11.51,
            11.95,
            11.43,
            15.42,
            15.27,
            15.22,
            18.23,
            18.12,
            18.66
        ],
        "tokenizer_init": [
            0.28,
            0.28,
            0.29,
            0.25,
            0.24,
            0.25,
            0.16,
            0.16,
            0.16
        ],
        "total_time": [
            20.790703,
            21.236531,
            18.717594,
            23.865631999999998,
            24.703045999999997,
            24.663967,
            28.887478,
            27.77685,
            28.318425
        ],
        "actual_total_time": [
            22.0,
            21.0,
            21.0,
            26.0,
            25.0,
            25.0,
            30.0,
            29.0,
            29.0
        ]
    }
}