{
    "labels": [
        "output_model_llama2-7b-hf_cuda-graph-sizes_1.txt",
        "output_model_llama2-7b-hf_cuda-graph-sizes_56.txt",
        "output_model_llama2-7b-hf_cuda-graph-sizes_136.txt",
        "output_model_llama2-7b-hf_cuda-graph-sizes_216.txt",
        "output_model_llama2-7b-hf_cuda-graph-sizes_296.txt",
        "output_model_llama2-7b-hf_cuda-graph-sizes_376.txt",
        "output_model_llama2-7b-hf_cuda-graph-sizes_456.txt"
    ],
    "data": {
        "detect_platfrom": [
            0.034,
            0.0344,
            0.0342,
            0.0342,
            0.034,
            0.034,
            0.0342
        ],
        "llm_imports": [
            1.3952,
            1.373,
            1.3943999999999999,
            1.3678,
            1.3734,
            1.3674,
            1.3822
        ],
        "get_model_info": [
            5.014799999999999,
            5.0168,
            5.023,
            5.0238,
            5.0196,
            5.025799999999999,
            5.013199999999999
        ],
        "worker_init": [
            1.4694,
            1.4804,
            1.4731999999999998,
            1.489,
            1.476,
            1.4884,
            1.479
        ],
        "framework_bootstrap": [
            7.913399999999999,
            7.9046,
            7.924799999999999,
            7.9148,
            7.903,
            7.9155999999999995,
            7.9086
        ],
        "load_weights": [
            1.858,
            1.8539999999999999,
            1.846,
            1.8519999999999999,
            1.8519999999999999,
            1.858,
            1.85
        ],
        "model_init": [
            0.12,
            0.12,
            0.12,
            0.12,
            0.12,
            0.12,
            0.12
        ],
        "model_loading": [
            1.9780000000000002,
            1.9739999999999998,
            1.9660000000000002,
            1.972,
            1.972,
            1.9780000000000002,
            1.9700000000000002
        ],
        "dynamo_transform_time": [
            5.108,
            5.002000000000001,
            4.946,
            5.014,
            4.989999999999999,
            4.986,
            5.018000000000001
        ],
        "graph_compile_general_shape": [
            null,
            null,
            null,
            null,
            null,
            null,
            null
        ],
        "graph_compile_cached": [
            4.4106000000000005,
            4.311400000000001,
            4.2438,
            4.3844,
            4.295,
            4.319,
            4.349600000000001
        ],
        "torch.compile": [
            5.108,
            5.002000000000001,
            4.946,
            5.014,
            4.989999999999999,
            4.986,
            5.018000000000001
        ],
        "kv_cache_profiling": [
            11.25,
            11.042000000000002,
            10.908,
            11.128,
            11.014,
            11.030000000000001,
            11.094000000000001
        ],
        "graph_capturing": [
            0.33,
            0.488,
            0.732,
            0.982,
            1.252,
            1.5059999999999998,
            1.8039999999999998
        ],
        "init_engine": [
            11.58,
            11.530000000000001,
            11.639999999999999,
            12.11,
            12.266,
            12.536000000000001,
            12.898000000000001
        ],
        "tokenizer_init": [
            0.09,
            0.09,
            0.086,
            0.09,
            0.09,
            0.08800000000000001,
            0.09
        ],
        "total_time": [
            21.5614,
            21.4986,
            21.616799999999998,
            22.0868,
            22.230999999999998,
            22.5176,
            22.866600000000002
        ],
        "actual_total_time": [
            22.411039,
            22.350754,
            22.4659744,
            22.941193000000002,
            23.0826294,
            23.373203000000004,
            23.7168122
        ]
    }
}