{
    "labels": [
        "output_model_falcon-7b.txt",
        "output_model_llama2-13b-hf.txt",
        "output_model_llama2-7b-hf.txt",
        "output_model_llama3-3b.txt",
        "output_model_qwen-0.5b.txt",
        "output_model_qwen-1.8b.txt",
        "output_model_qwen-14b.txt",
        "output_model_qwen-4b.txt",
        "output_model_qwen-7b.txt",
        "output_model_yi-6b.txt",
        "output_model_yi-9b.txt"
    ],
    "data": {
        "load_weights": [
            8.05,
            14.46,
            11.0,
            3.59,
            1.55,
            2.22,
            15.4,
            4.42,
            10.94,
            7.21,
            9.7
        ],
        "model_init": [
            0.23,
            0.24,
            0.23,
            0.26,
            0.21,
            0.21,
            0.25,
            0.24,
            0.23,
            0.22,
            0.25
        ],
        "model_loading": [
            8.291233,
            14.712138,
            11.242087,
            3.851638,
            1.764353,
            2.431967,
            15.660024,
            4.665653,
            11.174231,
            7.444298,
            9.959715
        ],
        "dynamo_transform_time": [
            7.89,
            10.76,
            9.07,
            8.35,
            7.33,
            7.22,
            10.77,
            10.95,
            9.12,
            8.81,
            12.47
        ],
        "graph_compile_general_shape": [
            32.32,
            42.37,
            33.81,
            33.29,
            26.32,
            28.06,
            43.31,
            48.61,
            34.67,
            34.34,
            47.76
        ],
        "graph_compile_cached": [
            null,
            null,
            null,
            null,
            null,
            null,
            null,
            null,
            null,
            null,
            null
        ],
        "torch.compile": [
            40.2,
            53.13,
            42.88,
            41.64,
            33.65,
            35.28,
            54.08,
            59.55,
            43.79,
            43.15,
            60.23
        ],
        "kv_cache_profiling": [
            53.52,
            70.11,
            53.62,
            51.2,
            40.45,
            42.27,
            72.08,
            75.03,
            55.15,
            54.22,
            79.51
        ],
        "graph_capturing": [
            23.84,
            27.4,
            24.19,
            22.38,
            19.12,
            20.66,
            27.24,
            24.5,
            23.75,
            23.87,
            27.49
        ],
        "kv_cache_init": [
            0.01,
            0.01,
            0.01,
            0.01,
            0.01,
            0.01,
            0.01,
            0.01,
            0.01,
            0.01,
            0.01
        ],
        "init_engine": [
            77.83,
            98.04,
            78.29,
            74.08,
            60.01,
            63.41,
            99.84,
            100.04,
            79.39,
            78.57,
            107.54
        ],
        "tokenizer_init": [
            0.21,
            0.12,
            0.14,
            0.45,
            0.39,
            0.37,
            0.38,
            0.4,
            0.4,
            0.24,
            0.24
        ],
        "total_time": [
            86.331233,
            112.872138,
            89.672087,
            78.381638,
            62.164353,
            66.211967,
            115.88002399999999,
            105.10565300000002,
            90.96423100000001,
            86.25429799999999,
            117.739715
        ],
        "actual_total_time": [
            100.92,
            127.53,
            104.24,
            93.36,
            77.06,
            80.93,
            130.6,
            120.09,
            105.73,
            101.41,
            132.47
        ]
    }
}