{
    "labels": [
        "output_model_falcon-7b.txt",
        "output_model_llama2-13b-hf.txt",
        "output_model_llama2-7b-hf.txt",
        "output_model_llama3-3b.txt",
        "output_model_qwen-0.5b.txt",
        "output_model_qwen-14b_max_model_len_16752.txt",
        "output_model_qwen-1.8b.txt",
        "output_model_qwen-4b.txt",
        "output_model_qwen-7b.txt",
        "output_model_yi-6b.txt",
        "output_model_yi-9b.txt"
    ],
    "data": {
        "detect_platfrom": [
            0.046,
            0.046,
            0.046,
            0.046,
            0.046,
            0.046,
            0.046,
            0.046,
            0.046,
            0.046,
            0.046
        ],
        "llm_imports": [
            1.315,
            1.31,
            1.312,
            1.317,
            1.32,
            1.314,
            1.316,
            1.304,
            1.322,
            1.326,
            1.308
        ],
        "get_model_info": [
            4.731,
            4.685,
            4.675,
            4.735,
            4.682,
            4.679,
            4.656,
            4.68,
            4.673,
            4.67,
            4.683
        ],
        "worker_init": [
            1.583,
            1.538,
            1.56,
            1.551,
            1.575,
            1.53,
            1.552,
            1.572,
            1.552,
            1.534,
            1.533
        ],
        "framework_bootstrap": [
            7.675,
            7.579,
            7.593,
            7.649000000000001,
            7.623,
            7.569000000000001,
            7.57,
            7.601999999999999,
            7.593,
            7.576,
            7.57
        ],
        "load_weights": [
            28.94,
            56.65,
            29.25,
            13.83,
            2.03,
            3.73,
            7.96,
            17.13,
            33.32,
            26.33,
            38.21
        ],
        "model_init": [
            0.11,
            0.12,
            0.11,
            0.12,
            0.09,
            0.12,
            0.1,
            0.12,
            0.11,
            0.11,
            0.13
        ],
        "model_loading": [
            29.054458,
            56.779861,
            29.369691,
            13.953378,
            2.124579,
            3.860723,
            8.063898,
            17.253052,
            33.439447,
            26.448257,
            38.340865
        ],
        "dynamo_transform_time": [
            4.51,
            6.49,
            5.11,
            4.57,
            4.19,
            6.8,
            4.06,
            6.68,
            5.27,
            5.09,
            7.63
        ],
        "graph_compile_general_shape": [
            null,
            null,
            null,
            null,
            null,
            null,
            null,
            null,
            null,
            null,
            null
        ],
        "graph_compile_cached": [
            3.978,
            5.308,
            4.259,
            3.953,
            3.558,
            5.587,
            3.439,
            5.344,
            4.269,
            4.477,
            6.756
        ],
        "torch.compile": [
            4.51,
            6.49,
            5.11,
            4.57,
            4.19,
            6.8,
            4.06,
            6.68,
            5.27,
            5.09,
            7.63
        ],
        "kv_cache_profiling": [
            1.6920000000000002,
            1.8320000000000007,
            1.7710000000000008,
            1.5670000000000002,
            1.2220000000000004,
            1.8529999999999998,
            1.2510000000000003,
            1.6659999999999986,
            1.8209999999999997,
            1.8130000000000006,
            2.0040000000000013
        ],
        "graph_capturing": [
            1.48,
            2.34,
            1.47,
            0.99,
            0.64,
            2.35,
            0.73,
            1.19,
            1.52,
            1.4,
            1.99
        ],
        "init_engine": [
            12.12,
            16.48,
            13.09,
            11.53,
            10.05,
            17.09,
            9.92,
            15.36,
            13.36,
            13.25,
            18.9
        ],
        "tokenizer_init": [
            0.12,
            0.09,
            0.09,
            0.3,
            0.26,
            0.24,
            0.26,
            0.26,
            0.27,
            0.16,
            0.16
        ],
        "total_time": [
            48.969457999999996,
            80.928861,
            50.142691,
            33.432378,
            20.057579,
            28.759722999999997,
            25.813898000000002,
            40.475052,
            54.66244700000001,
            47.434256999999995,
            64.970865
        ],
        "actual_total_time": [
            50.181,
            81.757,
            50.963,
            34.465,
            21.069,
            29.753,
            26.808,
            41.469,
            55.665,
            48.35,
            65.881
        ]
    }
}