{
    "labels": [
        "output_model_falcon-7b.txt",
        "output_model_llama2-13b-hf.txt",
        "output_model_llama2-7b-hf.txt",
        "output_model_llama3-3b.txt",
        "output_model_qwen-0.5b.txt",
        "output_model_qwen-14b.txt",
        "output_model_qwen-1.8b.txt",
        "output_model_qwen-4b.txt",
        "output_model_qwen-7b.txt",
        "output_model_yi-6b.txt",
        "output_model_yi-9b.txt"
    ],
    "data": {
        "load_weights": [
            1.79,
            3.13,
            1.67,
            0.81,
            0.14,
            4.29,
            0.49,
            1.0,
            1.9,
            1.5,
            2.18
        ],
        "model_init": [
            0.1,
            0.1,
            0.09,
            0.11,
            0.08,
            0.1,
            0.08,
            0.1,
            0.09,
            0.09,
            0.11
        ],
        "model_loading": [
            2.561769,
            3.762892,
            2.379251,
            1.63176,
            0.76199,
            4.945742,
            1.205259,
            1.710467,
            2.534256,
            2.137725,
            2.823865
        ],
        "dynamo_transform_time": [
            3.74,
            5.28,
            4.36,
            3.67,
            3.3,
            5.39,
            3.28,
            5.39,
            4.5,
            4.39,
            6.23
        ],
        "graph_compile_general_shape": [
            null,
            null,
            null,
            null,
            null,
            18.72,
            null,
            null,
            null,
            null,
            null
        ],
        "graph_compile_cached": [
            2.681,
            3.802,
            2.956,
            2.69,
            2.236,
            null,
            2.239,
            3.833,
            3.081,
            3.149,
            4.756
        ],
        "torch.compile": [
            3.74,
            5.28,
            4.36,
            3.67,
            3.3,
            24.11,
            3.28,
            5.39,
            4.5,
            4.39,
            6.23
        ],
        "kv_cache_profiling": [
            7.97,
            10.76,
            8.72,
            7.8,
            6.87,
            36.37,
            6.86,
            10.73,
            8.99,
            8.91,
            13.01
        ],
        "graph_capturing": [
            1.34,
            2.18,
            1.35,
            0.87,
            0.52,
            2.27,
            0.63,
            1.04,
            1.37,
            1.24,
            1.78
        ],
        "init_engine": [
            9.65,
            13.32,
            10.41,
            8.99,
            7.7,
            39.06,
            7.8,
            12.11,
            10.7,
            10.5,
            15.17
        ],
        "tokenizer_init": [
            0.38,
            0.34,
            0.34,
            0.53,
            0.53,
            0.54,
            0.53,
            0.52,
            0.51,
            0.43,
            0.43
        ],
        "total_time": [
            12.591769000000001,
            17.422892,
            13.129251,
            11.15176,
            8.99199,
            44.545742000000004,
            9.535259,
            14.340466999999999,
            13.744255999999998,
            13.067725,
            18.423865
        ],
        "actual_total_time": [
            21.44,
            25.09,
            20.76,
            19.08,
            16.97,
            52.73,
            17.54,
            22.28,
            21.6,
            20.96,
            26.34
        ]
    }
}