{
    "labels": [
        "output_model_falcon-7b.txt",
        "output_model_llama2-13b-hf.txt",
        "output_model_llama2-7b-hf.txt",
        "output_model_llama3-3b.txt",
        "output_model_qwen-0.5b.txt",
        "output_model_qwen-14b.txt",
        "output_model_qwen-1.8b.txt",
        "output_model_qwen-4b.txt",
        "output_model_qwen-7b.txt",
        "output_model_yi-6b.txt",
        "output_model_yi-9b.txt"
    ],
    "data": {
        "load_weights": [
            2.04,
            3.18,
            1.67,
            0.81,
            0.14,
            3.51,
            0.48,
            1.03,
            1.93,
            1.49,
            2.2
        ],
        "model_init": [
            0.09,
            0.1,
            0.09,
            0.1,
            0.08,
            0.1,
            0.08,
            0.1,
            0.09,
            0.09,
            0.11
        ],
        "model_loading": [
            2.816656,
            3.836766,
            2.323482,
            1.498036,
            0.740394,
            4.210228,
            1.209647,
            1.693145,
            2.533011,
            2.132014,
            2.848555
        ],
        "dynamo_transform_time": [
            3.7,
            5.29,
            4.37,
            3.72,
            3.29,
            5.35,
            3.3,
            5.41,
            4.49,
            4.31,
            6.21
        ],
        "graph_compile_general_shape": [
            13.26,
            18.12,
            14.76,
            13.91,
            11.97,
            18.4,
            12.0,
            18.44,
            15.13,
            15.14,
            21.56
        ],
        "graph_compile_cached": [
            null,
            null,
            null,
            null,
            null,
            null,
            null,
            null,
            null,
            null,
            null
        ],
        "torch.compile": [
            16.96,
            23.42,
            19.13,
            17.62,
            15.26,
            23.75,
            15.3,
            23.85,
            19.61,
            19.45,
            27.77
        ],
        "kv_cache_profiling": [
            28.16,
            35.61,
            28.6,
            27.07,
            21.36,
            35.98,
            21.81,
            34.37,
            29.1,
            30.36,
            43.91
        ],
        "graph_capturing": [
            1.4,
            2.24,
            1.4,
            0.94,
            0.59,
            null,
            0.68,
            1.11,
            1.43,
            1.3,
            1.86
        ],
        "init_engine": [
            29.95,
            38.26,
            30.38,
            28.37,
            22.3,
            null,
            22.83,
            35.87,
            30.94,
            32.03,
            46.19
        ],
        "tokenizer_init": [
            0.39,
            0.7,
            0.58,
            0.98,
            0.88,
            1.64,
            0.95,
            0.9,
            1.01,
            0.89,
            0.81
        ],
        "total_time": [
            33.156656,
            42.796766,
            33.283482,
            30.848036,
            23.920393999999998,
            5.8502279999999995,
            24.989646999999998,
            38.463145,
            34.483011,
            35.052014,
            49.848555
        ],
        "actual_total_time": [
            41.44,
            50.57,
            41.08,
            39.03,
            31.85,
            0,
            33.26,
            46.62,
            42.39,
            44.34,
            57.66
        ]
    }
}