{
    "labels": [
        "output_model_deepseek-r1-distill-llama-8b.txt",
        "output_model_deepseek-r1-distill-qwen-7b.txt",
        "output_model_falcon-11b.txt",
        "output_model_falcon-7b.txt",
        "output_model_gemma-7b.txt",
        "output_model_granite3.3-8b-instruct.txt",
        "output_model_llama2-13b-hf.txt",
        "output_model_llama2-7b-hf.txt",
        "output_model_llama3-3b.txt",
        "output_model_mistral-7b.txt",
        "output_model_qwen-0.5b.txt",
        "output_model_qwen-14b.txt",
        "output_model_qwen-1.8b.txt",
        "output_model_qwen-4b.txt",
        "output_model_qwen-7b.txt",
        "output_model_yi-6b.txt",
        "output_model_yi-9b.txt"
    ],
    "data": {
        "detect_platform": [
            0.034800000000000005,
            0.035,
            0.034,
            0.034800000000000005,
            0.034,
            0.0352,
            0.0342,
            0.0342,
            0.034,
            0.034,
            0.0342,
            0.034,
            0.0342,
            0.034,
            0.0342,
            0.0352,
            0.036000000000000004
        ],
        "llm_imports": [
            1.3715999999999997,
            1.3584,
            1.3696,
            1.3641999999999999,
            1.3661999999999999,
            1.3776,
            1.3814000000000002,
            1.3708000000000002,
            1.3766,
            1.3638000000000001,
            1.3736,
            1.3648000000000002,
            1.366,
            1.384,
            1.3694,
            1.3688000000000002,
            1.3821999999999999
        ],
        "get_model_info": [
            4.8936,
            4.9104,
            4.8656,
            4.879,
            4.8634,
            4.9076,
            4.877800000000001,
            4.872400000000001,
            4.8912,
            4.8568,
            4.9018,
            4.905800000000001,
            4.8964,
            4.897,
            4.9002,
            4.9,
            4.900799999999999
        ],
        "worker_init": [
            1.6782,
            1.6603999999999999,
            1.6405999999999998,
            1.6516000000000002,
            1.672,
            1.6684,
            1.6418,
            1.6516000000000002,
            1.6606,
            1.6350000000000002,
            1.6682000000000001,
            1.6722000000000001,
            1.6631999999999998,
            1.6639999999999997,
            1.6658000000000002,
            1.7060000000000002,
            1.6381999999999999
        ],
        "framework_bootstrap": [
            7.978199999999999,
            7.9642,
            7.9098,
            7.9296,
            7.9356,
            7.9888,
            7.935200000000001,
            7.929000000000001,
            7.962400000000001,
            7.8896,
            7.9778,
            7.976800000000002,
            7.9597999999999995,
            7.979,
            7.9696,
            8.01,
            7.9571999999999985
        ],
        "load_weights": [
            2.276,
            2.1420000000000003,
            3.7599999999999993,
            2.234,
            2.3519999999999994,
            2.336,
            3.7399999999999998,
            4.232,
            2.694,
            2.026,
            0.372,
            8.106,
            0.6760000000000002,
            1.206,
            2.632,
            1.86,
            3.808
        ],
        "model_init": [
            0.164,
            0.13,
            0.15,
            0.128,
            0.126,
            0.148,
            0.132,
            0.122,
            0.16,
            0.124,
            0.118,
            0.15,
            0.128,
            0.14200000000000002,
            0.138,
            0.132,
            0.15000000000000002
        ],
        "model_loading": [
            2.44,
            2.2720000000000002,
            3.9099999999999993,
            2.362,
            2.4779999999999993,
            2.484,
            3.872,
            4.354,
            2.854,
            2.15,
            0.49,
            8.256,
            0.8040000000000002,
            1.3479999999999999,
            2.77,
            1.992,
            3.9579999999999997
        ],
        "dynamo_transform_time": [
            5.32,
            4.699999999999999,
            8.626,
            4.634,
            4.69,
            6.372,
            6.788000000000001,
            5.206,
            4.682,
            5.212,
            4.148000000000001,
            6.7459999999999996,
            4.136,
            6.840000000000001,
            5.354,
            5.202,
            7.720000000000001
        ],
        "graph_compile_general_shape": [
            null,
            null,
            null,
            null,
            null,
            null,
            null,
            null,
            null,
            null,
            null,
            null,
            null,
            null,
            null,
            null,
            null
        ],
        "graph_compile_cached": [
            4.7676,
            3.9856000000000003,
            7.800800000000001,
            4.1739999999999995,
            3.6296,
            5.555400000000001,
            5.7476,
            4.353199999999999,
            4.074599999999999,
            4.5572,
            3.4269999999999996,
            5.5946,
            3.5120000000000005,
            5.522399999999999,
            4.42,
            4.6298,
            6.8148
        ],
        "torch.compile": [
            5.32,
            4.699999999999999,
            8.626,
            4.634,
            4.69,
            6.372,
            6.788000000000001,
            5.206,
            4.682,
            5.212,
            4.148000000000001,
            6.7459999999999996,
            4.136,
            6.840000000000001,
            5.354,
            5.202,
            7.720000000000001
        ],
        "kv_cache_profiling": [
            1.7443999999999993,
            1.6823999999999995,
            2.093200000000001,
            2.2920000000000007,
            1.6783999999999994,
            1.7205999999999992,
            2.4503999999999992,
            1.7848000000000002,
            1.6294000000000004,
            1.7428000000000001,
            1.2770000000000004,
            2.463400000000001,
            1.3,
            1.6815999999999995,
            1.7839999999999994,
            1.7722000000000002,
            1.9052
        ],
        "graph_capturing": [
            1.182,
            1.17,
            1.6919999999999997,
            1.1519999999999997,
            1.188,
            1.346,
            1.462,
            1.1120000000000003,
            1.026,
            1.186,
            0.9339999999999999,
            1.52,
            0.932,
            1.3059999999999998,
            1.138,
            1.138,
            1.49
        ],
        "init_engine": [
            13.014,
            11.537999999999998,
            20.212000000000003,
            12.252,
            11.186,
            14.994,
            16.448,
            12.456,
            11.411999999999999,
            12.698,
            9.786000000000001,
            16.323999999999998,
            9.88,
            15.349999999999998,
            12.695999999999998,
            12.742,
            17.93
        ],
        "tokenizer_init": [
            0.404,
            0.346,
            0.09,
            0.122,
            0.66,
            0.1,
            0.086,
            0.09,
            0.296,
            0.07,
            0.254,
            0.252,
            0.258,
            0.256,
            0.26,
            0.166,
            0.166
        ],