{
    "labels": [
        "output_model_falcon-7b.txt",
        "output_model_llama2-13b-hf.txt",
        "output_model_llama2-7b-hf.txt",
        "output_model_llama3-3b.txt",
        "output_model_qwen-0.5b.txt",
        "output_model_qwen-14b.txt",
        "output_model_qwen-1.8b.txt",
        "output_model_qwen-4b.txt",
        "output_model_qwen-7b.txt",
        "output_model_yi-6b.txt",
        "output_model_yi-9b.txt",
        "output_model_deepseek-r1-distill-llama-8b.txt",
        "output_model_deepseek-r1-distill-qwen-7b.txt",
        "output_model_granite3.3-8b-instruct.txt"
    ],
    "data": {
        "detect_platfrom": [
            0.034800000000000005,
            0.0342,
            0.0342,
            0.034,
            0.0342,
            0.034,
            0.0342,
            0.034,
            0.0342,
            0.0352,
            0.036000000000000004,
            0.034800000000000005,
            0.035,
            0.0352
        ],
        "llm_imports": [
            1.3641999999999999,
            1.3814000000000002,
            1.3708000000000002,
            1.3766,
            1.3736,
            1.3648000000000002,
            1.366,
            1.384,
            1.3694,
            1.3688000000000002,
            1.3821999999999999,
            1.3715999999999997,
            1.3584,
            1.3776
        ],
        "get_model_info": [
            4.879,
            4.877800000000001,
            4.872400000000001,
            4.8912,
            4.9018,
            4.905800000000001,
            4.8964,
            4.897,
            4.9002,
            4.9,
            4.900799999999999,
            4.8936,
            4.9104,
            4.9076
        ],
        "worker_init": [
            1.6516000000000002,
            1.6418,
            1.6516000000000002,
            1.6606,
            1.6682000000000001,
            1.6722000000000001,
            1.6631999999999998,
            1.6639999999999997,
            1.6658000000000002,
            1.7060000000000002,
            1.6381999999999999,
            1.6782,
            1.6603999999999999,
            1.6684
        ],
        "framework_bootstrap": [
            7.9296,
            7.935200000000001,
            7.929000000000001,
            7.962400000000001,
            7.9778,
            7.976800000000002,
            7.9597999999999995,
            7.979,
            7.9696,
            8.01,
            7.9571999999999985,
            7.978199999999999,
            7.9642,
            7.9888
        ],
        "load_weights": [
            2.234,
            3.7399999999999998,
            4.232,
            2.694,
            0.372,
            8.106,
            0.6760000000000002,
            1.206,
            2.632,
            1.86,
            3.808,
            2.276,
            2.1420000000000003,
            2.336
        ],
        "model_init": [
            0.128,
            0.132,
            0.122,
            0.16,
            0.118,
            0.15,
            0.128,
            0.14200000000000002,
            0.138,
            0.132,
            0.15000000000000002,
            0.164,
            0.13,
            0.148
        ],
        "model_loading": [
            2.362,
            3.872,
            4.354,
            2.854,
            0.49,
            8.256,
            0.8040000000000002,
            1.3479999999999999,
            2.77,
            1.992,
            3.9579999999999997,
            2.44,
            2.2720000000000002,
            2.484
        ],
        "dynamo_transform_time": [
            4.634,
            6.788000000000001,
            5.206,
            4.682,
            4.148000000000001,
            6.7459999999999996,
            4.136,
            6.840000000000001,
            5.354,
            5.202,
            7.720000000000001,
            5.32,
            4.699999999999999,
            6.372
        ],
        "graph_compile_general_shape": [
            null,
            null,
            null,
            null,
            null,
            null,
            null,
            null,
            null,
            null,
            null,
            null,
            null,
            null
        ],
        "graph_compile_cached": [
            4.1739999999999995,
            5.7476,
            4.353199999999999,
            4.074599999999999,
            3.4269999999999996,
            5.5946,
            3.5120000000000005,
            5.522399999999999,
            4.42,
            4.6298,
            6.8148,
            4.7676,
            3.9856000000000003,
            5.555400000000001
        ],
        "torch.compile": [
            4.634,
            6.788000000000001,
            5.206,
            4.682,
            4.148000000000001,
            6.7459999999999996,
            4.136,
            6.840000000000001,
            5.354,
            5.202,
            7.720000000000001,
            5.32,
            4.699999999999999,
            6.372
        ],
        "kv_cache_profiling": [
            11.100000000000001,
            14.986,
            11.344000000000001,
            10.386,
            8.852,
            14.803999999999998,
            8.948,
            14.044,
            11.558,
            11.604000000000001,
            16.44,
            11.831999999999999,
            10.367999999999999,
            13.648
        ],
        "graph_capturing": [
            1.1519999999999997,
            1.462,
            1.1120000000000003,
            1.026,
            0.9339999999999999,
            1.52,
            0.932,
            1.3059999999999998,
            1.138,
            1.138,
            1.49,
            1.182,
            1.17,
            1.346
        ],
        "init_engine": [
            12.252,
            16.448,
            12.456000000000001,
            11.411999999999999,
            9.786,
            16.323999999999998,
            9.88,
            15.35,
            12.696,
            12.742,
            17.93,
            13.014,
            11.537999999999998,
            14.994
        ],
        "tokenizer_init": [
            0.122,
            0.086,
            0.09,
            0.296,
            0.254,
            0.252,
            0.258,
            0.256,
            0.26,
            0.166,
            0.166,
            0.404,
            0.346,
            0.1
        ],
        "total_time": [
            22.665599999999998,
            28.3412,
            24.829000000000004,
            22.5244,
            18.5078,
            32.8088,
            18.901799999999998,
            24.933,
            23.695600000000002,
            22.91,
            30.0112,
            23.836199999999998,
            22.1202,
            25.5668
        ],
        "actual_total_time": [
            24.322000599999996,
            29.2021818,
            25.686878800000006,
            23.624227,
            19.558329399999998,
            33.8599368,
            19.951364799999997,
            25.975357,
            24.738688800000002,
            23.877664199999998,
            30.962848800000003,
            25.017822999999996,
            23.2591618,
            26.4559604
        ]
    }
}