{
    "labels": [
        "output_model_falcon-7b.txt",
        "output_model_llama2-13b-hf.txt",
        "output_model_llama2-7b-hf.txt",
        "output_model_llama3-3b.txt",
        "output_model_qwen-0.5b.txt",
        "output_model_qwen-14b.txt",
        "output_model_qwen-1.8b.txt",
        "output_model_qwen-4b.txt",
        "output_model_qwen-7b.txt",
        "output_model_yi-6b.txt",
        "output_model_yi-9b.txt"
    ],
    "data": {
        "detect_platform": [
            0.0,
            0.0,
            0.0,
            0.0,
            0.0,
            0.0,
            0.0,
            0.0,
            1.0,
            0.0,
            0.0
        ],
        "llm_imports": [
            2.0,
            1.0,
            2.0,
            2.0,
            2.0,
            2.0,
            2.0,
            1.0,
            1.0,
            1.0,
            1.0
        ],
        "get_model_info": [
            7.0,
            7.0,
            7.0,
            7.0,
            6.0,
            7.0,
            7.0,
            6.0,
            6.0,
            7.0,
            7.0
        ],
        "worker_init": [
            2.0,
            2.0,
            1.0,
            2.0,
            2.0,
            1.0,
            2.0,
            2.0,
            2.0,
            2.0,
            2.0
        ],
        "framework_bootstrap": [
            11.0,
            10.0,
            10.0,
            11.0,
            10.0,
            10.0,
            11.0,
            9.0,
            10.0,
            10.0,
            10.0
        ],
        "load_weights": [
            8.14,
            14.81,
            8.08,
            3.65,
            0.62,
            15.51,
            2.42,
            4.78,
            9.46,
            7.04,
            9.8
        ],
        "model_init": [
            0.2,
            0.22,
            0.21,
            0.26,
            0.19,
            0.23,
            0.2,
            0.21,
            0.21,
            0.21,
            0.24
        ],
        "model_loading": [
            8.35478,
            15.036,
            8.292478,
            3.912336,
            0.810245,
            15.748895,
            2.61886,
            5.003362,
            9.678092,
            7.252399,
            10.048071
        ],
        "dynamo_transform_time": [
            7.32,
            10.01,
            8.29,
            7.51,
            6.53,
            10.2,
            6.66,
            10.37,
            8.6,
            8.31,
            11.71
        ],
        "graph_compile_general_shape": [
            null,
            null,
            null,
            null,
            null,
            null,
            null,
            null,
            null,
            null,
            null
        ],
        "graph_compile_cached": [
            6.912,
            9.441,
            7.623,
            6.763,
            5.33,
            9.975,
            5.742,
            9.577,
            7.607,
            7.114,
            10.065
        ],
        "torch.compile": [
            7.32,
            10.01,
            8.29,
            7.51,
            6.53,
            10.2,
            6.66,
            10.37,
            8.6,
            8.31,
            11.71
        ],
        "kv_cache_profiling": [
            3.2880000000000003,
            4.959,
            2.2570000000000014,
            2.626999999999999,
            2.0,
            4.965000000000003,
            1.8179999999999996,
            3.4730000000000025,
            2.2330000000000005,
            2.186,
            2.895000000000003
        ],
        "graph_capturing": [
            1.38,
            1.98,
            1.38,
            1.09,
            0.95,
            1.99,
            0.96,
            1.41,
            1.37,
            1.37,
            1.85
        ],
        "init_engine": [
            19.35,
            26.87,
            19.99,
            18.42,
            15.23,
            27.6,
            15.59,
            25.29,
            20.26,
            19.42,
            26.99
        ],
        "tokenizer_init": [
            0.18,
            0.13,
            0.13,
            0.45,
            0.4,
            0.39,
            0.39,
            0.39,
            0.39,
            0.24,
            0.25
        ],
        "total_time": [
            38.88478,
            52.03600000000001,
            38.412478,
            33.782336,
            26.440244999999997,
            53.738895,
            29.598860000000002,
            39.683362,
            40.328092,
            36.912399,
            47.288071
        ],
        "actual_total_time": [
            46.0,
            59.0,
            46.0,
            41.0,
            34.0,
            62.0,
            36.0,
            48.0,
            48.0,
            45.0,
            55.0
        ]
    }
}