{
    "labels": [
        "output_model_llama2-13b-hf_load-format_runai_streamer.txt",
        "output_model_llama2-13b-hf_load-format_safetensors.txt",
        "output_model_llama2-13b-hf-tensorized_load-format_tensorizer.txt"
    ],
    "data": {
        "load_weights": [
            1.8209279999999999,
            3.47,
            2.672094
        ],
        "model_init": [
            0.13,
            0.12,
            0.13
        ],
        "model_loading": [
            1.950928,
            3.602381,
            2.802094
        ],
        "dynamo_transform_time": [
            6.56,
            6.67,
            6.53
        ],
        "graph_compile_general_shape": [
            null,
            null,
            null
        ],
        "graph_compile_cached": [
            5.483,
            5.754,
            5.434
        ],
        "torch.compile": [
            6.56,
            6.67,
            6.53
        ],
        "kv_cache_profiling": [
            14.45,
            14.82,
            14.37
        ],
        "graph_capturing": [
            1.45,
            1.46,
            1.45
        ],
        "init_engine": [
            16.39,
            16.76,
            16.31
        ],
        "tokenizer_init": [
            0.08,
            0.08,
            0.08
        ],
        "total_time": [
            18.420928,
            20.442381,
            19.192093999999997
        ],
        "actual_total_time": [
            25.66,
            27.68,
            26.49
        ]
    }
}