{
    "labels": [
        "output_model_falcon-7b.txt",
        "output_model_llama2-13b-hf.txt",
        "output_model_llama2-7b-hf.txt",
        "output_model_llama3-3b.txt",
        "output_model_qwen-0.5b.txt",
        "output_model_qwen-14b.txt",
        "output_model_qwen-1.8b.txt",
        "output_model_qwen-4b.txt",
        "output_model_qwen-7b.txt",
        "output_model_yi-6b.txt",
        "output_model_yi-9b.txt"
    ],
    "data": {
        "detect_platform": [
            0.035,
            0.034,
            0.034,
            0.035,
            0.034,
            0.034,
            0.034,
            0.034,
            0.034,
            0.034,
            0.034
        ],
        "llm_imports": [
            1.788,
            1.492,
            1.485,
            1.486,
            1.5,
            1.491,
            1.484,
            1.489,
            1.5,
            1.489,
            1.488
        ],
        "get_model_info": [
            6.021,
            5.428,
            5.427,
            5.439,
            5.396,
            5.387,
            5.448,
            5.459,
            5.463,
            5.443,
            5.428
        ],
        "worker_init": [
            2.03,
            1.779,
            1.798,
            1.77,
            1.81,
            1.784,
            1.778,
            1.78,
            1.799,
            1.78,
            1.769
        ],
        "framework_bootstrap": [
            9.873999999999999,
            8.733,
            8.744,
            8.73,
            8.74,
            8.696,
            8.744,
            8.761999999999999,
            8.796,
            8.745999999999999,
            8.719
        ],
        "load_weights": [
            24.59,
            47.82,
            24.77,
            11.79,
            1.71,
            51.99,
            6.74,
            14.5,
            28.34,
            22.24,
            32.41
        ],
        "model_init": [
            0.17,
            0.14,
            0.12,
            0.14,
            0.1,
            0.13,
            0.11,
            0.13,
            0.12,
            0.12,
            0.14
        ],
        "model_loading": [
            24.763242,
            47.964062,
            24.89411,
            11.936018,
            1.811863,
            52.129855,
            6.854691,
            14.633662,
            28.470517,
            22.367717,
            32.558638
        ],
        "dynamo_transform_time": [
            5.54,
            6.88,
            5.36,
            4.83,
            4.3,
            6.98,
            4.3,
            7.07,
            5.54,
            5.44,
            8.03
        ],
        "graph_compile_general_shape": [
            null,
            null,
            null,
            null,
            null,
            null,
            null,
            null,
            null,
            null,
            null
        ],
        "graph_compile_cached": [
            4.276,
            5.725,
            4.462,
            4.255,
            3.575,
            5.762,
            3.676,
            5.768,
            4.488,
            4.868,
            7.104
        ],
        "torch.compile": [
            5.54,
            6.88,
            5.36,
            4.83,
            4.3,
            6.98,
            4.3,
            7.07,
            5.54,
            5.44,
            8.03
        ],
        "kv_cache_profiling": [
            2.5340000000000007,
            2.664999999999999,
            1.9380000000000006,
            1.7749999999999986,
            1.375,
            2.6579999999999995,
            1.3939999999999992,
            1.911999999999999,
            1.9719999999999995,
            1.9220000000000006,
            2.1260000000000012
        ],
        "graph_capturing": [
            1.17,
            1.49,
            1.14,
            1.04,
            0.96,
            1.54,
            0.96,
            1.33,
            1.16,
            1.15,
            1.5
        ],
        "init_engine": [
            14.01,
            17.27,
            13.4,
            12.38,
            10.69,
            17.47,
            10.82,
            16.59,
            13.67,
            13.88,
            19.3
        ],
        "tokenizer_init": [
            0.14,
            0.09,
            0.09,
            0.3,
            0.26,
            0.26,
            0.26,
            0.26,
            0.27,
            0.16,
            0.16
        ],
        "total_time": [
            48.787242,
            74.057062,
            47.12811,
            33.346018,
            21.501863000000004,
            78.555855,
            26.678691,
            40.245661999999996,
            51.206517000000005,
            45.15371699999999,
            60.737638000000004
        ],
        "actual_total_time": [
            50.544,
            74.959,
            48.014,
            34.446,
            22.585,
            79.601,
            27.745,
            41.321,
            52.261,
            46.15,
            61.727
        ]
    }
}