{
    "labels": [
        "output_model_falcon-7b.txt",
        "output_model_llama2-13b-hf.txt",
        "output_model_llama2-7b-hf.txt",
        "output_model_llama3-3b.txt",
        "output_model_qwen-0.5b.txt",
        "output_model_qwen-14b.txt",
        "output_model_qwen-1.8b.txt",
        "output_model_qwen-4b.txt",
        "output_model_qwen-7b.txt",
        "output_model_yi-6b.txt",
        "output_model_yi-9b.txt"
    ],
    "data": {
        "detect_platfrom": [
            0.545,
            0.406,
            0.572,
            0.401,
            0.524,
            0.54,
            0.389,
            0.392,
            0.579,
            0.511,
            0.386
        ],
        "llm_imports": [
            1.535,
            1.315,
            1.315,
            1.312,
            1.315,
            1.35,
            1.509,
            1.525,
            1.328,
            1.372,
            1.5
        ],
        "get_model_info": [
            7.532,
            6.833,
            6.824,
            6.828,
            6.934,
            6.927,
            6.911,
            6.917,
            6.877,
            6.972,
            6.95
        ],
        "worker_init": [
            2.473,
            2.385,
            2.145,
            2.219,
            2.404,
            2.188,
            2.158,
            2.161,
            2.168,
            2.206,
            2.319
        ],
        "framework_bootstrap": [
            12.085,
            10.939,
            10.856,
            10.76,
            11.177,
            11.005,
            10.966999999999999,
            10.995,
            10.951999999999998,
            11.061,
            11.155000000000001
        ],
        "load_weights": [
            3.45,
            5.83,
            3.32,
            1.43,
            0.21,
            6.2,
            0.82,
            1.73,
            3.37,
            2.66,
            3.9
        ],
        "model_init": [
            0.13,
            0.11,
            0.11,
            0.12,
            0.09,
            0.11,
            0.1,
            0.11,
            0.11,
            0.1,
            0.12
        ],
        "model_loading": [
            4.122865,
            6.486916,
            4.232037,
            2.098263,
            1.224498,
            6.852466,
            1.519341,
            2.387843,
            4.016671,
            3.284259,
            4.560919
        ],
        "dynamo_transform_time": [
            4.07,
            5.27,
            4.36,
            3.81,
            3.36,
            5.4,
            3.36,
            5.49,
            4.46,
            4.31,
            6.16
        ],
        "graph_compile_general_shape": [
            null,
            null,
            null,
            null,
            null,
            null,
            null,
            null,
            null,
            null,
            null
        ],
        "graph_compile_cached": [
            3.401,
            4.664,
            3.659,
            3.313,
            2.914,
            4.65,
            2.629,
            4.507,
            3.705,
            3.698,
            5.677
        ],
        "torch.compile": [
            4.07,
            5.27,
            4.36,
            3.81,
            3.36,
            5.4,
            3.36,
            5.49,
            4.46,
            4.31,
            6.16
        ],
        "kv_cache_profiling": [
            1.9890000000000008,
            2.1560000000000006,
            1.1809999999999992,
            1.3069999999999995,
            1.1959999999999997,
            2.139999999999999,
            1.1710000000000003,
            1.3529999999999998,
            1.3850000000000016,
            1.1620000000000008,
            1.7430000000000003
        ],
        "graph_capturing": [
            1.2,
            1.49,
            1.1,
            0.85,
            0.94,
            1.52,
            0.99,
            1.3,
            1.18,
            1.14,
            1.43
        ],
        "init_engine": [
            10.87,
            13.9,
            10.54,
            9.51,
            8.62,
            14.08,
            8.35,
            12.86,
            10.95,
            10.53,
            15.23
        ],
        "tokenizer_init": [
            0.39,
            0.33,
            0.32,
            0.53,
            0.5,
            0.48,
            0.51,
            0.5,
            0.51,
            0.43,
            0.42
        ],
        "total_time": [
            27.467865000000003,
            31.655915999999998,
            25.948037,
            22.898263,
            21.521498,
            32.417466,
            21.346341,
            26.742843,
            26.428670999999998,
            25.305259,
            31.365919000000005
        ],
        "actual_total_time": [
            28.927,
            32.592,
            26.848,
            24.05,
            22.758,
            33.713,
            22.474,
            27.891,
            27.56,
            26.378,
            32.416
        ]
    }
}