{
    "labels": [
        "output_model_falcon-7b.txt",
        "output_model_llama2-13b-hf.txt",
        "output_model_llama2-7b-hf.txt",
        "output_model_llama3-3b.txt",
        "output_model_qwen-0.5b.txt",
        "output_model_qwen-14b.txt",
        "output_model_qwen-1.8b.txt",
        "output_model_qwen-4b.txt",
        "output_model_qwen-7b.txt",
        "output_model_yi-6b.txt",
        "output_model_yi-9b.txt"
    ],
    "data": {
        "detect_platfrom": [
            0.0,
            0.0,
            1.0,
            0.0,
            1.0,
            0.0,
            0.0,
            0.0,
            0.0,
            0.0,
            1.0
        ],
        "llm_imports": [
            1.0,
            2.0,
            1.0,
            2.0,
            1.0,
            1.0,
            1.0,
            1.0,
            2.0,
            1.0,
            1.0
        ],
        "get_model_info": [
            12.0,
            11.0,
            7.0,
            6.0,
            7.0,
            7.0,
            7.0,
            7.0,
            6.0,
            8.0,
            6.0
        ],
        "worker_init": [
            2.0,
            2.0,
            3.0,
            2.0,
            3.0,
            2.0,
            2.0,
            2.0,
            2.0,
            2.0,
            2.0
        ],
        "framework_bootstrap": [
            15.0,
            15.0,
            12.0,
            10.0,
            12.0,
            10.0,
            10.0,
            10.0,
            10.0,
            11.0,
            10.0
        ],
        "load_weights": [
            1.99,
            3.62,
            2.11,
            0.93,
            0.15,
            3.92,
            0.55,
            1.14,
            2.15,
            2.44,
            2.49
        ],
        "model_init": [
            0.27,
            0.12,
            0.11,
            0.12,
            0.09,
            0.12,
            0.09,
            0.11,
            0.11,
            0.11,
            0.13
        ],
        "model_loading": [
            7.860446,
            4.24827,
            2.707857,
            1.635988,
            0.762656,
            4.664201,
            1.25061,
            1.815068,
            3.392004,
            3.138587,
            3.324752
        ],
        "dynamo_transform_time": [
            3.78,
            5.32,
            4.36,
            3.74,
            3.34,
            5.49,
            3.36,
            5.38,
            4.48,
            4.35,
            6.25
        ],
        "graph_compile_general_shape": [
            null,
            null,
            null,
            null,
            null,
            null,
            null,
            null,
            null,
            null,
            null
        ],
        "graph_compile_cached": [
            3.204,
            4.445,
            3.548,
            2.988,
            2.466,
            4.437,
            2.731,
            4.364,
            3.419,
            3.519,
            5.403
        ],
        "torch.compile": [
            3.78,
            5.32,
            4.36,
            3.74,
            3.34,
            5.49,
            3.36,
            5.38,
            4.48,
            4.35,
            6.25
        ],
        "kv_cache_profiling": [
            9.06,
            11.92,
            9.12,
            7.95,
            6.98,
            12.1,
            7.23,
            11.23,
            9.08,
            9.04,
            13.54
        ],
        "graph_capturing": [
            1.1,
            1.51,
            1.09,
            1.03,
            0.77,
            1.61,
            0.88,
            1.24,
            1.14,
            1.12,
            1.43
        ],
        "init_engine": [
            10.38,
            13.66,
            10.43,
            9.25,
            7.96,
            13.97,
            8.32,
            12.69,
            10.46,
            10.38,
            15.22
        ],
        "tokenizer_init": [
            0.37,
            0.32,
            0.51,
            0.49,
            0.48,
            0.54,
            0.52,
            0.51,
            0.67,
            0.54,
            0.42
        ],
        "total_time": [
            33.610445999999996,
            33.22827,
            25.647857000000002,
            21.375987999999996,
            21.202656,
            29.174201,
            20.09061,
            25.015068000000003,
            24.522004000000003,
            25.058587,
            28.964752000000004
        ],
        "actual_total_time": [
            36.0,
            35.0,
            26.0,
            23.0,
            21.0,
            30.0,
            21.0,
            27.0,
            26.0,
            26.0,
            31.0
        ]
    }
}