{
    "labels": [
        "output_model_llama2-13b-hf_default.txt",
        "output_model_llama2-13b-hf_tmpfs.txt",
        "output_model_llama3-3b_default.txt",
        "output_model_llama3-3b_tmpfs.txt",
        "output_model_qwen-7b_default.txt",
        "output_model_qwen-7b_tmpfs.txt"
    ],
    "data": {
        "detect_platform": [
            0.0,
            0.0,
            0.2,
            0.0,
            0.0,
            0.0
        ],
        "llm_imports": [
            1.4,
            1.6,
            1.0,
            1.2,
            1.2,
            1.2
        ],
        "get_model_info": [
            4.6,
            4.6,
            5.0,
            4.8,
            4.8,
            4.8
        ],
        "worker_init": [
            1.8,
            1.4,
            1.6,
            1.8,
            1.6,
            1.8
        ],
        "framework_bootstrap": [
            7.8,
            7.6,
            7.800000000000001,
            7.8,
            7.6,
            7.8
        ],
        "load_weights": [
            3.558,
            3.554,
            0.8699999999999999,
            0.874,
            2.09,
            2.1100000000000003
        ],
        "model_init": [
            0.126,
            0.124,
            0.13,
            0.13,
            0.118,
            0.12
        ],
        "model_loading": [
            3.6839999999999997,
            3.678,
            0.9999999999999999,
            1.004,
            2.2079999999999997,
            2.2300000000000004
        ],
        "dynamo_transform_time": [
            6.536,
            6.524000000000001,
            4.572,
            4.582,
            5.252000000000001,
            5.232
        ],
        "graph_compile_general_shape": [
            null,
            null,
            null,
            null,
            null,
            null
        ],
        "graph_compile_cached": [
            5.532000000000001,
            5.448,
            3.9298,
            3.939,
            4.300800000000001,
            4.264
        ],
        "torch.compile": [
            6.536,
            6.524000000000001,
            4.572,
            4.582,
            5.252000000000001,
            5.232
        ],
        "kv_cache_profiling": [
            2.4019999999999997,
            2.404,
            1.5661999999999998,
            1.5629999999999995,
            1.7271999999999994,
            1.7359999999999995
        ],
        "graph_capturing": [
            1.4540000000000002,
            1.458,
            1.012,
            1.014,
            1.132,
            1.138
        ],
        "init_engine": [
            15.924000000000001,
            15.834000000000001,
            11.080000000000002,
            11.097999999999999,
            12.412,
            12.370000000000001
        ],
        "tokenizer_init": [
            0.084,
            0.08,
            0.28400000000000003,
            0.28400000000000003,
            0.248,
            0.248
        ],
        "total_time": [
            27.492,
            27.192,
            20.164,
            20.186,
            22.468,
            22.648000000000003
        ],
        "actual_total_time": [
            28.3038908,
            28.2977406,
            21.9267274,
            20.9322542,
            23.5291724,
            23.523370800000002
        ]
    }
}