{
    "labels": [
        "output_model_falcon-7b.txt",
        "output_model_llama2-13b-hf.txt",
        "output_model_llama2-7b-hf.txt",
        "output_model_llama3-3b.txt",
        "output_model_qwen-0.5b.txt",
        "output_model_qwen-14b.txt",
        "output_model_qwen-1.8b.txt",
        "output_model_qwen-4b.txt",
        "output_model_qwen-7b.txt",
        "output_model_yi-6b.txt",
        "output_model_yi-9b.txt"
    ],
    "data": {
        "detect_platfrom": [
            1.0,
            1.0,
            1.0,
            0.0,
            1.0,
            0.0,
            1.0,
            1.0,
            1.0,
            0.0,
            1.0
        ],
        "llm_imports": [
            1.0,
            1.0,
            1.0,
            2.0,
            1.0,
            2.0,
            1.0,
            1.0,
            1.0,
            2.0,
            1.0
        ],
        "get_model_info": [
            8.0,
            7.0,
            7.0,
            7.0,
            7.0,
            6.0,
            7.0,
            7.0,
            7.0,
            6.0,
            7.0
        ],
        "worker_init": [
            3.0,
            2.0,
            2.0,
            2.0,
            2.0,
            2.0,
            2.0,
            2.0,
            3.0,
            2.0,
            3.0
        ],
        "framework_bootstrap": [
            13.0,
            11.0,
            11.0,
            11.0,
            11.0,
            10.0,
            11.0,
            11.0,
            12.0,
            10.0,
            12.0
        ],
        "load_weights": [
            3.63,
            6.15,
            3.06,
            1.44,
            0.22,
            6.34,
            0.84,
            1.74,
            3.35,
            2.69,
            3.93
        ],
        "model_init": [
            0.13,
            0.11,
            0.1,
            0.22,
            0.09,
            0.11,
            0.09,
            0.11,
            0.1,
            0.1,
            0.12
        ],
        "model_loading": [
            4.383176,
            6.825679,
            3.902962,
            2.223008,
            0.893388,
            6.997009,
            1.599391,
            2.558545,
            3.976557,
            3.377274,
            4.602763
        ],
        "dynamo_transform_time": [
            4.11,
            5.23,
            4.34,
            3.78,
            3.39,
            5.41,
            3.35,
            5.34,
            4.49,
            4.42,
            6.27
        ],
        "graph_compile_general_shape": [
            null,
            null,
            null,
            null,
            null,
            null,
            null,
            null,
            null,
            null,
            null
        ],
        "graph_compile_cached": [
            3.246,
            4.552,
            3.469,
            3.143,
            2.632,
            4.469,
            2.591,
            4.43,
            3.547,
            3.608,
            5.519
        ],
        "torch.compile": [
            4.11,
            5.23,
            4.34,
            3.78,
            3.39,
            5.41,
            3.35,
            5.34,
            4.49,
            4.42,
            6.27
        ],
        "kv_cache_profiling": [
            2.1340000000000003,
            2.1080000000000005,
            1.3210000000000015,
            1.2469999999999999,
            1.2679999999999998,
            2.180999999999999,
            1.3389999999999995,
            1.3100000000000005,
            1.2129999999999992,
            1.1920000000000002,
            1.9610000000000003
        ],
        "graph_capturing": [
            1.18,
            1.44,
            1.13,
            1.06,
            0.99,
            1.45,
            0.79,
            1.26,
            1.16,
            0.94,
            1.46
        ],
        "init_engine": [
            10.91,
            13.71,
            10.54,
            9.44,
            8.5,
            13.75,
            8.29,
            12.56,
            10.62,
            10.45,
            15.46
        ],
        "tokenizer_init": [
            0.39,
            0.37,
            0.33,
            0.52,
            0.61,
            0.5,
            0.51,
            0.5,
            0.48,
            0.53,
            0.42
        ],
        "total_time": [
            28.683176,
            31.905679000000003,
            25.772962,
            23.183007999999997,
            21.003388,
            31.247009,
            21.399391,
            26.618545,
            27.076556999999998,
            24.357274,
            32.482763000000006
        ],
        "actual_total_time": [
            29.0,
            33.0,
            27.0,
            24.0,
            22.0,
            33.0,
            23.0,
            28.0,
            27.0,
            26.0,
            33.0
        ]
    }
}