{
    "labels": [
        "output_model_qwen-14.3b.txt",
        "output_model_gpt-oss-20b_cuda-graph-sizes_1_2_4_8_16_24_32_40_48_56_64_72_80_88_96_104_112_120_128_136_144_152_160_168_176_184_192_200_208_216_224_232_240_248_256.txt",
        "output_model_llama3-3b.txt",
        "output_model_llama2-7b-hf.txt",
        "output_model_deepseek-v2-lite-16b.txt",
        "output_model_yi-6b.txt",
        "output_model_llama2-13b-hf.txt",
        "output_model_qwen-4b.txt",
        "output_model_qwen-14b.txt",
        "output_model_yi-9b.txt"
    ],
    "data": {
        "detect_platform": [
            0.0162,
            0.0162,
            0.016,
            0.0162,
            0.0166,
            0.0166,
            0.0166,
            0.0164,
            0.016,
            0.0162
        ],
        "llm_imports": [
            1.419,
            1.4309999999999998,
            1.4172,
            1.4260000000000002,
            1.4112,
            1.4234,
            1.4222,
            1.4236,
            1.4148,
            1.4262
        ],
        "get_model_info": [
            5.2824,
            8.2408,
            5.2686,
            5.2834,
            5.2986,
            5.2838,
            5.2798,
            5.2951999999999995,
            5.287000000000001,
            5.281000000000001
        ],
        "worker_init": [
            2.0296,
            1.1156000000000001,
            2.0346,
            2.0158,
            2.037,
            2.0338000000000003,
            2.0262000000000002,
            2.0568,
            2.039,
            2.0228
        ],
        "framework_bootstrap": [
            8.7472,
            10.803600000000001,
            8.7364,
            8.7414,
            8.7634,
            8.7576,
            8.7448,
            8.791999999999998,
            8.7568,
            8.746200000000002
        ],
        "load_weights": [
            3.9479999999999995,
            1.714,
            0.808,
            1.6919999999999997,
            4.798,
            1.47,
            3.4379999999999997,
            0.982,
            3.472,
            2.758
        ],
        "model_init": [
            0.13,
            0.176,
            0.14600000000000002,
            0.13,
            0.17200000000000001,
            0.13,
            0.138,
            0.138,
            0.14,
            0.14800000000000002
        ],
        "model_loading": [
            4.077999999999999,
            1.89,
            0.9540000000000001,
            1.8219999999999996,
            4.97,
            1.6,
            3.5759999999999996,
            1.12,
            3.612,
            2.906
        ],
        "dynamo_transform_time": [
            4.836,
            4.148000000000001,
            4.85,
            5.426,
            4.212000000000001,
            5.448,
            6.653999999999999,
            7.05,
            7.06,
            8.064
        ],
        "graph_compile_general_shape": [
            12.242,
            12.406,
            13.14,
            14.784,
            13.654,
            15.157999999999998,
            18.548000000000002,
            18.654,
            18.808,
            22.634000000000004
        ],
        "graph_compile_cached": [
            null,
            null,
            null,
            null,
            null,
            null,
            null,
            null,
            null,
            null
        ],
        "torch.compile": [
            17.078000000000003,
            16.554000000000002,
            17.990000000000002,
            20.21,
            17.866,
            20.605999999999998,
            25.202,
            25.704,
            25.868,
            30.698000000000004
        ],
        "kv_cache_profiling": [
            2.3359999999999994,
            1.528,
            1.6220000000000006,
            2.026,
            1.9959999999999987,
            2.0179999999999993,
            3.104,
            2.0140000000000016,
            2.811999999999999,
            2.252
        ],
        "graph_capturing": [
            1.6759999999999997,
            1.44,
            1.132,
            1.218,
            2.4539999999999997,
            1.25,
            1.594,
            1.4659999999999997,
            1.642,
            1.654
        ],
        "init_engine": [
            21.090000000000003,
            19.522000000000002,
            20.744000000000003,
            23.454,
            22.316,
            23.874,
            29.900000000000002,
            29.184,
            30.321999999999996,
            34.604000000000006
        ],
        "tokenizer_init": [
            0.26,
            0.6799999999999999,
            0.294,
            0.09,
            0.21200000000000002,
            0.16,
            0.09,
            0.258,
            0.252,
            0.166
        ],
        "total_time": [
            34.1752,
            32.8956,
            30.728400000000004,
            34.107400000000005,
            36.2614,
            34.3916,
            42.3108,
            39.354000000000006,
            42.9428,
            46.422200000000004
        ],
        "actual_total_time": [
            35.2797626,
            34.8652254,
            31.876664,
            35.041957000000004,
            37.3357408,
            35.4310868,
            43.244988199999995,
            40.45207140000001,
            44.0392704,
            47.461328400000006
        ]
    }
}