{
    "labels": [
        "output_model_falcon-7b_container.txt",
        "output_model_falcon-7b_default.txt",
        "output_model_llama2-13b-hf_container.txt",
        "output_model_llama2-13b-hf_default.txt",
        "output_model_llama2-7b-hf_container.txt",
        "output_model_llama2-7b-hf_default.txt",
        "output_model_llama3-3b_container.txt",
        "output_model_llama3-3b_default.txt",
        "output_model_qwen-14.3b_container.txt",
        "output_model_qwen-14.3b_default.txt",
        "output_model_qwen-14b_container.txt",
        "output_model_qwen-14b_default.txt",
        "output_model_qwen-1.8b_container.txt",
        "output_model_qwen-1.8b_default.txt",
        "output_model_qwen-7b_container.txt",
        "output_model_qwen-7b_default.txt",
        "output_model_yi-9b_container.txt",
        "output_model_yi-9b_default.txt"
    ],
    "data": {
        "load_weights": [
            1.8660000000000003,
            1.884,
            3.55,
            3.528,
            1.8519999999999999,
            1.81,
            0.874,
            0.868,
            4.081999999999999,
            4.109999999999999,
            3.776,
            3.781999999999999,
            0.504,
            0.502,
            2.098,
            2.0919999999999996,
            2.352,
            2.3579999999999997
        ],
        "model_init": [
            0.11399999999999999,
            0.11399999999999999,
            0.124,
            0.13,
            0.12,
            0.12,
            0.13,
            0.13,
            0.12,
            0.12,
            0.128,
            0.128,
            0.10400000000000001,
            0.10200000000000001,
            0.12,
            0.12,
            0.13,
            0.136
        ],
        "model_loading": [
            1.9800000000000004,
            1.9979999999999998,
            3.674,
            3.658,
            1.972,
            1.9300000000000002,
            1.004,
            0.998,
            4.201999999999999,
            4.2299999999999995,
            3.904,
            3.9099999999999993,
            0.608,
            0.604,
            2.218,
            2.2119999999999997,
            2.4819999999999998,
            2.4939999999999998
        ],
        "dynamo_transform_time": [
            4.234,
            4.545999999999999,
            5.668000000000001,
            6.593999999999999,
            4.452,
            5.186,
            3.932,
            4.564,
            4.0520000000000005,
            4.564,
            5.82,
            6.698,
            3.56,
            4.102,
            4.593999999999999,
            5.2540000000000004,
            6.645999999999999,
            7.636
        ],
        "graph_compile_general_shape": [
            null,
            null,
            null,
            null,
            null,
            null,
            null,
            null,
            null,
            null,
            null,
            null,
            null,
            null,
            null,
            null,
            null,
            null
        ],
        "graph_compile_cached": [
            3.8084000000000002,
            4.1028,
            5.1415999999999995,
            5.5042,
            3.9971999999999994,
            4.316599999999999,
            3.5037999999999996,
            3.9198,
            2.8851999999999998,
            3.4012000000000002,
            5.1604,
            5.539,
            3.2847999999999997,
            3.4802,
            4.064,
            4.295400000000001,
            6.219600000000001,
            6.7812
        ],
        "torch.compile": [
            4.234,
            4.545999999999999,
            5.668000000000001,
            6.593999999999999,
            4.452,
            5.186,
            3.932,
            4.564,
            4.0520000000000005,
            4.564,
            5.82,
            6.698,
            3.56,
            4.102,
            4.593999999999999,
            5.2540000000000004,
            6.645999999999999,
            7.636
        ],
        "kv_cache_profiling": [
            10.272,
            10.884,
            13.188,
            14.501999999999999,
            10.143999999999998,
            11.222,
            8.982,
            10.064,
            8.588000000000001,
            9.628,
            13.372,
            14.632000000000001,
            8.068,
            8.824,
            10.364,
            11.278000000000002,
            14.708,
            16.254
        ],
        "graph_capturing": [
            1.18,
            1.1480000000000001,
            1.4679999999999997,
            1.462,
            1.1059999999999999,
            1.11,
            1.044,
            1.02,
            1.562,
            1.5300000000000002,
            1.526,
            1.5099999999999998,
            0.9480000000000001,
            0.924,
            1.136,
            1.14,
            1.484,
            1.47
        ],
        "init_engine": [
            11.452,
            12.032,
            14.656,
            15.963999999999999,
            11.249999999999998,
            12.331999999999999,
            10.026,
            11.084,
            10.15,
            11.158000000000001,
            14.898,
            16.142000000000003,
            9.016,
            9.748,
            11.5,
            12.418000000000003,
            16.192,
            17.724
        ],
        "tokenizer_init": [
            0.128,
            0.12,
            0.09,
            0.084,
            0.09,
            0.084,
            0.28800000000000003,
            0.29,
            0.25,
            0.252,
            0.25,
            0.25,
            0.252,
            0.25,
            0.248,
            0.252,
            0.16,
            0.16
        ],
        "total_time": [
            13.56,
            14.149999999999999,
            18.42,
            19.706,
            13.311999999999998,
            14.345999999999998,
            11.318,
            12.371999999999998,
            14.602,
            15.640000000000002,
            19.052,
            20.302000000000003,
            9.876000000000001,
            10.601999999999999,
            13.966,
            14.882000000000003,
            18.834,
            20.378
        ],
        "actual_total_time": [
            21.7287332,
            22.2299276,
            25.8901198,
            27.0007558,
            20.7718946,
            21.638979199999998,
            19.0260314,
            19.8999868,
            22.203200199999998,
            23.1513546,
            26.5903804,
            27.777858800000004,
            17.4086806,
            18.073339999999998,
            21.4738886,
            22.355663200000002,
            26.3977218,
            27.7754988
        ]
    }
}