{
    "labels": [
        "output_model_llama2-7b-hf_cuda-graph-sizes_136.txt",
        "output_model_llama2-7b-hf_cuda-graph-sizes_1.txt",
        "output_model_llama2-7b-hf_cuda-graph-sizes_216.txt",
        "output_model_llama2-7b-hf_cuda-graph-sizes_296.txt",
        "output_model_llama2-7b-hf_cuda-graph-sizes_376.txt",
        "output_model_llama2-7b-hf_cuda-graph-sizes_456.txt",
        "output_model_llama2-7b-hf_cuda-graph-sizes_56.txt"
    ],
    "data": {
        "detect_platfrom": [
            0.034,
            0.034,
            0.034,
            0.034,
            0.034,
            0.034,
            0.034
        ],
        "llm_imports": [
            1.367,
            1.416,
            1.367,
            1.373,
            1.393,
            1.365,
            1.416
        ],
        "get_model_info": [
            5.016,
            5.039,
            5.027,
            5.009,
            5.013,
            5.023,
            5.016
        ],
        "worker_init": [
            1.47,
            1.447,
            1.497,
            1.462,
            1.491,
            1.467,
            1.467
        ],
        "framework_bootstrap": [
            7.887,
            7.936,
            7.925,
            7.878,
            7.930999999999999,
            7.888999999999999,
            7.933
        ],
        "load_weights": [
            1.84,
            1.86,
            1.85,
            1.85,
            1.85,
            1.85,
            1.85
        ],
        "model_init": [
            0.12,
            0.12,
            0.12,
            0.12,
            0.12,
            0.12,
            0.12
        ],
        "model_loading": [
            1.96601,
            1.989236,
            1.974949,
            1.972855,
            1.971855,
            1.976533,
            1.974857
        ],
        "dynamo_transform_time": [
            4.9,
            4.99,
            5.02,
            4.92,
            5.05,
            5.05,
            4.9
        ],
        "graph_compile_general_shape": [
            null,
            null,
            null,
            null,
            null,
            null,
            null
        ],
        "graph_compile_cached": [
            4.183,
            4.472,
            4.339,
            4.158,
            4.478,
            4.485,
            4.166
        ],
        "torch.compile": [
            4.9,
            4.99,
            5.02,
            4.92,
            5.05,
            5.05,
            4.9
        ],
        "kv_cache_profiling": [
            1.706999999999999,
            1.7279999999999998,
            1.7309999999999999,
            1.7220000000000013,
            1.732000000000001,
            1.7349999999999994,
            1.734
        ],
        "graph_capturing": [
            0.73,
            0.33,
            0.98,
            1.25,
            1.51,
            1.81,
            0.49
        ],
        "init_engine": [
            11.99,
            12.0,
            12.54,
            12.53,
            13.23,
            13.56,
            11.77
        ],
        "tokenizer_init": [
            0.08,
            0.09,
            0.09,
            0.09,
            0.09,
            0.09,
            0.09
        ],
        "total_time": [
            21.923009999999998,
            22.015235999999998,
            22.529949,
            22.470854999999997,
            23.222855,
            23.515533,
            21.767857
        ],
        "actual_total_time": [
            22.779,
            22.867,
            23.386,
            23.32,
            24.076,
            24.374,
            22.624
        ]
    }
}