{
    "labels": [
        "output_model_falcon-7b.txt",
        "output_model_llama2-13b-hf.txt",
        "output_model_llama2-7b-hf.txt",
        "output_model_llama3-3b.txt",
        "output_model_qwen-0.5b.txt",
        "output_model_qwen-14b.txt",
        "output_model_qwen-1.8b.txt",
        "output_model_qwen-4b.txt",
        "output_model_qwen-7b.txt",
        "output_model_yi-6b.txt",
        "output_model_yi-9b.txt"
    ],
    "data": {
        "load_weights": [
            2.62,
            4.58,
            2.32,
            1.13,
            0.18,
            4.96,
            0.68,
            1.44,
            2.8,
            2.31,
            3.04
        ],
        "model_init": [
            0.12,
            0.32,
            0.1,
            0.13,
            0.57,
            0.24,
            0.32,
            0.28,
            0.23,
            0.11,
            0.13
        ],
        "model_loading": [
            3.27754,
            5.419479,
            2.954793,
            1.820223,
            1.255159,
            5.823984,
            1.536726,
            2.33878,
            3.544301,
            3.222324,
            3.692816
        ],
        "dynamo_transform_time": [
            3.76,
            5.36,
            4.39,
            3.77,
            3.38,
            5.48,
            3.34,
            5.38,
            4.44,
            4.38,
            6.43
        ],
        "graph_compile_general_shape": [
            null,
            null,
            null,
            null,
            null,
            null,
            null,
            null,
            null,
            null,
            null
        ],
        "graph_compile_cached": [
            3.891,
            4.992,
            3.874,
            4.168,
            3.299,
            5.396,
            3.006,
            5.248,
            4.081,
            4.297,
            7.294
        ],
        "torch.compile": [
            3.76,
            5.36,
            4.39,
            3.77,
            3.38,
            5.48,
            3.34,
            5.38,
            4.44,
            4.38,
            6.43
        ],
        "kv_cache_profiling": [
            9.97,
            12.66,
            9.83,
            9.2,
            7.93,
            13.31,
            7.87,
            11.96,
            9.81,
            10.09,
            15.77
        ],
        "graph_capturing": [
            1.75,
            2.27,
            1.68,
            1.6,
            0.93,
            2.54,
            0.79,
            1.82,
            1.76,
            1.55,
            1.95
        ],
        "init_engine": [
            12.19,
            15.29,
            11.74,
            11.01,
            9.47,
            16.41,
            8.87,
            14.24,
            11.95,
            11.87,
            17.98
        ],
        "tokenizer_init": [
            0.38,
            0.33,
            0.32,
            0.53,
            0.47,
            0.5,
            0.51,
            0.51,
            0.51,
            0.42,
            0.5
        ],
        "total_time": [
            15.84754,
            21.039478999999996,
            15.014793000000001,
            13.360223,
            11.195159000000002,
            22.733984,
            10.916725999999999,
            17.088780000000003,
            16.004301,
            15.512324,
            22.172816
        ],
        "actual_total_time": [
            27.29,
            31.78,
            25.69,
            24.54,
            22.39,
            33.99,
            21.05,
            28.99,
            27.07,
            27.5,
            34.26
        ]
    }
}