{
    "labels": [
        "output_model_falcon-7b.txt",
        "output_model_llama2-13b-hf.txt",
        "output_model_llama2-7b-hf.txt",
        "output_model_llama3-3b.txt",
        "output_model_qwen-0.5b.txt",
        "output_model_qwen-14b.txt",
        "output_model_qwen-1.8b.txt",
        "output_model_qwen-4b.txt",
        "output_model_qwen-7b.txt",
        "output_model_yi-6b.txt",
        "output_model_yi-9b.txt"
    ],
    "data": {
        "detect_platform": [
            0.0,
            1.0,
            1.0,
            1.0,
            1.0,
            0.0,
            0.0,
            1.0,
            1.0,
            0.0,
            1.0
        ],
        "llm_imports": [
            2.0,
            1.0,
            1.0,
            1.0,
            1.0,
            1.0,
            1.0,
            1.0,
            1.0,
            1.0,
            1.0
        ],
        "get_model_info": [
            7.0,
            7.0,
            7.0,
            8.0,
            7.0,
            8.0,
            7.0,
            8.0,
            7.0,
            8.0,
            8.0
        ],
        "worker_init": [
            2.0,
            2.0,
            2.0,
            3.0,
            3.0,
            3.0,
            3.0,
            3.0,
            3.0,
            4.0,
            4.0
        ],
        "framework_bootstrap": [
            11.0,
            11.0,
            11.0,
            13.0,
            12.0,
            12.0,
            11.0,
            13.0,
            12.0,
            13.0,
            14.0
        ],
        "load_weights": [
            2.62,
            4.58,
            2.32,
            1.13,
            0.18,
            4.96,
            0.68,
            1.44,
            2.8,
            2.31,
            3.04
        ],
        "model_init": [
            0.12,
            0.32,
            0.1,
            0.13,
            0.57,
            0.24,
            0.32,
            0.28,
            0.23,
            0.11,
            0.13
        ],
        "model_loading": [
            3.27754,
            5.419479,
            2.954793,
            1.820223,
            1.255159,
            5.823984,
            1.536726,
            2.33878,
            3.544301,
            3.222324,
            3.692816
        ],
        "dynamo_transform_time": [
            3.76,
            5.36,
            4.39,
            3.77,
            3.38,
            5.48,
            3.34,
            5.38,
            4.44,
            4.38,
            6.43
        ],
        "graph_compile_general_shape": [
            null,
            null,
            null,
            null,
            null,
            null,
            null,
            null,
            null,
            null,
            null
        ],
        "graph_compile_cached": [
            3.891,
            4.992,
            3.874,
            4.168,
            3.299,
            5.396,
            3.006,
            5.248,
            4.081,
            4.297,
            7.294
        ],
        "torch.compile": [
            3.76,
            5.36,
            4.39,
            3.77,
            3.38,
            5.48,
            3.34,
            5.38,
            4.44,
            4.38,
            6.43
        ],
        "kv_cache_profiling": [
            2.319000000000001,
            2.308,
            1.5660000000000007,
            1.2619999999999987,
            1.2509999999999994,
            2.4339999999999993,
            1.524,
            1.3320000000000007,
            1.2889999999999997,
            1.4130000000000003,
            2.0459999999999994
        ],
        "graph_capturing": [
            1.75,
            2.27,
            1.68,
            1.6,
            0.93,
            2.54,
            0.79,
            1.82,
            1.76,
            1.55,
            1.95
        ],
        "init_engine": [
            12.19,
            15.29,
            11.74,
            11.01,
            9.47,
            16.41,
            8.87,
            14.24,
            11.95,
            11.87,
            17.98
        ],
        "tokenizer_init": [
            0.38,
            0.33,
            0.32,
            0.53,
            0.47,
            0.5,
            0.51,
            0.51,
            0.51,
            0.42,
            0.5
        ],
        "total_time": [
            26.84754,
            32.039479,
            26.014793,
            26.360223,
            23.195158999999997,
            34.733984,
            21.916726,
            30.088780000000003,
            28.004301,
            28.512324,
            36.172816
        ],
        "actual_total_time": [
            29.0,
            34.0,
            28.0,
            27.0,
            24.0,
            35.0,
            22.0,
            31.0,
            29.0,
            29.0,
            36.0
        ]
    }
}