{
    "labels": [
        "output_model_deepseek-v2-lite-16b.txt",
        "output_model_gpt-oss-20b_cuda-graph-sizes_1_2_4_8_16_24_32_40_48_56_64_72_80_88_96_104_112_120_128_136_144_152_160_168_176_184_192_200_208_216_224_232_240_248_256.txt",
        "output_model_llama2-13b-hf.txt",
        "output_model_llama2-7b-hf.txt",
        "output_model_llama3-3b.txt",
        "output_model_qwen-14.3b.txt",
        "output_model_qwen-14b.txt",
        "output_model_qwen-4b.txt",
        "output_model_yi-6b.txt",
        "output_model_yi-9b.txt"
    ],
    "data": {
        "detect_platform": [
            0.016,
            0.016,
            0.016,
            0.016,
            0.016,
            0.017,
            0.016,
            0.016,
            0.016,
            0.016
        ],
        "llm_imports": [
            1.42,
            1.426,
            1.417,
            1.421,
            1.412,
            1.419,
            1.423,
            1.429,
            1.421,
            1.434
        ],
        "get_model_info": [
            5.291,
            8.194,
            5.299,
            5.296,
            5.24,
            5.29,
            5.295,
            5.302,
            5.264,
            5.282
        ],
        "worker_init": [
            2.029,
            1.119,
            2.016,
            2.011,
            2.028,
            2.032,
            2.039,
            2.097,
            2.045,
            2.005
        ],
        "framework_bootstrap": [
            8.756,
            10.755,
            8.748000000000001,
            8.744,
            8.696,
            8.758,
            8.773,
            8.844,
            8.746,
            8.737
        ],
        "load_weights": [
            7.22,
            1.72,
            3.19,
            1.69,
            0.79,
            4.47,
            3.46,
            0.98,
            1.47,
            4.72
        ],
        "model_init": [
            0.18,
            0.17,
            0.14,
            0.13,
            0.15,
            0.13,
            0.14,
            0.14,
            0.13,
            0.15
        ],
        "model_loading": [
            7.412788,
            2.178834,
            3.334954,
            1.815951,
            0.940234,
            4.604847,
            3.606362,
            1.123818,
            1.603487,
            4.871103
        ],
        "dynamo_transform_time": [
            4.21,
            4.08,
            6.62,
            5.47,
            4.89,
            4.82,
            7.04,
            7.0,
            5.44,
            8.06
        ],
        "graph_compile_general_shape": [
            13.61,
            12.27,
            18.55,
            14.78,
            13.24,
            12.24,
            18.72,
            18.61,
            15.11,
            22.58
        ],
        "graph_compile_cached": [
            null,
            null,
            null,
            null,
            null,
            null,
            null,
            null,
            null,
            null
        ],
        "torch.compile": [
            17.82,
            16.35,
            25.17,
            20.25,
            18.13,
            17.06,
            25.76,
            25.61,
            20.54,
            30.65
        ],
        "kv_cache_profiling": [
            2.009999999999998,
            1.509999999999998,
            3.1099999999999994,
            2.0500000000000007,
            1.6300000000000026,
            2.3200000000000003,
            2.8099999999999987,
            2.0100000000000016,
            2.0199999999999996,
            2.25
        ],
        "graph_capturing": [
            2.46,
            1.42,
            1.6,
            1.21,
            1.13,
            1.67,
            1.64,
            1.47,
            1.25,
            1.65
        ],
        "init_engine": [
            22.88,
            19.83,
            30.47,
            24.07,
            21.43,
            21.59,
            30.79,
            29.67,
            24.36,
            35.15
        ],
        "tokenizer_init": [
            0.22,
            0.67,
            0.09,
            0.09,
            0.29,
            0.25,
            0.25,
            0.26,
            0.16,
            0.16
        ],
        "total_time": [
            39.268788,
            33.433834000000004,
            42.642954,
            34.719951,
            31.356234,
            35.202847,
            43.419362,
            39.897818,
            34.86948699999999,
            48.918102999999995
        ],
        "actual_total_time": [
            40.346,
            35.37,
            43.573,
            35.654,
            32.499,
            36.312,
            44.513,
            40.996,
            35.913,
            49.981
        ]
    }
}