{
    "labels": [
        "output_model_falcon-7b.txt",
        "output_model_llama2-13b-hf.txt",
        "output_model_llama2-7b-hf.txt",
        "output_model_llama3-3b.txt",
        "output_model_qwen-0.5b.txt",
        "output_model_qwen-14b.txt",
        "output_model_qwen-1.8b.txt",
        "output_model_qwen-4b.txt",
        "output_model_qwen-7b.txt",
        "output_model_yi-6b.txt",
        "output_model_yi-9b.txt"
    ],
    "data": {
        "detect_platform": [
            0.366,
            0.45,
            0.343,
            0.518,
            0.505,
            0.346,
            0.505,
            0.35,
            0.341,
            0.514,
            0.348
        ],
        "llm_imports": [
            1.252,
            1.346,
            1.41,
            1.315,
            1.269,
            1.45,
            1.309,
            1.463,
            1.472,
            1.28,
            1.216
        ],
        "get_model_info": [
            6.607,
            6.708,
            6.642,
            6.657,
            6.608,
            6.703,
            6.636,
            6.748,
            6.674,
            8.288,
            6.991
        ],
        "worker_init": [
            2.085,
            2.272,
            2.41,
            2.168,
            2.242,
            2.244,
            2.222,
            2.145,
            2.136,
            2.149,
            2.304
        ],
        "framework_bootstrap": [
            10.309999999999999,
            10.776,
            10.805,
            10.658000000000001,
            10.623999999999999,
            10.743,
            10.671999999999999,
            10.706,
            10.623000000000001,
            12.231000000000002,
            10.859
        ],
        "load_weights": [
            2.22,
            3.84,
            2.43,
            0.93,
            0.15,
            4.95,
            0.55,
            1.12,
            2.21,
            1.75,
            2.49
        ],
        "model_init": [
            0.1,
            0.11,
            0.11,
            0.12,
            0.09,
            0.11,
            0.1,
            0.11,
            0.1,
            0.1,
            0.12
        ],
        "model_loading": [
            2.844996,
            4.453168,
            3.111208,
            1.521922,
            0.888117,
            5.600139,
            2.423138,
            1.748366,
            2.859529,
            2.472151,
            3.137072
        ],
        "dynamo_transform_time": [
            3.83,
            5.36,
            4.42,
            3.77,
            3.41,
            5.57,
            3.42,
            5.52,
            4.51,
            4.5,
            6.24
        ],
        "graph_compile_general_shape": [
            null,
            null,
            null,
            null,
            null,
            null,
            null,
            null,
            null,
            null,
            null
        ],
        "graph_compile_cached": [
            3.285,
            4.431,
            3.415,
            3.192,
            2.622,
            4.48,
            2.632,
            4.482,
            3.59,
            3.722,
            5.455
        ],
        "torch.compile": [
            3.83,
            5.36,
            4.42,
            3.77,
            3.41,
            5.57,
            3.42,
            5.52,
            4.51,
            4.5,
            6.24
        ],
        "kv_cache_profiling": [
            1.9450000000000003,
            2.1790000000000003,
            1.2049999999999992,
            1.1780000000000008,
            1.1680000000000001,
            2.2399999999999984,
            1.1880000000000006,
            1.3580000000000005,
            1.2200000000000006,
            1.168000000000001,
            1.9749999999999996
        ],
        "graph_capturing": [
            1.18,
            1.44,
            1.14,
            0.99,
            0.96,
            1.52,
            0.96,
            1.27,
            1.15,
            1.14,
            1.44
        ],
        "init_engine": [
            10.47,
            13.65,
            10.4,
            9.34,
            8.38,
            14.06,
            8.42,
            12.87,
            10.77,
            10.75,
            15.34
        ],
        "tokenizer_init": [
            0.36,
            0.32,
            0.31,
            0.49,
            0.47,
            0.48,
            0.48,
            0.47,
            0.5,
            0.41,
            0.41
        ],
        "total_time": [
            23.984996,
            29.199168,
            24.626208,
            22.009922,
            20.362116999999998,
            30.883139000000003,
            21.995138,
            25.794365999999997,
            24.752529000000003,
            25.863151000000002,
            29.746072
        ],
        "actual_total_time": [
            25.469,
            30.141,
            25.57,
            23.219,
            21.449,
            32.028,
            23.097,
            26.87,
            25.902,
            26.883,
            30.789
        ]
    }
}