{
    "labels": [
        "output_model_llama2-7b-hf_cuda-graph-sizes_136.txt",
        "output_model_llama2-7b-hf_cuda-graph-sizes_1.txt",
        "output_model_llama2-7b-hf_cuda-graph-sizes_216.txt",
        "output_model_llama2-7b-hf_cuda-graph-sizes_296.txt",
        "output_model_llama2-7b-hf_cuda-graph-sizes_376.txt",
        "output_model_llama2-7b-hf_cuda-graph-sizes_456.txt",
        "output_model_llama2-7b-hf_cuda-graph-sizes_56.txt"
    ],
    "data": {
        "detect_platfrom": [
            0.034,
            0.034,
            0.034,
            0.034,
            0.034,
            0.035,
            0.035
        ],
        "llm_imports": [
            1.363,
            1.417,
            1.361,
            1.364,
            1.366,
            1.413,
            1.367
        ],
        "get_model_info": [
            5.075,
            5.006,
            5.02,
            5.025,
            5.031,
            5.02,
            5.04
        ],
        "worker_init": [
            1.468,
            1.452,
            1.476,
            1.489,
            1.494,
            1.462,
            1.505
        ],
        "framework_bootstrap": [
            7.94,
            7.909000000000001,
            7.890999999999999,
            7.912,
            7.925,
            7.93,
            7.947
        ],
        "load_weights": [
            1.84,
            1.85,
            1.85,
            1.86,
            1.86,
            1.85,
            1.86
        ],
        "model_init": [
            0.12,
            0.12,
            0.12,
            0.12,
            0.12,
            0.12,
            0.12
        ],
        "model_loading": [
            1.968745,
            1.973612,
            1.979536,
            1.985274,
            1.981017,
            1.973137,
            1.981512
        ],
        "dynamo_transform_time": [
            4.9,
            4.95,
            5.05,
            4.9,
            4.93,
            4.94,
            5.05
        ],
        "graph_compile_general_shape": [
            null,
            null,
            null,
            null,
            null,
            null,
            null
        ],
        "graph_compile_cached": [
            4.18,
            4.182,
            4.472,
            4.153,
            4.186,
            4.188,
            4.493
        ],
        "torch.compile": [
            4.9,
            4.95,
            5.05,
            4.9,
            4.93,
            4.94,
            5.05
        ],
        "kv_cache_profiling": [
            1.7200000000000006,
            1.7079999999999984,
            1.7379999999999995,
            1.7369999999999983,
            1.7240000000000002,
            1.741999999999999,
            1.7170000000000005
        ],
        "graph_capturing": [
            0.73,
            0.33,
            0.98,
            1.25,
            1.51,
            1.82,
            0.49
        ],
        "init_engine": [
            12.01,
            11.65,
            12.72,
            12.51,
            12.83,
            13.17,
            12.23
        ],
        "tokenizer_init": [
            0.09,
            0.09,
            0.09,
            0.09,
            0.09,
            0.09,
            0.09
        ],
        "total_time": [
            22.008745,
            21.622612,
            22.680536,
            22.497274,
            22.826017,
            23.163137,
            22.248512
        ],
        "actual_total_time": [
            22.854,
            22.471,
            23.53,
            23.354,
            23.674,
            24.019,
            23.095
        ]
    }
}