{
    "labels": [
        "output_model_llama2-7b-hf_cuda-graph-sizes_1.txt",
        "output_model_llama2-7b-hf_cuda-graph-sizes_56.txt",
        "output_model_llama2-7b-hf_cuda-graph-sizes_136.txt",
        "output_model_llama2-7b-hf_cuda-graph-sizes_216.txt",
        "output_model_llama2-7b-hf_cuda-graph-sizes_296.txt",
        "output_model_llama2-7b-hf_cuda-graph-sizes_376.txt",
        "output_model_llama2-7b-hf_cuda-graph-sizes_456.txt"
    ],
    "data": {
        "detect_platfrom": [
            0.034,
            0.035,
            0.034,
            0.034,
            0.034,
            0.034,
            0.035
        ],
        "llm_imports": [
            1.417,
            1.367,
            1.363,
            1.361,
            1.364,
            1.366,
            1.413
        ],
        "get_model_info": [
            5.006,
            5.04,
            5.075,
            5.02,
            5.025,
            5.031,
            5.02
        ],
        "worker_init": [
            1.452,
            1.505,
            1.468,
            1.476,
            1.489,
            1.494,
            1.462
        ],
        "framework_bootstrap": [
            7.909000000000001,
            7.947,
            7.94,
            7.890999999999999,
            7.912,
            7.925,
            7.93
        ],
        "load_weights": [
            1.85,
            1.86,
            1.84,
            1.85,
            1.86,
            1.86,
            1.85
        ],
        "model_init": [
            0.12,
            0.12,
            0.12,
            0.12,
            0.12,
            0.12,
            0.12
        ],
        "model_loading": [
            1.973612,
            1.981512,
            1.968745,
            1.979536,
            1.985274,
            1.981017,
            1.973137
        ],
        "dynamo_transform_time": [
            4.95,
            5.05,
            4.9,
            5.05,
            4.9,
            4.93,
            4.94
        ],
        "graph_compile_general_shape": [
            null,
            null,
            null,
            null,
            null,
            null,
            null
        ],
        "graph_compile_cached": [
            4.182,
            4.493,
            4.18,
            4.472,
            4.153,
            4.186,
            4.188
        ],
        "torch.compile": [
            4.95,
            5.05,
            4.9,
            5.05,
            4.9,
            4.93,
            4.94
        ],
        "kv_cache_profiling": [
            10.84,
            11.26,
            10.8,
            11.26,
            10.79,
            10.84,
            10.87
        ],
        "graph_capturing": [
            0.33,
            0.49,
            0.73,
            0.98,
            1.25,
            1.51,
            1.82
        ],
        "init_engine": [
            11.65,
            12.23,
            12.01,
            12.72,
            12.51,
            12.83,
            13.17
        ],
        "tokenizer_init": [
            0.09,
            0.09,
            0.09,
            0.09,
            0.09,
            0.09,
            0.09
        ],
        "total_time": [
            21.622612,
            22.248512,
            22.008745,
            22.680536,
            22.497274,
            22.826017,
            23.163137
        ],
        "actual_total_time": [
            22.471,
            23.095,
            22.854,
            23.53,
            23.354,
            23.674,
            24.019
        ]
    }
}