{
    "labels": [
        "output_model_llama3-3b_max-model-len_16k.txt",
        "output_model_llama3-3b_max-model-len_32k.txt",
        "output_model_llama3-3b_max-model-len_64k.txt",
        "output_model_llama3-3b_max-seq-len-to-capture_1024.txt",
        "output_model_llama3-3b_max-seq-len-to-capture_2048.txt",
        "output_model_llama3-3b_max-seq-len-to-capture_4096.txt",
        "output_model_llama3-3b_offline_serving.txt",
        "output_model_llama3-3b_online-serving.txt"
    ],
    "data": {
        "load_weights": [
            0.87,
            0.87,
            0.87,
            0.87,
            0.87,
            0.87,
            0.87,
            0.87
        ],
        "model_init": [
            0.13,
            0.13,
            0.13,
            0.13,
            0.13,
            0.13,
            0.13,
            0.13
        ],
        "model_loading": [
            1.002973,
            1.005889,
            1.00682,
            1.002673,
            1.005523,
            1.005698,
            1.002962,
            1.004791
        ],
        "dynamo_transform_time": [
            4.58,
            4.53,
            4.57,
            4.59,
            4.57,
            4.62,
            4.63,
            4.48
        ],
        "graph_compile_general_shape": [
            null,
            null,
            null,
            null,
            null,
            null,
            null,
            null
        ],
        "graph_compile_cached": [
            3.919,
            3.904,
            3.975,
            3.942,
            3.921,
            3.929,
            3.941,
            2.993
        ],
        "torch.compile": [
            4.58,
            4.53,
            4.57,
            4.59,
            4.57,
            4.62,
            4.63,
            4.48
        ],
        "kv_cache_profiling": [
            10.09,
            10.02,
            10.13,
            10.11,
            10.07,
            10.13,
            10.15,
            9.13
        ],
        "graph_capturing": [
            1.02,
            1.02,
            1.03,
            1.02,
            1.02,
            1.02,
            1.02,
            1.04
        ],
        "init_engine": [
            11.58,
            11.51,
            11.63,
            11.59,
            11.56,
            11.62,
            11.64,
            10.66
        ],
        "tokenizer_init": [
            0.29,
            0.29,
            0.29,
            0.44,
            0.29,
            0.29,
            0.29,
            0.29
        ],
        "total_time": [
            12.872972999999998,
            12.805888999999999,
            12.92682,
            13.032672999999999,
            12.855523,
            12.915697999999999,
            12.932962,
            11.954791
        ],
        "actual_total_time": [
            20.37,
            20.3,
            20.45,
            20.4,
            20.36,
            20.41,
            20.43,
            21.0
        ]
    }
}