{
    "labels": [
        "output_model_falcon-7b.txt",
        "output_model_llama2-13b-hf.txt",
        "output_model_llama2-7b-hf.txt",
        "output_model_llama3-3b.txt",
        "output_model_qwen-0.5b.txt",
        "output_model_qwen-14b_max_model_len_16752.txt",
        "output_model_qwen-1.8b.txt",
        "output_model_qwen-4b.txt",
        "output_model_qwen-7b.txt",
        "output_model_yi-6b.txt",
        "output_model_yi-9b.txt"
    ],
    "data": {
        "detect_platfrom": [
            0.046,
            0.047,
            0.046,
            0.047,
            0.046,
            0.047,
            0.047,
            0.047,
            0.047,
            0.046,
            0.046
        ],
        "llm_imports": [
            1.324,
            1.319,
            1.315,
            1.316,
            1.316,
            1.318,
            1.314,
            1.321,
            1.311,
            1.315,
            1.312
        ],
        "get_model_info": [
            4.713,
            4.69,
            4.687,
            4.685,
            4.673,
            4.675,
            4.69,
            4.716,
            4.674,
            4.692,
            4.68
        ],
        "worker_init": [
            1.522,
            1.565,
            1.531,
            1.548,
            1.546,
            1.575,
            1.554,
            1.555,
            1.541,
            1.541,
            1.55
        ],
        "framework_bootstrap": [
            7.605,
            7.621,
            7.579,
            7.596,
            7.581,
            7.615,
            7.605,
            7.638999999999999,
            7.573,
            7.593999999999999,
            7.588
        ],
        "load_weights": [
            1.92,
            3.47,
            1.76,
            0.85,
            0.14,
            3.75,
            0.5,
            1.04,
            2.07,
            1.64,
            2.39
        ],
        "model_init": [
            0.11,
            0.12,
            0.11,
            0.13,
            0.09,
            0.12,
            0.1,
            0.12,
            0.11,
            0.11,
            0.13
        ],
        "model_loading": [
            2.035934,
            3.593955,
            1.88134,
            0.982111,
            0.237274,
            3.880678,
            0.597582,
            1.168267,
            2.179798,
            1.756145,
            2.522752
        ],
        "dynamo_transform_time": [
            0,
            0,
            0,
            0,
            0,
            0,
            0,
            0,
            0,
            0,
            0
        ],
        "graph_compile_general_shape": [
            0,
            0,
            0,
            0,
            0,
            0,
            0,
            0,
            0,
            0,
            0
        ],
        "graph_compile_cached": [
            0,
            0,
            0,
            0,
            0,
            0,
            0,
            0,
            0,
            0,
            0
        ],
        "torch.compile": [
            0,
            0,
            0,
            0,
            0,
            0,
            0,
            0,
            0,
            0,
            0
        ],
        "kv_cache_profiling": [
            0.71,
            0.89,
            0.75,
            0.65,
            0.6,
            0.88,
            0.62,
            0.67,
            0.76,
            0.72,
            0.79
        ],
        "graph_capturing": [
            2.01,
            3.7,
            2.13,
            1.21,
            0.95,
            3.69,
            0.96,
            1.45,
            2.14,
            1.9,
            2.74
        ],
        "init_engine": [
            3.14,
            5.04,
            3.3,
            2.27,
            1.95,
            5.02,
            1.98,
            2.53,
            3.33,
            3.06,
            3.97
        ],
        "tokenizer_init": [
            0.12,
            0.08,
            0.08,
            0.28,
            0.24,
            0.24,
            0.25,
            0.24,
            0.24,
            0.15,
            0.15
        ],
        "total_time": [
            12.900934000000001,
            16.334954999999997,
            12.84034,
            11.128110999999999,
            10.008274,
            16.755678,
            10.432582,
            11.577266999999999,
            13.322798,
            12.560145,
            14.230752
        ],
        "actual_total_time": [
            14.06,
            17.172,
            13.664,
            12.169,
            10.999,
            17.764,
            11.421,
            12.563,
            14.33,
            13.473,
            15.14
        ]
    }
}