{
    "labels": [
        "output_model_falcon-7b.txt",
        "output_model_llama2-13b-hf.txt",
        "output_model_llama2-7b-hf.txt",
        "output_model_llama3-3b.txt",
        "output_model_qwen-0.5b.txt",
        "output_model_qwen-14b_max_model_len_16752.txt",
        "output_model_qwen-1.8b.txt",
        "output_model_qwen-4b.txt",
        "output_model_qwen-7b.txt",
        "output_model_yi-6b.txt",
        "output_model_yi-9b.txt"
    ],
    "data": {
        "detect_platform": [
            0.034,
            0.034,
            0.035,
            0.034,
            0.034,
            0.034,
            0.034,
            0.034,
            0.034,
            0.035,
            0.034
        ],
        "llm_imports": [
            1.466,
            1.469,
            1.484,
            1.487,
            1.477,
            1.468,
            1.487,
            1.479,
            1.48,
            1.486,
            1.487
        ],
        "get_model_info": [
            5.417,
            5.398,
            5.369,
            5.369,
            5.378,
            5.391,
            5.397,
            5.443,
            5.414,
            5.39,
            5.403
        ],
        "worker_init": [
            1.754,
            1.753,
            1.766,
            1.763,
            1.745,
            1.767,
            1.769,
            1.778,
            1.762,
            1.792,
            1.769
        ],
        "framework_bootstrap": [
            8.671,
            8.654,
            8.654,
            8.652999999999999,
            8.634,
            8.66,
            8.687,
            8.734,
            8.69,
            8.703,
            8.693
        ],
        "load_weights": [
            1.71,
            3.16,
            1.63,
            0.78,
            0.13,
            3.42,
            0.45,
            0.97,
            1.88,
            1.48,
            2.15
        ],
        "model_init": [
            0.12,
            0.13,
            0.12,
            0.14,
            0.1,
            0.13,
            0.11,
            0.13,
            0.12,
            0.12,
            0.14
        ],
        "model_loading": [
            1.83569,
            3.295278,
            1.754622,
            0.922683,
            0.235823,
            3.557451,
            0.56279,
            1.103479,
            1.999085,
            1.603214,
            2.295289
        ],
        "dynamo_transform_time": [
            4.76,
            6.97,
            5.5,
            4.83,
            4.31,
            6.98,
            4.25,
            7.09,
            5.57,
            5.4,
            8.08
        ],
        "graph_compile_general_shape": [
            null,
            null,
            null,
            null,
            null,
            null,
            null,
            null,
            null,
            null,
            null
        ],
        "graph_compile_cached": [
            4.265,
            5.808,
            4.576,
            4.175,
            3.54,
            5.737,
            3.628,
            5.747,
            4.589,
            4.733,
            7.129
        ],
        "torch.compile": [
            4.76,
            6.97,
            5.5,
            4.83,
            4.31,
            6.98,
            4.25,
            7.09,
            5.57,
            5.4,
            8.08
        ],
        "kv_cache_profiling": [
            2.445000000000002,
            2.662000000000001,
            1.943999999999999,
            1.7650000000000006,
            1.3800000000000008,
            2.6529999999999987,
            1.411999999999999,
            1.8629999999999995,
            1.9609999999999985,
            1.9270000000000014,
            2.141000000000002
        ],
        "graph_capturing": [
            1.18,
            1.49,
            1.13,
            1.05,
            0.96,
            1.54,
            0.95,
            1.33,
            1.16,
            1.15,
            1.51
        ],
        "init_engine": [
            13.15,
            17.45,
            13.64,
            12.31,
            10.66,
            17.43,
            10.73,
            16.54,
            13.78,
            13.7,
            19.39
        ],
        "tokenizer_init": [
            0.12,
            0.08,
            0.08,
            0.28,
            0.25,
            0.24,
            0.24,
            0.25,
            0.24,
            0.16,
            0.16
        ],
        "total_time": [
            23.77669,
            29.479277999999997,
            24.128622,
            22.165683,
            19.779823,
            29.887451,
            20.21979,
            26.627479,
            24.709084999999998,
            24.166214,
            30.538289000000002
        ],
        "actual_total_time": [
            25.516,
            30.379,
            25.035,
            23.263,
            20.837,
            30.954,
            21.275,
            27.686,
            25.765,
            25.149,
            31.519
        ]
    }
}