{
    "labels": [
        "output_model_falcon-7b_container.txt",
        "output_model_falcon-7b_default.txt",
        "output_model_llama2-13b-hf_container.txt",
        "output_model_llama2-13b-hf_default.txt",
        "output_model_llama2-7b-hf_container.txt",
        "output_model_llama2-7b-hf_default.txt",
        "output_model_llama3-3b_container.txt",
        "output_model_llama3-3b_default.txt",
        "output_model_qwen-14.3b_container.txt",
        "output_model_qwen-14.3b_default.txt",
        "output_model_qwen-14b_container.txt",
        "output_model_qwen-14b_default.txt",
        "output_model_qwen-1.8b_container.txt",
        "output_model_qwen-1.8b_default.txt",
        "output_model_qwen-7b_container.txt",
        "output_model_qwen-7b_default.txt",
        "output_model_yi-9b_container.txt",
        "output_model_yi-9b_default.txt"
    ],
    "data": {
        "load_weights": [
            1.86,
            1.85,
            3.54,
            3.52,
            1.89,
            1.81,
            0.89,
            0.87,
            4.1,
            4.08,
            3.76,
            3.77,
            0.5,
            0.5,
            2.12,
            2.1,
            2.35,
            2.35
        ],
        "model_init": [
            0.12,
            0.11,
            0.12,
            0.13,
            0.12,
            0.12,
            0.13,
            0.13,
            0.12,
            0.12,
            0.13,
            0.13,
            0.1,
            0.1,
            0.12,
            0.12,
            0.13,
            0.14
        ],
        "model_loading": [
            1.975509,
            1.968667,
            3.664643,
            3.65038,
            2.01044,
            1.932776,
            1.024756,
            1.001499,
            4.231872,
            4.209652,
            3.892075,
            3.905923,
            0.609068,
            0.612679,
            2.241948,
            2.218691,
            2.485582,
            2.494078
        ],
        "dynamo_transform_time": [
            4.22,
            4.52,
            5.57,
            6.55,
            4.48,
            5.14,
            3.93,
            4.54,
            4.13,
            4.56,
            5.77,
            6.69,
            3.56,
            4.07,
            4.57,
            5.25,
            6.51,
            7.64
        ],
        "graph_compile_general_shape": [
            null,
            null,
            null,
            null,
            null,
            null,
            null,
            null,
            null,
            null,
            null,
            null,
            null,
            null,
            null,
            null,
            null,
            null
        ],
        "graph_compile_cached": [
            3.818,
            4.067,
            4.872,
            5.473,
            4.092,
            4.239,
            3.441,
            3.931,
            2.969,
            3.401,
            4.945,
            5.507,
            3.321,
            3.445,
            4.107,
            4.338,
            5.962,
            6.787
        ],
        "torch.compile": [
            4.22,
            4.52,
            5.57,
            6.55,
            4.48,
            5.14,
            3.93,
            4.54,
            4.13,
            4.56,
            5.77,
            6.69,
            3.56,
            4.07,
            4.57,
            5.25,
            6.51,
            7.64
        ],
        "kv_cache_profiling": [
            10.26,
            10.82,
            12.81,
            14.41,
            10.28,
            11.09,
            8.92,
            10.04,
            8.76,
            9.61,
            13.1,
            14.6,
            8.1,
            8.76,
            10.39,
            11.32,
            14.3,
            16.26
        ],
        "graph_capturing": [
            1.18,
            1.14,
            1.47,
            1.46,
            1.11,
            1.1,
            1.05,
            1.02,
            1.56,
            1.52,
            1.52,
            1.51,
            0.95,
            0.92,
            1.14,
            1.15,
            1.47,
            1.47
        ],
        "init_engine": [
            11.89,
            12.43,
            14.75,
            16.36,
            11.86,
            12.67,
            10.42,
            11.52,
            10.78,
            11.6,
            15.1,
            16.62,
            9.49,
            10.14,
            12.0,
            12.95,
            16.26,
            18.24
        ],
        "tokenizer_init": [
            0.13,
            0.12,
            0.09,
            0.09,
            0.09,
            0.09,
            0.3,
            0.29,
            0.25,
            0.25,
            0.25,
            0.25,
            0.25,
            0.25,
            0.25,
            0.25,
            0.16,
            0.16
        ],
        "total_time": [
            13.995509000000002,
            14.518666999999999,
            18.504642999999998,
            20.100379999999998,
            13.960439999999998,
            14.692776,
            11.744756,
            12.811498999999998,
            15.261872,
            16.059652,
            19.242075,
            20.775923000000002,
            10.349068,
            11.002679,
            14.491948,
            15.418690999999999,
            18.905582000000003,
            20.894077999999997
        ],
        "actual_total_time": [
            22.14,
            22.57,
            25.96,
            27.42,
            21.44,
            21.98,
            19.43,
            20.34,
            22.88,
            23.56,
            26.75,
            28.24,
            17.86,
            18.48,
            21.99,
            22.91,
            26.45,
            28.29
        ]
    }
}