{
    "labels": [
        "output_model_falcon-7b.txt",
        "output_model_llama2-13b-hf.txt",
        "output_model_llama2-7b-hf.txt",
        "output_model_llama3-3b.txt",
        "output_model_qwen-0.5b.txt",
        "output_model_qwen-14b_max_model_len_16752.txt",
        "output_model_qwen-1.8b.txt",
        "output_model_qwen-4b.txt",
        "output_model_qwen-7b.txt",
        "output_model_yi-6b.txt",
        "output_model_yi-9b.txt"
    ],
    "data": {
        "detect_platfrom": [
            0.046,
            0.046,
            0.046,
            0.046,
            0.046,
            0.046,
            0.046,
            0.046,
            0.046,
            0.046,
            0.046
        ],
        "llm_imports": [
            1.316,
            1.317,
            1.315,
            1.317,
            1.317,
            1.316,
            1.314,
            1.319,
            1.317,
            1.318,
            1.317
        ],
        "get_model_info": [
            4.692,
            4.696,
            4.696,
            4.685,
            4.679,
            4.684,
            4.696,
            4.698,
            4.685,
            4.686,
            4.706
        ],
        "worker_init": [
            1.528,
            1.525,
            1.546,
            1.579,
            1.546,
            1.56,
            1.543,
            1.538,
            1.554,
            1.579,
            1.551
        ],
        "framework_bootstrap": [
            7.582000000000001,
            7.584,
            7.603,
            7.627,
            7.588,
            7.606,
            7.599,
            7.601000000000001,
            7.602,
            7.629,
            7.620000000000001
        ],
        "load_weights": [
            1.97,
            3.45,
            1.83,
            0.85,
            0.14,
            3.73,
            0.49,
            1.05,
            2.07,
            1.65,
            2.38
        ],
        "model_init": [
            0.11,
            0.12,
            0.11,
            0.13,
            0.09,
            0.12,
            0.1,
            0.12,
            0.11,
            0.11,
            0.13
        ],
        "model_loading": [
            2.082661,
            3.576908,
            1.950739,
            0.982086,
            0.23923,
            3.859988,
            0.59759,
            1.171729,
            2.183843,
            1.766821,
            2.513629
        ],
        "dynamo_transform_time": [
            4.55,
            6.53,
            5.15,
            4.58,
            4.09,
            6.66,
            4.04,
            6.79,
            5.37,
            5.11,
            7.62
        ],
        "graph_compile_general_shape": [
            null,
            null,
            null,
            null,
            null,
            null,
            null,
            null,
            null,
            null,
            null
        ],
        "graph_compile_cached": [
            3.964,
            5.313,
            4.225,
            3.925,
            3.332,
            5.331,
            3.398,
            5.587,
            4.429,
            4.457,
            6.695
        ],
        "torch.compile": [
            4.55,
            6.53,
            5.15,
            4.58,
            4.09,
            6.66,
            4.04,
            6.79,
            5.37,
            5.11,
            7.62
        ],
        "kv_cache_profiling": [
            10.22,
            13.66,
            11.17,
            10.12,
            8.65,
            13.84,
            8.68,
            14.06,
            11.6,
            11.32,
            16.28
        ],
        "graph_capturing": [
            1.49,
            2.34,
            1.48,
            1.0,
            0.65,
            2.35,
            0.73,
            1.2,
            1.5,
            1.39,
            1.98
        ],
        "init_engine": [
            12.17,
            16.5,
            13.11,
            11.59,
            9.75,
            16.7,
            9.85,
            15.75,
            13.58,
            13.19,
            18.78
        ],
        "tokenizer_init": [
            0.12,
            0.08,
            0.08,
            0.29,
            0.25,
            0.25,
            0.25,
            0.25,
            0.25,
            0.15,
            0.16
        ],
        "total_time": [
            21.954661,
            27.740907999999997,
            22.743738999999998,
            20.489086,
            17.82723,
            28.415988,
            18.296590000000002,
            24.772729,
            23.615842999999998,
            22.735820999999998,
            29.073629
        ],
        "actual_total_time": [
            23.171,
            28.571,
            23.585,
            21.543,
            18.838,
            29.397,
            19.279,
            25.757,
            24.607,
            23.653,
            29.983
        ]
    }
}