{
    "labels": [
        "output_model_falcon-7b.txt",
        "output_model_llama2-13b-hf.txt",
        "output_model_llama2-7b-hf.txt",
        "output_model_llama3-3b.txt",
        "output_model_qwen-0.5b.txt",
        "output_model_qwen-14b.txt",
        "output_model_qwen-1.8b.txt",
        "output_model_qwen-4b.txt",
        "output_model_qwen-7b.txt",
        "output_model_yi-6b.txt",
        "output_model_yi-9b.txt"
    ],
    "data": {
        "detect_platform": [
            0.017,
            0.015,
            0.015,
            0.016,
            0.016,
            0.016,
            0.016,
            0.016,
            0.015,
            0.016,
            0.015
        ],
        "llm_imports": [
            1.581,
            1.39,
            1.391,
            1.392,
            1.396,
            1.387,
            1.391,
            1.395,
            1.374,
            1.38,
            1.393
        ],
        "get_model_info": [
            4.987,
            4.888,
            4.854,
            4.878,
            4.853,
            4.87,
            4.874,
            4.841,
            4.848,
            4.902,
            4.875
        ],
        "worker_init": [
            1.766,
            1.663,
            1.746,
            1.709,
            1.692,
            1.738,
            1.704,
            1.703,
            1.716,
            1.696,
            1.708
        ],
        "framework_bootstrap": [
            8.350999999999999,
            7.9559999999999995,
            8.006,
            7.994999999999999,
            7.957,
            8.011,
            7.984999999999999,
            7.955000000000001,
            7.953,
            7.994,
            7.991
        ],
        "load_weights": [
            24.44,
            47.76,
            24.71,
            11.79,
            1.71,
            52.02,
            6.74,
            14.5,
            28.35,
            22.31,
            32.41
        ],
        "model_init": [
            0.12,
            0.13,
            0.12,
            0.13,
            0.1,
            0.13,
            0.11,
            0.13,
            0.12,
            0.12,
            0.14
        ],
        "model_loading": [
            24.56402,
            47.89969,
            24.834358,
            11.930694,
            1.810252,
            52.154465,
            6.849156,
            14.635876,
            28.474765,
            22.433237,
            32.558037
        ],
        "dynamo_transform_time": [
            4.87,
            6.82,
            5.66,
            5.55,
            4.29,
            7.78,
            4.28,
            6.96,
            5.76,
            5.66,
            8.0
        ],
        "graph_compile_general_shape": [
            null,
            null,
            null,
            null,
            null,
            null,
            null,
            null,
            null,
            null,
            null
        ],
        "graph_compile_cached": [
            4.42,
            5.859,
            4.586,
            4.247,
            3.361,
            5.906,
            3.463,
            5.772,
            4.599,
            4.868,
            7.311
        ],
        "torch.compile": [
            4.87,
            6.82,
            5.66,
            5.55,
            4.29,
            7.78,
            4.28,
            6.96,
            5.76,
            5.66,
            8.0
        ],
        "kv_cache_profiling": [
            2.3900000000000006,
            2.5909999999999993,
            1.6039999999999992,
            1.673,
            1.5790000000000006,
            2.6239999999999988,
            1.5969999999999995,
            1.838000000000001,
            1.6310000000000002,
            1.5919999999999987,
            2.0889999999999986
        ],
        "graph_capturing": [
            1.18,
            1.49,
            1.13,
            1.04,
            0.94,
            1.54,
            0.94,
            1.33,
            1.16,
            1.16,
            1.53
        ],
        "init_engine": [
            13.31,
            17.24,
            13.44,
            12.96,
            10.61,
            18.33,
            10.71,
            16.36,
            13.61,
            13.74,
            19.42
        ],
        "tokenizer_init": [
            0.12,
            0.09,
            0.09,
            0.3,
            0.26,
            0.27,
            0.27,
            0.27,
            0.26,
            0.17,
            0.16
        ],
        "total_time": [
            46.34502,
            73.18569,
            46.370358,
            33.185694,
            20.637252,
            78.76546499999999,
            25.814156,
            39.220876000000004,
            50.297765,
            44.337237,
            60.129037
        ],
        "actual_total_time": [
            47.985,
            74.018,
            47.198,
            34.232,
            21.646,
            79.771,
            26.815,
            40.221,
            51.298,
            45.285,
            61.046
        ]
    }
}