{
    "labels": [
        "output_model_deepseek-r1-distill-llama-8b.txt",
        "output_model_deepseek-r1-distill-qwen-7b.txt",
        "output_model_deepseek-v2-lite-16b.txt",
        "output_model_falcon-7b.txt",
        "output_model_gpt-oss-20b.txt",
        "output_model_llama2-13b-hf.txt",
        "output_model_llama2-7b-hf.txt",
        "output_model_llama3-3b.txt",
        "output_model_qwen-0.5b.txt",
        "output_model_qwen-14.3b.txt",
        "output_model_qwen-14b.txt",
        "output_model_qwen-1.8b.txt",
        "output_model_qwen-4b.txt",
        "output_model_qwen-7b.txt",
        "output_model_yi-6b.txt",
        "output_model_yi-9b.txt"
    ],
    "data": {
        "load_weights": [
            2.13,
            2.0,
            4.48,
            2.44,
            1.87,
            3.98,
            2.07,
            0.85,
            0.17,
            5.11,
            4.74,
            0.5,
            1.05,
            2.08,
            1.63,
            2.36
        ],
        "model_init": [
            0.14,
            0.11,
            0.16,
            0.12,
            0.16,
            0.13,
            0.12,
            0.13,
            0.1,
            0.12,
            0.13,
            0.1,
            0.13,
            0.12,
            0.12,
            0.13
        ],
        "model_loading": [
            2.275308,
            2.11168,
            4.643252,
            2.562942,
            2.307454,
            4.110013,
            2.191538,
            0.982449,
            0.272058,
            5.242623,
            4.877598,
            0.61147,
            1.182043,
            2.198386,
            1.745552,
            2.499076
        ],
        "dynamo_transform_time": [
            5.14,
            4.64,
            3.92,
            4.51,
            3.86,
            6.52,
            5.09,
            4.55,
            4.05,
            4.56,
            6.62,
            4.23,
            6.68,
            5.25,
            5.14,
            7.68
        ],
        "graph_compile_general_shape": [
            13.79,
            12.35,
            12.41,
            12.12,
            11.27,
            16.86,
            13.43,
            12.07,
            10.36,
            11.6,
            17.51,
            10.38,
            17.5,
            13.81,
            13.68,
            20.57
        ],
        "graph_compile_cached": [
            null,
            null,
            null,
            null,
            null,
            null,
            null,
            null,
            null,
            null,
            null,
            null,
            null,
            null,
            null,
            null
        ],
        "torch.compile": [
            18.93,
            16.98,
            16.33,
            16.63,
            15.14,
            23.38,
            18.52,
            16.62,
            14.41,
            16.16,
            24.12,
            14.61,
            24.18,
            19.06,
            18.82,
            28.25
        ],
        "kv_cache_profiling": [
            20.72,
            18.68,
            18.38,
            18.94,
            16.51,
            26.25,
            20.33,
            18.23,
            15.76,
            17.89,
            26.58,
            15.96,
            25.86,
            20.88,
            20.61,
            30.18
        ],
        "graph_capturing": [
            1.23,
            1.21,
            2.33,
            1.19,
            1.36,
            1.51,
            1.14,
            1.07,
            0.98,
            1.57,
            1.56,
            0.97,
            1.38,
            1.18,
            1.18,
            1.53
        ],
        "init_engine": [
            22.45,
            20.39,
            21.22,
            20.62,
            18.37,
            28.29,
            21.97,
            19.79,
            17.23,
            19.95,
            28.66,
            17.41,
            27.76,
            22.56,
            22.29,
            32.26
        ],
        "tokenizer_init": [
            0.37,
            0.31,
            0.2,
            0.12,
            0.68,
            0.08,
            0.08,
            0.29,
            0.25,
            0.25,
            0.24,
            0.25,
            0.25,
            0.25,
            0.16,
            0.32
        ],
        "total_time": [
            25.095308,
            22.81168,
            26.063252,
            23.302942,
            21.357454,
            32.480013,
            24.241538,
            21.062448999999997,
            17.752058,
            25.442622999999998,
            33.777598000000005,
            18.27147,
            29.192043,
            25.008385999999998,
            24.195552,
            35.079076
        ],
        "actual_total_time": [
            32.69,
            30.38,
            33.51,
            31.47,
            31.77,
            39.76,
            31.51,
            28.58,
            25.27,
            32.92,
            41.24,
            25.72,
            36.66,
            32.45,
            31.59,
            42.32
        ]
    }
}