{
    "labels": [
        "output_model_falcon-7b.txt",
        "output_model_llama2-13b-hf.txt",
        "output_model_llama2-7b-hf.txt",
        "output_model_llama3-3b.txt",
        "output_model_qwen-0.5b.txt",
        "output_model_qwen-14b.txt",
        "output_model_qwen-1.8b.txt",
        "output_model_qwen-4b.txt",
        "output_model_qwen-7b.txt",
        "output_model_yi-6b.txt",
        "output_model_yi-9b.txt"
    ],
    "data": {
        "detect_platform": [
            0.036,
            0.034,
            0.034,
            0.034,
            0.034,
            0.034,
            0.034,
            0.034,
            0.034,
            0.035,
            0.034
        ],
        "llm_imports": [
            1.752,
            1.491,
            1.467,
            1.506,
            1.483,
            1.478,
            1.488,
            1.496,
            1.484,
            1.484,
            1.483
        ],
        "get_model_info": [
            6.049,
            5.426,
            5.458,
            5.425,
            5.446,
            5.434,
            5.379,
            5.413,
            5.381,
            5.366,
            5.448
        ],
        "worker_init": [
            2.044,
            1.771,
            1.769,
            1.768,
            1.766,
            1.78,
            1.777,
            1.785,
            1.791,
            1.761,
            1.756
        ],
        "framework_bootstrap": [
            9.881,
            8.722000000000001,
            8.728,
            8.733,
            8.729,
            8.725999999999999,
            8.677999999999999,
            8.728,
            8.69,
            8.645999999999999,
            8.721
        ],
        "load_weights": [
            24.9,
            47.88,
            24.76,
            11.8,
            1.71,
            52.0,
            6.75,
            14.5,
            28.34,
            22.25,
            32.41
        ],
        "model_init": [
            0.17,
            0.13,
            0.12,
            0.14,
            0.1,
            0.14,
            0.11,
            0.13,
            0.12,
            0.12,
            0.14
        ],
        "model_loading": [
            25.072981,
            48.016567,
            24.8897,
            11.939161,
            1.814655,
            52.136329,
            6.863063,
            14.637044,
            28.465155,
            22.377494,
            32.559616
        ],
        "dynamo_transform_time": [
            5.53,
            6.89,
            5.38,
            4.77,
            4.33,
            7.0,
            4.27,
            7.16,
            5.53,
            5.39,
            8.03
        ],
        "graph_compile_general_shape": [
            null,
            null,
            null,
            null,
            null,
            null,
            null,
            null,
            null,
            null,
            null
        ],
        "graph_compile_cached": [
            4.307,
            5.752,
            4.49,
            4.182,
            3.636,
            5.775,
            3.659,
            5.843,
            4.521,
            4.761,
            7.145
        ],
        "torch.compile": [
            5.53,
            6.89,
            5.38,
            4.77,
            4.33,
            7.0,
            4.27,
            7.16,
            5.53,
            5.39,
            8.03
        ],
        "kv_cache_profiling": [
            2.5329999999999995,
            2.6580000000000013,
            1.9499999999999993,
            1.7680000000000007,
            1.403999999999999,
            2.6449999999999996,
            1.4010000000000007,
            1.866999999999999,
            1.9689999999999994,
            1.939,
            2.1450000000000014
        ],
        "graph_capturing": [
            1.17,
            1.48,
            1.14,
            1.04,
            0.96,
            1.53,
            0.95,
            1.33,
            1.16,
            1.16,
            1.5
        ],
        "init_engine": [
            14.04,
            17.29,
            13.46,
            12.26,
            10.82,
            17.48,
            10.75,
            16.71,
            13.69,
            13.75,
            19.35
        ],
        "tokenizer_init": [
            0.14,
            0.09,
            0.09,
            0.3,
            0.26,
            0.27,
            0.26,
            0.26,
            0.26,
            0.17,
            0.17
        ],
        "total_time": [
            49.133981,
            74.11856700000001,
            47.1677,
            33.232161,
            21.623655000000003,
            78.612329,
            26.551063000000003,
            40.335043999999996,
            51.105154999999996,
            44.943494,
            60.800616
        ],
        "actual_total_time": [
            50.89,
            75.012,
            48.059,
            34.341,
            22.696,
            79.672,
            27.606,
            41.386,
            52.154,
            45.934,
            61.778
        ]
    }
}