{
    "labels": [
        "output_model_llama2-7b-hf_cuda-graph-sizes_1.txt",
        "output_model_llama2-7b-hf_cuda-graph-sizes_56.txt",
        "output_model_llama2-7b-hf_cuda-graph-sizes_136.txt",
        "output_model_llama2-7b-hf_cuda-graph-sizes_216.txt",
        "output_model_llama2-7b-hf_cuda-graph-sizes_296.txt",
        "output_model_llama2-7b-hf_cuda-graph-sizes_376.txt",
        "output_model_llama2-7b-hf_cuda-graph-sizes_456.txt"
    ],
    "data": {
        "detect_platform": [
            0.0162,
            0.0162,
            0.0162,
            0.016,
            0.0162,
            0.0164,
            0.016
        ],
        "llm_imports": [
            1.4148,
            1.4232,
            1.4216,
            1.416,
            1.416,
            1.4127999999999998,
            1.4122000000000001
        ],
        "get_model_info": [
            5.2219999999999995,
            5.2182,
            5.229,
            5.2314,
            5.229799999999999,
            5.236400000000001,
            5.2264
        ],
        "worker_init": [
            1.9928000000000001,
            2.0078,
            2.0126,
            2.0107999999999997,
            2.0066,
            2.0054000000000003,
            2.0073999999999996
        ],
        "framework_bootstrap": [
            8.6458,
            8.6654,
            8.679400000000001,
            8.674199999999999,
            8.6686,
            8.671000000000001,
            8.661999999999999
        ],
        "load_weights": [
            1.684,
            1.682,
            1.684,
            1.6759999999999997,
            1.684,
            1.686,
            1.684
        ],
        "model_init": [
            0.126,
            0.126,
            0.13,
            0.128,
            0.126,
            0.128,
            0.126
        ],
        "model_loading": [
            1.81,
            1.8079999999999998,
            1.814,
            1.8039999999999998,
            1.81,
            1.814,
            1.81
        ],
        "dynamo_transform_time": [
            5.4159999999999995,
            5.394,
            5.442,
            5.4319999999999995,
            5.4159999999999995,
            5.4479999999999995,
            5.404
        ],
        "graph_compile_general_shape": [
            null,
            null,
            null,
            null,
            null,
            null,
            null
        ],
        "graph_compile_cached": [
            4.5892,
            4.5436,
            4.599,
            4.596,
            4.5722000000000005,
            4.6174,
            4.5733999999999995
        ],
        "torch.compile": [
            5.4159999999999995,
            5.394,
            5.442,
            5.4319999999999995,
            5.4159999999999995,
            5.4479999999999995,
            5.404
        ],
        "kv_cache_profiling": [
            1.9367999999999999,
            1.9324,
            1.9490000000000003,
            1.9400000000000002,
            1.9418000000000002,
            1.9426,
            1.9406000000000003
        ],
        "graph_capturing": [
            0.36,
            0.526,
            0.78,
            1.038,
            1.312,
            1.582,
            1.876
        ],
        "init_engine": [
            12.302,
            12.395999999999999,
            12.77,
            13.006,
            13.242,
            13.59,
            13.793999999999999
        ],
        "tokenizer_init": [
            0.08800000000000001,
            0.084,
            0.08800000000000001,
            0.086,
            0.084,
            0.08600000000000001,
            0.08600000000000001
        ],
        "total_time": [
            22.8458,
            22.9534,
            23.3514,
            23.5702,
            23.8046,
            24.161,
            24.351999999999997
        ],
        "actual_total_time": [
            23.7756568,
            23.8839406,
            24.286472000000003,
            24.4951308,
            24.7403784,
            25.095959200000003,
            25.2823672
        ]
    }
}