{
    "labels": [
        "output_model_llama2-13b-hf_cuda-graph-sizes_1.txt",
        "output_model_llama2-13b-hf_cuda-graph-sizes_128.txt",
        "output_model_llama2-13b-hf_cuda-graph-sizes_16.txt",
        "output_model_llama2-13b-hf_cuda-graph-sizes_256.txt",
        "output_model_llama2-13b-hf_cuda-graph-sizes_32.txt",
        "output_model_llama2-13b-hf_cuda-graph-sizes_512.txt",
        "output_model_llama2-13b-hf_cuda-graph-sizes_64.txt",
        "output_model_llama2-13b-hf_cuda-graph-sizes_8.txt",
        "output_model_qwen-4b_cuda-graph-sizes_1.txt",
        "output_model_qwen-4b_cuda-graph-sizes_128.txt",
        "output_model_qwen-4b_cuda-graph-sizes_16.txt",
        "output_model_qwen-4b_cuda-graph-sizes_256.txt",
        "output_model_qwen-4b_cuda-graph-sizes_32.txt",
        "output_model_qwen-4b_cuda-graph-sizes_512.txt",
        "output_model_qwen-4b_cuda-graph-sizes_64.txt",
        "output_model_qwen-4b_cuda-graph-sizes_8.txt"
    ],
    "data": {
        "load_weights": [
            14.41,
            14.2,
            14.22,
            14.06,
            14.25,
            14.31,
            14.36,
            14.18,
            4.44,
            4.43,
            4.48,
            4.46,
            4.42,
            4.46,
            4.44,
            4.5
        ],
        "model_init": [
            0.24,
            0.24,
            0.25,
            0.25,
            0.24,
            0.24,
            0.25,
            0.53,
            0.23,
            0.24,
            0.24,
            0.24,
            0.24,
            0.25,
            0.24,
            0.23
        ],
        "model_loading": [
            14.664606,
            14.450307,
            14.472054,
            14.315512,
            14.500917,
            14.561971,
            14.61681,
            14.7198,
            4.683499,
            4.676711,
            4.732565,
            4.701266,
            4.674394,
            4.718547,
            4.68117,
            4.743471
        ],
        "dynamo_transform_time": [
            11.02,
            10.77,
            10.81,
            10.96,
            10.93,
            10.59,
            10.91,
            10.87,
            11.05,
            11.25,
            11.08,
            11.18,
            11.19,
            11.08,
            11.04,
            11.3
        ],
        "graph_compile_general_shape": [
            null,
            null,
            null,
            null,
            null,
            null,
            null,
            null,
            null,
            null,
            null,
            null,
            null,
            null,
            null,
            null
        ],
        "graph_compile_cached": [
            9.942,
            9.508,
            9.428,
            9.805,
            9.963,
            10.427,
            9.472,
            9.802,
            9.724,
            9.637,
            9.637,
            9.249,
            9.703,
            10.45,
            9.158,
            9.208
        ],
        "torch.compile": [
            11.02,
            10.77,
            10.81,
            10.96,
            10.93,
            10.59,
            10.91,
            10.87,
            11.05,
            11.25,
            11.08,
            11.18,
            11.19,
            11.08,
            11.04,
            11.3
        ],
        "kv_cache_profiling": [
            25.98,
            25.53,
            25.26,
            25.87,
            25.86,
            26.09,
            25.46,
            25.75,
            24.62,
            24.45,
            24.27,
            23.98,
            24.45,
            25.01,
            23.68,
            24.04
        ],
        "graph_capturing": [
            1.03,
            6.78,
            1.52,
            12.0,
            2.11,
            23.67,
            3.67,
            1.37,
            0.92,
            5.68,
            1.49,
            11.46,
            2.1,
            22.03,
            3.29,
            1.19
        ],
        "kv_cache_init": [
            0.01,
            0.01,
            0.01,
            0.01,
            0.01,
            0.01,
            0.01,
            0.01,
            0.01,
            0.01,
            0.01,
            0.01,
            0.01,
            0.01,
            0.01,
            0.01
        ],
        "init_engine": [
            27.5,
            32.8,
            27.25,
            38.4,
            28.44,
            50.22,
            29.62,
            27.59,
            25.98,
            30.58,
            26.21,
            35.9,
            27.0,
            47.49,
            27.42,
            25.92
        ],
        "tokenizer_init": [
            0.13,
            0.13,
            0.12,
            0.13,
            0.13,
            0.12,
            0.13,
            0.13,
            0.38,
            0.38,
            0.39,
            0.38,
            0.38,
            0.38,
            0.39,
            0.41
        ],
        "total_time": [
            42.294606,
            47.380307,
            41.842054,
            52.845512,
            43.070917,
            64.901971,
            44.36681,
            42.4398,
            31.043499,
            35.636711,
            31.332565000000002,
            40.981266,
            32.054394,
            52.588547000000005,
            32.491170000000004,
            31.073471
        ],
        "actual_total_time": [
            57.51,
            62.37,
            56.56,
            67.59,
            58.55,
            79.46,
            59.02,
            57.16,
            45.83,
            50.51,
            46.26,
            56.11,
            46.97,
            68.32,
            47.52,
            46.17
        ]
    }
}