{
    "labels": [
        "output_model_llama3-3b_default.txt",
        "output_model_llama3-3b_torch2.5.1.txt",
        "output_model_llama3-3b_torch2.6.0.txt",
        "output_model_qwen-4b_default.txt",
        "output_model_qwen-4b_torch2.5.1.txt",
        "output_model_qwen-4b_torch2.6.0.txt",
        "output_model_yi-9b_default.txt",
        "output_model_yi-9b_torch2.5.1.txt",
        "output_model_yi-9b_torch2.6.0.txt"
    ],
    "data": {
        "detect_platfrom": [
            0.0,
            0.0,
            1.0,
            0.0,
            0.0,
            0.0,
            0.0,
            0.0,
            0.0
        ],
        "llm_imports": [
            1.0,
            2.0,
            1.0,
            1.0,
            1.0,
            1.0,
            2.0,
            1.0,
            1.0
        ],
        "get_model_info": [
            5.0,
            4.0,
            4.0,
            5.0,
            5.0,
            5.0,
            4.0,
            4.0,
            5.0
        ],
        "worker_init": [
            2.0,
            2.0,
            1.0,
            2.0,
            1.0,
            2.0,
            1.0,
            1.0,
            1.0
        ],
        "framework_bootstrap": [
            8.0,
            8.0,
            7.0,
            8.0,
            7.0,
            8.0,
            7.0,
            6.0,
            7.0
        ],
        "load_weights": [
            0.88,
            0.87,
            0.87,
            1.07,
            1.08,
            1.07,
            2.35,
            2.38,
            2.35
        ],
        "model_init": [
            0.13,
            0.13,
            0.13,
            0.12,
            0.12,
            0.12,
            0.13,
            0.13,
            0.13
        ],
        "model_loading": [
            1.017891,
            1.001074,
            1.000378,
            1.199728,
            1.205045,
            1.195433,
            2.491572,
            2.51886,
            2.483742
        ],
        "dynamo_transform_time": [
            4.67,
            4.54,
            4.5,
            6.98,
            6.63,
            6.6,
            7.6,
            7.59,
            7.82
        ],
        "graph_compile_general_shape": [
            null,
            null,
            null,
            null,
            null,
            null,
            null,
            null,
            null
        ],
        "graph_compile_cached": [
            4.099,
            3.896,
            3.887,
            5.627,
            5.337,
            5.322,
            6.76,
            6.771,
            7.091
        ],
        "torch.compile": [
            4.67,
            4.54,
            4.5,
            6.98,
            6.63,
            6.6,
            7.6,
            7.59,
            7.82
        ],
        "kv_cache_profiling": [
            1.5709999999999997,
            1.5139999999999993,
            1.513,
            1.6130000000000013,
            1.583000000000002,
            1.5879999999999992,
            1.8399999999999999,
            1.7989999999999995,
            1.8089999999999975
        ],
        "graph_capturing": [
            1.01,
            1.0,
            1.01,
            1.29,
            1.28,
            1.27,
            1.48,
            1.47,
            1.46
        ],
        "init_engine": [
            11.81,
            11.37,
            11.33,
            16.0,
            15.28,
            15.22,
            18.19,
            18.11,
            18.64
        ],
        "tokenizer_init": [
            0.29,
            0.28,
            0.28,
            0.25,
            0.25,
            0.25,
            0.16,
            0.16,
            0.15
        ],
        "total_time": [
            21.117891,
            20.651074,
            19.610378,
            25.449728,
            23.735045,
            24.665433,
            27.841572000000003,
            26.78886,
            28.273742
        ],
        "actual_total_time": [
            22.0,
            21.0,
            21.0,
            26.0,
            25.0,
            25.0,
            30.0,
            29.0,
            29.0
        ]
    }
}