{
    "labels": [
        "output_model_llama3-3b_default.txt",
        "output_model_llama3-3b_torch2.5.1.txt",
        "output_model_llama3-3b_torch2.6.0.txt",
        "output_model_qwen-4b_default.txt",
        "output_model_qwen-4b_torch2.5.1.txt",
        "output_model_qwen-4b_torch2.6.0.txt",
        "output_model_yi-9b_default.txt",
        "output_model_yi-9b_torch2.5.1.txt",
        "output_model_yi-9b_torch2.6.0.txt"
    ],
    "data": {
        "load_weights": [
            0.88,
            0.87,
            0.87,
            1.07,
            1.08,
            1.07,
            2.35,
            2.38,
            2.35
        ],
        "model_init": [
            0.13,
            0.13,
            0.13,
            0.12,
            0.12,
            0.12,
            0.13,
            0.13,
            0.13
        ],
        "model_loading": [
            1.017891,
            1.001074,
            1.000378,
            1.199728,
            1.205045,
            1.195433,
            2.491572,
            2.51886,
            2.483742
        ],
        "dynamo_transform_time": [
            4.67,
            4.54,
            4.5,
            6.98,
            6.63,
            6.6,
            7.6,
            7.59,
            7.82
        ],
        "graph_compile_general_shape": [
            null,
            null,
            null,
            null,
            null,
            null,
            null,
            null,
            null
        ],
        "graph_compile_cached": [
            4.099,
            3.896,
            3.887,
            5.627,
            5.337,
            5.322,
            6.76,
            6.771,
            7.091
        ],
        "torch.compile": [
            4.67,
            4.54,
            4.5,
            6.98,
            6.63,
            6.6,
            7.6,
            7.59,
            7.82
        ],
        "kv_cache_profiling": [
            10.34,
            9.95,
            9.9,
            14.22,
            13.55,
            13.51,
            16.2,
            16.16,
            16.72
        ],
        "graph_capturing": [
            1.01,
            1.0,
            1.01,
            1.29,
            1.28,
            1.27,
            1.48,
            1.47,
            1.46
        ],
        "init_engine": [
            11.81,
            11.37,
            11.33,
            16.0,
            15.28,
            15.22,
            18.19,
            18.11,
            18.64
        ],
        "tokenizer_init": [
            0.29,
            0.28,
            0.28,
            0.25,
            0.25,
            0.25,
            0.16,
            0.16,
            0.15
        ],
        "total_time": [
            13.117891,
            12.651074,
            12.610377999999999,
            17.449728,
            16.735045,
            16.665433,
            20.841572000000003,
            20.78886,
            21.273742
        ],
        "actual_total_time": [
            20.65,
            19.65,
            19.66,
            24.92,
            23.72,
            23.62,
            28.22,
            27.66,
            28.15
        ]
    }
}