{
    "labels": [
        "output_model_falcon-7b.txt",
        "output_model_llama2-13b-hf.txt",
        "output_model_llama2-7b-hf.txt",
        "output_model_llama3-3b.txt",
        "output_model_qwen-0.5b.txt",
        "output_model_qwen-14b.txt",
        "output_model_qwen-1.8b.txt",
        "output_model_qwen-4b.txt",
        "output_model_qwen-7b.txt",
        "output_model_yi-6b.txt",
        "output_model_yi-9b.txt"
    ],
    "data": {
        "detect_platform": [
            0.036,
            0.034,
            0.034,
            0.035,
            0.034,
            0.034,
            0.034,
            0.034,
            0.034,
            0.034,
            0.034
        ],
        "llm_imports": [
            1.767,
            1.482,
            1.477,
            1.484,
            1.491,
            1.487,
            1.47,
            1.488,
            1.47,
            1.49,
            1.477
        ],
        "get_model_info": [
            6.022,
            5.408,
            5.446,
            5.396,
            5.416,
            5.408,
            5.442,
            5.404,
            5.388,
            5.406,
            5.384
        ],
        "worker_init": [
            1.997,
            1.758,
            1.784,
            1.776,
            1.763,
            1.769,
            1.785,
            1.764,
            1.768,
            1.756,
            1.779
        ],
        "framework_bootstrap": [
            9.822000000000001,
            8.682,
            8.741,
            8.691,
            8.704,
            8.698,
            8.731,
            8.69,
            8.66,
            8.686,
            8.674
        ],
        "load_weights": [
            24.62,
            47.84,
            24.93,
            11.82,
            1.71,
            52.03,
            6.75,
            14.5,
            28.35,
            22.25,
            32.42
        ],
        "model_init": [
            0.17,
            0.13,
            0.12,
            0.14,
            0.1,
            0.13,
            0.11,
            0.13,
            0.12,
            0.12,
            0.14
        ],
        "model_loading": [
            24.787638,
            47.982053,
            25.054359,
            11.964506,
            1.813227,
            52.162812,
            6.859051,
            14.637844,
            28.475919,
            22.377588,
            32.56472
        ],
        "dynamo_transform_time": [
            5.53,
            6.9,
            5.35,
            4.86,
            4.3,
            6.99,
            4.32,
            7.05,
            5.59,
            5.43,
            8.14
        ],
        "graph_compile_general_shape": [
            null,
            null,
            null,
            null,
            null,
            null,
            null,
            null,
            null,
            null,
            null
        ],
        "graph_compile_cached": [
            4.297,
            5.767,
            4.469,
            4.182,
            3.577,
            5.802,
            3.745,
            5.741,
            4.599,
            4.797,
            7.381
        ],
        "torch.compile": [
            5.53,
            6.9,
            5.35,
            4.86,
            4.3,
            6.99,
            4.32,
            7.05,
            5.59,
            5.43,
            8.14
        ],
        "kv_cache_profiling": [
            2.5329999999999995,
            2.6629999999999985,
            1.9410000000000007,
            1.7779999999999987,
            1.383,
            2.678000000000001,
            1.4149999999999991,
            1.8889999999999993,
            1.9610000000000003,
            1.923,
            2.158999999999999
        ],
        "graph_capturing": [
            1.17,
            1.48,
            1.13,
            1.04,
            0.96,
            1.53,
            0.95,
            1.33,
            1.16,
            1.16,
            1.5
        ],
        "init_engine": [
            14.01,
            17.34,
            13.39,
            12.34,
            10.7,
            17.52,
            10.91,
            16.52,
            13.82,
            13.81,
            19.71
        ],
        "tokenizer_init": [
            0.14,
            0.1,
            0.09,
            0.3,
            0.26,
            0.26,
            0.26,
            0.26,
            0.26,
            0.16,
            0.16
        ],
        "total_time": [
            48.759638,
            74.104053,
            47.27535900000001,
            33.295506,
            21.477227000000003,
            78.64081200000001,
            26.760051,
            40.10784399999999,
            51.215919,
            45.033587999999995,
            61.10872
        ],
        "actual_total_time": [
            50.498,
            74.991,
            48.173,
            34.418,
            22.563,
            79.703,
            27.819,
            41.165,
            52.269,
            46.027,
            62.098
        ]
    }
}