{
    "labels": [
        "output_model_falcon-7b.txt",
        "output_model_llama2-13b-hf.txt",
        "output_model_llama2-7b-hf.txt",
        "output_model_llama3-3b.txt",
        "output_model_qwen-0.5b.txt",
        "output_model_qwen-14b.txt",
        "output_model_qwen-1.8b.txt",
        "output_model_qwen-4b.txt",
        "output_model_qwen-7b.txt",
        "output_model_yi-6b.txt",
        "output_model_yi-9b.txt"
    ],
    "data": {
        "detect_platfrom": [
            0.6,
            0.4,
            0.4,
            0.4,
            0.4,
            0.4,
            0.2,
            0.8,
            0.6,
            0.6,
            0.2
        ],
        "llm_imports": [
            1.4,
            1.4,
            1.2,
            1.2,
            1.2,
            1.4,
            1.6,
            1.2,
            1.4,
            1.2,
            1.6
        ],
        "get_model_info": [
            7.6,
            6.8,
            7.0,
            6.6,
            6.8,
            6.8,
            6.6,
            6.8,
            6.8,
            6.8,
            6.6
        ],
        "worker_init": [
            2.6,
            2.0,
            2.0,
            2.0,
            2.2,
            2.2,
            2.0,
            2.0,
            2.4,
            2.2,
            2.2
        ],
        "framework_bootstrap": [
            12.2,
            10.6,
            10.6,
            10.2,
            10.600000000000001,
            10.8,
            10.4,
            10.8,
            11.200000000000001,
            10.8,
            10.600000000000001
        ],
        "load_weights": [
            3.6199999999999997,
            6.162000000000001,
            3.0460000000000003,
            1.434,
            0.21400000000000002,
            6.362,
            0.818,
            1.7259999999999998,
            3.3920000000000003,
            2.66,
            3.886
        ],
        "model_init": [
            0.13,
            0.11199999999999999,
            0.10400000000000001,
            0.13999999999999999,
            0.09,
            0.11200000000000002,
            0.096,
            0.11000000000000001,
            0.126,
            0.10600000000000001,
            0.12
        ],
        "model_loading": [
            3.7499999999999996,
            6.274000000000001,
            3.1500000000000004,
            1.5739999999999998,
            0.30400000000000005,
            6.474,
            0.9139999999999999,
            1.8359999999999999,
            3.5180000000000002,
            2.766,
            4.006
        ],
        "dynamo_transform_time": [
            4.164,
            5.324,
            4.398000000000001,
            3.836,
            3.3979999999999997,
            5.4559999999999995,
            3.3560000000000003,
            5.444000000000001,
            4.546,
            4.444,
            6.258
        ],
        "graph_compile_general_shape": [
            null,
            null,
            null,
            null,
            null,
            null,
            null,
            null,
            null,
            null,
            null
        ],
        "graph_compile_cached": [
            3.2916,
            4.5294,
            3.5558,
            3.1903999999999995,
            2.6252000000000004,
            4.5676000000000005,
            2.6878,
            4.4196,
            3.595,
            3.6933999999999996,
            5.5636
        ],
        "torch.compile": [
            4.164,
            5.324,
            4.398000000000001,
            3.836,
            3.3979999999999997,
            5.4559999999999995,
            3.3560000000000003,
            5.444000000000001,
            4.546,
            4.444,
            6.258
        ],
        "kv_cache_profiling": [
            9.596,
            12.05,
            9.234000000000002,
            8.33,
            7.288,
            12.236,
            7.23,
            11.248000000000001,
            9.38,
            9.393999999999998,
            13.64
        ],
        "graph_capturing": [
            1.166,
            1.4899999999999998,
            1.084,
            0.9719999999999999,
            0.9440000000000002,
            1.4819999999999998,
            0.8360000000000001,
            1.244,
            1.1219999999999999,
            1.034,
            1.4279999999999997
        ],
        "init_engine": [
            10.762,
            13.540000000000001,
            10.318000000000001,
            9.302,
            8.232000000000001,
            13.718,
            8.066,
            12.492,
            10.502,
            10.427999999999999,
            15.068
        ],
        "tokenizer_init": [
            0.396,
            0.35,
            0.336,
            0.5700000000000001,
            0.534,
            0.502,
            0.508,
            0.49000000000000005,
            0.508,
            0.442,
            0.45199999999999996
        ],
        "total_time": [
            27.108,
            30.764000000000003,
            24.404,
            21.646,
            19.67,
            31.494,
            19.888,
            25.618,
            25.728,
            24.436,
            30.125999999999998
        ],
        "actual_total_time": [
            27.9541306,
            31.9387042,
            25.549514,
            23.3808522,
            21.0186462,
            32.786505399999996,
            19.6817672,
            26.981210599999997,
            26.5594062,
            25.356097,
            31.448740999999995
        ]
    }
}