{
    "labels": [
        "output_model_llama2-13b-hf_max-model-len_1024.txt",
        "output_model_llama2-13b-hf_max-model-len_2048.txt",
        "output_model_llama2-13b-hf_max-model-len_256.txt",
        "output_model_llama2-13b-hf_max-model-len_4096.txt",
        "output_model_llama2-13b-hf_max-model-len_512.txt",
        "output_model_qwen-4b_max-model-len_1024.txt",
        "output_model_qwen-4b_max-model-len_16384.txt",
        "output_model_qwen-4b_max-model-len_2048.txt",
        "output_model_qwen-4b_max-model-len_256.txt",
        "output_model_qwen-4b_max-model-len_32768.txt",
        "output_model_qwen-4b_max-model-len_4096.txt",
        "output_model_qwen-4b_max-model-len_512.txt",
        "output_model_qwen-4b_max-model-len_8192.txt"
    ],
    "data": {
        "load_weights": [
            14.32,
            14.23,
            14.46,
            14.29,
            14.34,
            4.45,
            4.47,
            4.4,
            4.47,
            4.5,
            4.48,
            4.43,
            4.48
        ],
        "model_init": [
            0.25,
            0.24,
            0.24,
            0.25,
            0.24,
            0.24,
            0.23,
            0.24,
            0.24,
            0.24,
            0.24,
            0.24,
            0.24
        ],
        "model_loading": [
            14.574871,
            14.484781,
            14.707185,
            14.545928,
            14.596145,
            4.703755,
            4.713117,
            4.647495,
            4.726463,
            4.749992,
            4.730256,
            4.674633,
            4.722526
        ],
        "dynamo_transform_time": [
            10.97,
            10.83,
            10.82,
            11.0,
            10.69,
            10.93,
            10.6,
            10.97,
            10.86,
            10.89,
            11.05,
            10.95,
            10.93
        ],
        "graph_compile_general_shape": [
            null,
            null,
            null,
            null,
            null,
            null,
            null,
            null,
            null,
            null,
            null,
            null,
            null
        ],
        "graph_compile_cached": [
            9.393,
            9.595,
            9.353,
            10.268,
            9.682,
            9.035,
            9.265,
            9.893,
            9.579,
            9.111,
            9.54,
            9.442,
            9.578
        ],
        "torch.compile": [
            10.97,
            10.83,
            10.82,
            11.0,
            10.69,
            10.93,
            10.6,
            10.97,
            10.86,
            10.89,
            11.05,
            10.95,
            10.93
        ],
        "kv_cache_profiling": [
            25.51,
            25.4,
            25.41,
            26.29,
            25.41,
            23.46,
            23.51,
            24.39,
            24.0,
            23.63,
            24.14,
            23.91,
            24.06
        ],
        "graph_capturing": [
            23.4,
            23.1,
            23.18,
            23.55,
            24.46,
            22.09,
            22.33,
            21.97,
            22.15,
            22.79,
            22.39,
            22.66,
            21.4
        ],
        "kv_cache_init": [
            0.01,
            0.01,
            0.02,
            0.01,
            0.01,
            0.05,
            0.01,
            0.01,
            0.01,
            0.01,
            0.01,
            0.01,
            0.01
        ],
        "init_engine": [
            49.44,
            48.98,
            49.05,
            50.3,
            50.34,
            46.03,
            46.31,
            46.81,
            46.6,
            46.9,
            46.98,
            47.02,
            45.9
        ],
        "tokenizer_init": [
            0.13,
            0.13,
            0.12,
            0.12,
            0.13,
            0.39,
            0.38,
            0.36,
            0.37,
            0.38,
            0.38,
            0.37,
            0.38
        ],
        "total_time": [
            64.144871,
            63.594781,
            63.877185,
            64.965928,
            65.066145,
            51.123755,
            51.403117,
            51.817495,
            51.696463,
            52.029992,
            52.090256,
            52.064633,
            51.002526
        ],
        "actual_total_time": [
            79.16,
            78.49,
            78.36,
            79.81,
            79.7,
            65.65,
            66.31,
            67.51,
            66.39,
            67.5,
            66.83,
            66.94,
            66.08
        ]
    }
}