{
    "labels": [
        "output_model_falcon-7b.txt",
        "output_model_llama2-13b-hf.txt",
        "output_model_llama2-7b-hf.txt",
        "output_model_llama3-3b.txt",
        "output_model_qwen-0.5b.txt",
        "output_model_qwen-14b.txt",
        "output_model_qwen-1.8b.txt",
        "output_model_qwen-4b.txt",
        "output_model_qwen-7b.txt",
        "output_model_yi-6b.txt",
        "output_model_yi-9b.txt"
    ],
    "data": {
        "detect_platform": [
            0.0,
            0.0,
            1.0,
            0.0,
            0.0,
            0.0,
            1.0,
            0.0,
            1.0,
            1.0,
            0.0
        ],
        "llm_imports": [
            1.0,
            1.0,
            1.0,
            2.0,
            1.0,
            1.0,
            1.0,
            2.0,
            1.0,
            1.0,
            1.0
        ],
        "get_model_info": [
            7.0,
            7.0,
            6.0,
            6.0,
            7.0,
            7.0,
            7.0,
            6.0,
            7.0,
            7.0,
            7.0
        ],
        "worker_init": [
            2.0,
            2.0,
            2.0,
            2.0,
            3.0,
            2.0,
            2.0,
            2.0,
            2.0,
            2.0,
            2.0
        ],
        "framework_bootstrap": [
            10.0,
            10.0,
            10.0,
            10.0,
            11.0,
            10.0,
            11.0,
            10.0,
            11.0,
            11.0,
            10.0
        ],
        "load_weights": [
            2.04,
            3.58,
            1.88,
            0.93,
            0.15,
            4.88,
            0.55,
            1.16,
            2.15,
            2.46,
            2.49
        ],
        "model_init": [
            0.1,
            0.11,
            0.11,
            0.13,
            0.09,
            0.12,
            0.1,
            0.12,
            0.11,
            0.1,
            0.12
        ],
        "model_loading": [
            2.681895,
            4.265221,
            2.510501,
            1.844197,
            0.863784,
            5.560191,
            1.174976,
            1.810366,
            2.857781,
            3.176389,
            3.292885
        ],
        "dynamo_transform_time": [
            3.82,
            5.21,
            4.53,
            3.74,
            3.33,
            5.39,
            3.36,
            5.44,
            4.47,
            4.41,
            6.27
        ],
        "graph_compile_general_shape": [
            null,
            null,
            null,
            null,
            null,
            null,
            null,
            null,
            null,
            null,
            null
        ],
        "graph_compile_cached": [
            3.314,
            4.456,
            3.562,
            3.104,
            2.52,
            4.423,
            2.775,
            4.452,
            3.522,
            3.571,
            5.471
        ],
        "torch.compile": [
            3.82,
            5.21,
            4.53,
            3.74,
            3.33,
            5.39,
            3.36,
            5.44,
            4.47,
            4.41,
            6.27
        ],
        "kv_cache_profiling": [
            2.0060000000000002,
            2.1340000000000003,
            1.2379999999999995,
            1.2960000000000003,
            1.12,
            2.1370000000000005,
            1.2149999999999999,
            1.5180000000000007,
            1.1780000000000008,
            1.2590000000000003,
            1.729000000000001
        ],
        "graph_capturing": [
            1.16,
            1.58,
            1.1,
            0.86,
            0.75,
            1.46,
            0.94,
            1.27,
            1.13,
            1.07,
            1.43
        ],
        "init_engine": [
            10.51,
            13.63,
            10.65,
            9.22,
            7.92,
            13.64,
            8.5,
            12.91,
            10.58,
            10.56,
            15.14
        ],
        "tokenizer_init": [
            0.38,
            0.33,
            0.33,
            0.52,
            0.51,
            0.51,
            0.51,
            0.58,
            0.5,
            0.44,
            0.43
        ],
        "total_time": [
            23.571895,
            28.225220999999998,
            23.490501,
            21.584197,
            20.293784000000002,
            29.710191000000002,
            21.184976000000002,
            25.300365999999997,
            24.937781,
            25.176389000000004,
            28.862885
        ],
        "actual_total_time": [
            25.0,
            29.0,
            25.0,
            23.0,
            20.0,
            31.0,
            23.0,
            27.0,
            26.0,
            27.0,
            30.0
        ]
    }
}