{
    "labels": [
        "output_model_deepseek-r1-distill-llama-8b.txt",
        "output_model_deepseek-r1-distill-qwen-7b.txt",
        "output_model_deepseek-v2-lite-16b.txt",
        "output_model_falcon-7b.txt",
        "output_model_llama2-13b-hf.txt",
        "output_model_llama2-7b-hf.txt",
        "output_model_llama3-3b.txt",
        "output_model_qwen-0.5b.txt",
        "output_model_qwen-14.3b.txt",
        "output_model_qwen-14b.txt",
        "output_model_qwen-1.8b.txt",
        "output_model_qwen-4b.txt",
        "output_model_qwen-7b.txt",
        "output_model_yi-6b.txt",
        "output_model_yi-9b.txt"
    ],
    "data": {
        "detect_platfrom": [
            0.034,
            0.034,
            0.035,
            0.034,
            0.034,
            0.034,
            0.034,
            0.035,
            0.034,
            0.034,
            0.034,
            0.033,
            0.034,
            0.033,
            0.034
        ],
        "llm_imports": [
            1.366,
            1.362,
            1.363,
            1.361,
            1.36,
            1.371,
            1.365,
            1.353,
            1.418,
            1.361,
            1.366,
            1.419,
            1.369,
            1.39,
            1.364
        ],
        "get_model_info": [
            5.005,
            5.04,
            5.042,
            5.0,
            4.992,
            5.003,
            4.993,
            4.995,
            5.034,
            4.988,
            5.049,
            4.995,
            4.978,
            5.0,
            4.99
        ],
        "worker_init": [
            1.503,
            1.493,
            1.466,
            1.463,
            1.483,
            1.464,
            1.475,
            1.461,
            1.472,
            1.487,
            1.486,
            1.479,
            1.484,
            1.492,
            1.463
        ],
        "framework_bootstrap": [
            7.908,
            7.929,
            7.906,
            7.858,
            7.869,
            7.872,
            7.867000000000001,
            7.844,
            7.958,
            7.870000000000001,
            7.9350000000000005,
            7.926,
            7.865,
            7.915,
            7.851
        ],
        "load_weights": [
            2.26,
            2.13,
            4.6,
            1.95,
            3.62,
            1.86,
            0.92,
            0.14,
            4.23,
            3.85,
            0.52,
            1.12,
            2.1,
            1.68,
            2.41
        ],
        "model_init": [
            0.16,
            0.12,
            0.17,
            0.12,
            0.13,
            0.12,
            0.16,
            0.12,
            0.12,
            0.14,
            0.12,
            0.14,
            0.13,
            0.13,
            0.14
        ],
        "model_loading": [
            2.429052,
            2.255387,
            4.782956,
            2.073139,
            3.752157,
            1.979488,
            1.081005,
            0.258609,
            4.359487,
            3.995025,
            0.646547,
            1.267841,
            2.238022,
            1.809696,
            2.552738
        ],
        "dynamo_transform_time": [
            null,
            null,
            null,
            null,
            null,
            null,
            null,
            null,
            null,
            null,
            null,
            null,
            null,
            null,
            null
        ],
        "graph_compile_general_shape": [
            null,
            null,
            null,
            null,
            null,
            null,
            null,
            null,
            null,
            null,
            null,
            null,
            null,
            null,
            null
        ],
        "graph_compile_cached": [
            null,
            null,
            null,
            null,
            null,
            null,
            null,
            null,
            null,
            null,
            null,
            null,
            null,
            null,
            null
        ],
        "torch.compile": [
            null,
            null,
            null,
            null,
            null,
            null,
            null,
            null,
            null,
            null,
            null,
            null,
            null,
            null,
            null
        ],
        "kv_cache_profiling": [
            0.68,
            0.72,
            1.0,
            0.67,
            0.79,
            0.72,
            0.65,
            0.66,
            0.93,
            0.78,
            0.67,
            0.69,
            0.72,
            0.71,
            0.74
        ],
        "graph_capturing": [
            1.47,
            1.43,
            2.51,
            1.16,
            1.87,
            1.43,
            1.36,
            1.25,
            1.88,
            1.88,
            1.24,
            1.81,
            1.5,
            1.51,
            2.0
        ],
        "init_engine": [
            2.57,
            2.58,
            3.95,
            2.24,
            3.1,
            2.57,
            2.43,
            2.32,
            3.24,
            3.09,
            2.34,
            2.94,
            2.64,
            2.65,
            3.18
        ],
        "tokenizer_init": [
            0.37,
            0.33,
            0.2,
            0.12,
            0.08,
            0.08,
            0.28,
            0.25,
            0.26,
            0.25,
            0.25,
            0.25,
            0.25,
            0.15,
            0.16
        ],
        "total_time": [
            13.277052,
            13.094387000000001,
            16.838956,
            12.291139,
            14.801157,
            12.501488,
            11.658005,
            10.672609000000001,
            15.817487,
            15.205025000000001,
            11.171547,
            12.383841,
            12.993022,
            12.524696,
            13.743738
        ],
        "actual_total_time": [
            14.436,
            14.227,
            17.854,
            13.843,
            15.664,
            13.367,
            12.729,
            11.718,
            16.851,
            16.24,
            12.21,
            13.422,
            14.022,
            13.506,
            14.697
        ]
    }
}