{
    "labels": [
        "output_model_falcon-7b.txt",
        "output_model_llama2-13b-hf.txt",
        "output_model_llama2-7b-hf.txt",
        "output_model_llama3-3b.txt",
        "output_model_qwen-0.5b.txt",
        "output_model_qwen-14b_max_model_len_16752.txt",
        "output_model_qwen-1.8b.txt",
        "output_model_qwen-4b.txt",
        "output_model_qwen-7b.txt",
        "output_model_yi-6b.txt",
        "output_model_yi-9b.txt"
    ],
    "data": {
        "detect_platform": [
            0.034,
            0.033,
            0.035,
            0.035,
            0.034,
            0.034,
            0.034,
            0.034,
            0.034,
            0.034,
            0.034
        ],
        "llm_imports": [
            1.475,
            1.472,
            1.477,
            1.472,
            1.484,
            1.47,
            1.474,
            1.508,
            1.504,
            1.496,
            1.485
        ],
        "get_model_info": [
            5.433,
            5.371,
            5.413,
            5.398,
            5.439,
            5.387,
            5.397,
            5.375,
            5.406,
            5.432,
            5.396
        ],
        "worker_init": [
            1.732,
            1.734,
            1.791,
            1.776,
            1.763,
            1.768,
            1.757,
            1.782,
            1.754,
            1.788,
            1.76
        ],
        "framework_bootstrap": [
            8.674,
            8.61,
            8.716000000000001,
            8.681,
            8.719999999999999,
            8.659,
            8.662,
            8.699,
            8.698,
            8.75,
            8.675
        ],
        "load_weights": [
            1.71,
            3.17,
            1.63,
            0.78,
            0.13,
            3.42,
            0.46,
            0.98,
            1.89,
            1.47,
            2.14
        ],
        "model_init": [
            0.12,
            0.13,
            0.12,
            0.14,
            0.1,
            0.13,
            0.11,
            0.13,
            0.12,
            0.12,
            0.14
        ],
        "model_loading": [
            1.837243,
            3.304686,
            1.757866,
            0.923394,
            0.234373,
            3.556694,
            0.569775,
            1.113219,
            2.012155,
            1.596808,
            2.28615
        ],
        "dynamo_transform_time": [
            4.73,
            6.85,
            5.45,
            4.8,
            4.3,
            6.97,
            4.28,
            7.04,
            5.49,
            5.39,
            8.06
        ],
        "graph_compile_general_shape": [
            null,
            null,
            null,
            null,
            null,
            null,
            null,
            null,
            null,
            null,
            null
        ],
        "graph_compile_cached": [
            4.241,
            5.69,
            4.488,
            4.153,
            3.566,
            5.741,
            3.623,
            5.65,
            4.477,
            4.744,
            7.096
        ],
        "torch.compile": [
            4.73,
            6.85,
            5.45,
            4.8,
            4.3,
            6.97,
            4.28,
            7.04,
            5.49,
            5.39,
            8.06
        ],
        "kv_cache_profiling": [
            2.439,
            2.66,
            1.9619999999999997,
            1.7670000000000012,
            1.3940000000000001,
            2.679000000000002,
            1.407,
            1.8899999999999988,
            1.972999999999999,
            1.9160000000000004,
            2.153999999999998
        ],
        "graph_capturing": [
            1.17,
            1.48,
            1.14,
            1.04,
            0.97,
            1.53,
            0.95,
            1.33,
            1.17,
            1.16,
            1.51
        ],
        "init_engine": [
            13.06,
            17.21,
            13.55,
            12.25,
            10.72,
            17.44,
            10.74,
            16.43,
            13.61,
            13.71,
            19.35
        ],
        "tokenizer_init": [
            0.12,
            0.08,
            0.08,
            0.28,
            0.25,
            0.25,
            0.25,
            0.25,
            0.25,
            0.16,
            0.16
        ],
        "total_time": [
            23.691243000000004,
            29.204686,
            24.103866,
            22.134394,
            19.924373,
            29.905694000000004,
            20.221775,
            26.492219,
            24.570155,
            24.216808,
            30.47115
        ],
        "actual_total_time": [
            25.436,
            30.108,
            25.002,
            23.246,
            20.993,
            30.965,
            21.299,
            27.546,
            25.63,
            25.199,
            31.45
        ]
    }
}