{
    "labels": [
        "output_model_falcon-7b.txt",
        "output_model_llama2-13b-hf.txt",
        "output_model_llama2-7b-hf.txt",
        "output_model_llama3-3b.txt",
        "output_model_qwen-0.5b.txt",
        "output_model_qwen-14b.txt",
        "output_model_qwen-1.8b.txt",
        "output_model_qwen-4b.txt",
        "output_model_qwen-7b.txt",
        "output_model_yi-6b.txt",
        "output_model_yi-9b.txt"
    ],
    "data": {
        "detect_platform": [
            0.0,
            1.0,
            1.0,
            1.0,
            0.0,
            1.0,
            0.0,
            1.0,
            0.0,
            0.0,
            0.0
        ],
        "llm_imports": [
            2.0,
            1.0,
            1.0,
            1.0,
            2.0,
            1.0,
            2.0,
            2.0,
            2.0,
            1.0,
            2.0
        ],
        "get_model_info": [
            7.0,
            7.0,
            6.0,
            6.0,
            6.0,
            7.0,
            6.0,
            7.0,
            6.0,
            7.0,
            7.0
        ],
        "worker_init": [
            3.0,
            2.0,
            2.0,
            2.0,
            2.0,
            2.0,
            2.0,
            2.0,
            2.0,
            2.0,
            2.0
        ],
        "framework_bootstrap": [
            12.0,
            11.0,
            10.0,
            10.0,
            10.0,
            11.0,
            10.0,
            12.0,
            10.0,
            10.0,
            11.0
        ],
        "load_weights": [
            3.46,
            6.04,
            2.99,
            1.41,
            0.21,
            6.52,
            0.82,
            1.73,
            3.41,
            2.66,
            3.91
        ],
        "model_init": [
            0.13,
            0.11,
            0.11,
            0.12,
            0.09,
            0.11,
            0.1,
            0.11,
            0.11,
            0.11,
            0.12
        ],
        "model_loading": [
            4.325433,
            6.832108,
            3.641052,
            2.113298,
            0.818446,
            7.216739,
            1.466077,
            2.445571,
            4.055861,
            3.31592,
            4.617082
        ],
        "dynamo_transform_time": [
            4.11,
            5.3,
            4.4,
            3.69,
            3.33,
            5.33,
            3.35,
            5.53,
            4.58,
            4.47,
            6.35
        ],
        "graph_compile_general_shape": [
            null,
            null,
            null,
            null,
            null,
            null,
            null,
            null,
            null,
            null,
            null
        ],
        "graph_compile_cached": [
            3.214,
            4.491,
            3.525,
            3.225,
            2.543,
            4.992,
            2.697,
            4.415,
            3.673,
            3.763,
            5.657
        ],
        "torch.compile": [
            4.11,
            5.3,
            4.4,
            3.69,
            3.33,
            5.33,
            3.35,
            5.53,
            4.58,
            4.47,
            6.35
        ],
        "kv_cache_profiling": [
            2.0660000000000007,
            2.1690000000000005,
            1.2749999999999986,
            1.3050000000000006,
            1.197,
            2.178000000000001,
            1.2529999999999992,
            1.3650000000000002,
            1.2070000000000007,
            1.2769999999999992,
            1.8230000000000004
        ],
        "graph_capturing": [
            1.19,
            1.64,
            0.94,
            0.84,
            0.77,
            1.48,
            0.96,
            1.22,
            1.0,
            0.93,
            1.43
        ],
        "init_engine": [
            10.81,
            13.84,
            10.35,
            9.28,
            8.04,
            14.2,
            8.47,
            12.74,
            10.82,
            10.67,
            15.5
        ],
        "tokenizer_init": [
            0.39,
            0.33,
            0.33,
            0.54,
            0.51,
            0.5,
            0.5,
            0.5,
            0.5,
            0.42,
            0.43
        ],
        "total_time": [
            27.525433,
            32.002108,
            24.321051999999998,
            21.933298,
            19.368446000000002,
            32.916739,
            20.436077,
            27.685571000000003,
            25.375861,
            24.405920000000002,
            31.547082
        ],
        "actual_total_time": [
            28.0,
            33.0,
            26.0,
            24.0,
            21.0,
            34.0,
            22.0,
            29.0,
            27.0,
            26.0,
            32.0
        ]
    }
}