{
    "labels": [
        "output_model_llama2-13b-hf_workload_0.txt",
        "output_model_llama2-13b-hf_workload_10.txt",
        "output_model_llama2-13b-hf_workload_25.txt",
        "output_model_llama2-13b-hf_workload_50.txt",
        "output_model_llama2-13b-hf_workload_75.txt",
        "output_model_llama2-13b-hf_workload_90.txt",
        "output_model_qwen-4b_workload_0.txt",
        "output_model_qwen-4b_workload_10.txt",
        "output_model_qwen-4b_workload_25.txt",
        "output_model_qwen-4b_workload_50.txt",
        "output_model_qwen-4b_workload_75.txt",
        "output_model_qwen-4b_workload_90.txt"
    ],
    "data": {
        "detect_platfrom": [
            0.038,
            0.038,
            0.037,
            0.037,
            0.039,
            0.038,
            0.038,
            0.038,
            0.038,
            0.038,
            0.039,
            0.039
        ],
        "llm_imports": [
            1.361,
            1.368,
            1.382,
            1.449,
            1.682,
            1.756,
            1.366,
            1.358,
            1.432,
            1.404,
            1.682,
            1.706
        ],
        "get_model_info": [
            5.025,
            5.152,
            5.287,
            5.657,
            6.195,
            6.371,
            5.02,
            5.132,
            5.287,
            5.462,
            6.248,
            6.409
        ],
        "worker_init": [
            1.505,
            1.502,
            1.578,
            1.658,
            1.767,
            1.926,
            1.515,
            1.507,
            1.538,
            1.75,
            1.873,
            1.982
        ],
        "framework_bootstrap": [
            7.929,
            8.06,
            8.283999999999999,
            8.801,
            9.683,
            10.091000000000001,
            7.938999999999999,
            8.035,
            8.295,
            8.654,
            9.842,
            10.136
        ],
        "load_weights": [
            3.63,
            3.66,
            3.67,
            4.16,
            4.23,
            4.36,
            1.12,
            1.13,
            1.22,
            1.22,
            1.32,
            1.37
        ],
        "model_init": [
            0.15,
            0.15,
            0.15,
            0.17,
            0.15,
            0.16,
            0.14,
            0.14,
            0.16,
            0.14,
            0.16,
            0.18
        ],
        "model_loading": [
            3.785095,
            3.813412,
            3.832323,
            4.334168,
            4.3857,
            4.520379,
            1.273039,
            1.284009,
            1.384001,
            1.370451,
            1.478783,
            1.554403
        ],
        "dynamo_transform_time": [
            6.68,
            7.05,
            7.01,
            7.41,
            8.11,
            8.01,
            7.01,
            6.87,
            6.82,
            7.55,
            7.91,
            8.23
        ],
        "graph_compile_general_shape": [
            null,
            null,
            null,
            null,
            null,
            null,
            null,
            null,
            null,
            null,
            null,
            null
        ],
        "graph_compile_cached": [
            5.726,
            5.952,
            6.015,
            6.235,
            7.112,
            6.773,
            5.445,
            5.386,
            5.753,
            6.024,
            6.419,
            6.625
        ],
        "torch.compile": [
            6.68,
            7.05,
            7.01,
            7.41,
            8.11,
            8.01,
            7.01,
            6.87,
            6.82,
            7.55,
            7.91,
            8.23
        ],
        "kv_cache_profiling": [
            14.86,
            15.48,
            15.61,
            16.24,
            17.94,
            17.66,
            14.14,
            13.95,
            14.34,
            15.5,
            16.33,
            16.93
        ],
        "graph_capturing": [
            1.46,
            1.49,
            1.56,
            1.54,
            1.73,
            1.78,
            1.31,
            1.33,
            1.41,
            1.53,
            1.66,
            1.71
        ],
        "init_engine": [
            16.81,
            17.46,
            17.68,
            18.31,
            20.26,
            20.04,
            15.94,
            15.77,
            16.26,
            17.58,
            18.57,
            19.22
        ],
        "tokenizer_init": [
            0.09,
            0.09,
            0.09,
            0.11,
            0.11,
            0.11,
            0.32,
            0.28,
            0.27,
            0.33,
            0.31,
            0.34
        ],
        "total_time": [
            28.614095,
            29.423412000000003,
            29.886323,
            31.555168,
            34.4387,
            34.761379,
            25.472039,
            25.369009,
            26.209001,
            27.934450999999996,
            30.200782999999998,
            31.250403
        ],
        "actual_total_time": [
            29.473,
            30.286,
            30.785,
            32.495,
            35.409,
            35.769,
            26.51,
            26.42,
            27.337,
            29.046,
            31.411,
            32.478
        ]
    }
}