{
    "labels": [
        "output_model_falcon-7b.txt",
        "output_model_llama2-13b-hf.txt",
        "output_model_llama2-7b-hf.txt",
        "output_model_llama3-3b.txt",
        "output_model_qwen-0.5b.txt",
        "output_model_qwen-14b.txt",
        "output_model_qwen-1.8b.txt",
        "output_model_qwen-4b.txt",
        "output_model_qwen-7b.txt",
        "output_model_yi-6b.txt",
        "output_model_yi-9b.txt"
    ],
    "data": {
        "detect_platform": [
            0.016,
            0.016,
            0.015,
            0.017,
            0.016,
            0.016,
            0.016,
            0.015,
            0.016,
            0.016,
            0.015
        ],
        "llm_imports": [
            1.388,
            1.398,
            1.392,
            1.584,
            1.387,
            1.377,
            1.387,
            1.391,
            1.394,
            1.367,
            1.4
        ],
        "get_model_info": [
            4.891,
            4.852,
            4.875,
            5.02,
            4.881,
            4.857,
            4.852,
            4.86,
            4.855,
            4.862,
            4.865
        ],
        "worker_init": [
            1.698,
            1.685,
            1.712,
            1.764,
            1.715,
            1.728,
            1.7,
            1.717,
            1.735,
            1.714,
            1.7
        ],
        "framework_bootstrap": [
            7.993,
            7.9510000000000005,
            7.994,
            8.385,
            7.9990000000000006,
            7.978,
            7.955000000000001,
            7.9830000000000005,
            8.0,
            7.959,
            7.98
        ],
        "load_weights": [
            24.87,
            47.78,
            24.73,
            11.79,
            1.71,
            52.0,
            6.74,
            14.6,
            28.35,
            22.25,
            32.43
        ],
        "model_init": [
            0.12,
            0.13,
            0.12,
            0.14,
            0.1,
            0.13,
            0.11,
            0.13,
            0.12,
            0.12,
            0.14
        ],
        "model_loading": [
            24.99579,
            47.914841,
            24.848864,
            11.934888,
            1.811231,
            52.132258,
            6.8485,
            14.734591,
            28.47605,
            22.374934,
            32.578271
        ],
        "dynamo_transform_time": [
            4.74,
            6.85,
            6.44,
            4.79,
            4.28,
            7.85,
            4.3,
            6.95,
            5.8,
            5.63,
            8.0
        ],
        "graph_compile_general_shape": [
            null,
            null,
            null,
            null,
            null,
            null,
            null,
            null,
            null,
            null,
            null
        ],
        "graph_compile_cached": [
            4.335,
            5.882,
            4.564,
            4.266,
            3.373,
            5.93,
            3.436,
            5.758,
            4.603,
            4.841,
            7.276
        ],
        "torch.compile": [
            4.74,
            6.85,
            6.44,
            4.79,
            4.28,
            7.85,
            4.3,
            6.95,
            5.8,
            5.63,
            8.0
        ],
        "kv_cache_profiling": [
            2.3950000000000014,
            2.588000000000001,
            1.605999999999998,
            1.6839999999999993,
            1.5969999999999995,
            2.709999999999999,
            1.5840000000000005,
            1.862,
            1.6270000000000007,
            1.5790000000000006,
            2.094000000000001
        ],
        "graph_capturing": [
            1.17,
            1.49,
            1.14,
            1.04,
            0.95,
            1.55,
            0.93,
            1.33,
            1.18,
            1.16,
            1.54
        ],
        "init_engine": [
            13.08,
            17.28,
            14.21,
            12.23,
            10.65,
            18.52,
            10.69,
            16.37,
            13.67,
            13.67,
            19.41
        ],
        "tokenizer_init": [
            0.13,
            0.09,
            0.09,
            0.3,
            0.27,
            0.26,
            0.27,
            0.27,
            0.27,
            0.17,
            0.16
        ],
        "total_time": [
            46.19879,
            73.23584100000001,
            47.142864,
            32.84988799999999,
            20.730231,
            78.890258,
            25.763499999999997,
            39.357591000000006,
            50.416050000000006,
            44.173934,
            60.128271
        ],
        "actual_total_time": [
            47.87,
            74.069,
            47.976,
            33.892,
            21.745,
            79.889,
            26.758,
            40.355,
            51.425,
            45.103,
            61.06
        ]
    }
}