{
    "labels": [
        "output_model_deepseek-r1-distill-llama-8b.txt",
        "output_model_deepseek-r1-distill-qwen-7b.txt",
        "output_model_deepseek-v2-lite-16b.txt",
        "output_model_falcon-11b.txt",
        "output_model_falcon-7b.txt",
        "output_model_gemma-7b.txt",
        "output_model_gpt-oss-20b_cuda-graph-sizes_1_2_4_8_16_24_32_40_48_56_64_72_80_88_96_104_112_120_128_136_144_152_160_168_176_184_192_200_208_216_224_232_240_248_256.txt",
        "output_model_granite3.3-8b-instruct.txt",
        "output_model_granite4.0-h-32b_no-enable-prefix-caching_.txt",
        "output_model_granite4.0-h-3b_no-enable-prefix-caching_.txt",
        "output_model_llama2-13b-hf.txt",
        "output_model_llama2-7b-hf.txt",
        "output_model_llama3-3b.txt",
        "output_model_mistral-7b.txt",
        "output_model_qwen-0.5b.txt",
        "output_model_qwen-14.3b.txt",
        "output_model_qwen-14b.txt",
        "output_model_qwen-1.8b.txt",
        "output_model_qwen-4b.txt",
        "output_model_qwen-7b.txt",
        "output_model_yi-6b.txt",
        "output_model_yi-9b.txt"
    ],
    "data": {
        "detect_platform": [
            0.0158,
            0.0158,
            0.0164,
            0.0156,
            0.0162,
            0.0158,
            0.0166,
            0.0166,
            0.0152,
            0.0152,
            0.0154,
            0.0162,
            0.0164,
            0.016,
            0.0156,
            0.016800000000000002,
            0.0164,
            0.0158,
            0.0158,
            0.0158,
            0.0158,
            0.0156
        ],
        "llm_imports": [
            1.3926,
            1.3967999999999998,
            1.4696000000000002,
            1.3881999999999999,
            1.4291999999999998,
            1.3853999999999997,
            1.5,
            1.4628,
            1.3798,
            1.3886,
            1.392,
            1.4642000000000002,
            1.4742000000000002,
            1.3923999999999999,
            1.395,
            1.5046,
            1.4648,
            1.3894,
            1.385,
            1.3880000000000001,
            1.386,
            1.393
        ],
        "get_model_info": [
            4.8772,
            4.8646,
            4.9794,
            4.8608,
            4.9054,
            4.8792,
            7.8751999999999995,
            4.9352,
            4.9332,
            4.9346,
            4.8758,
            4.904,
            4.9452,
            4.8854,
            4.8732,
            4.993599999999999,
            4.928,
            4.8756,
            4.868399999999999,
            4.8632,
            4.8798,
            4.8702000000000005
        ],
        "worker_init": [
            1.7224,
            1.7134,
            1.7406000000000001,
            1.7098,
            1.721,
            1.7256,
            0.8642000000000001,
            1.7436,
            0.9405999999999999,
            0.9789999999999999,
            1.6760000000000002,
            1.7334000000000003,
            1.7416,
            1.7018,
            1.7100000000000002,
            1.7652,
            1.7426,
            1.7088,
            1.7126000000000001,
            1.7224,
            1.7142,
            1.7002
        ],
        "framework_bootstrap": [
            8.008000000000001,
            7.990600000000001,
            8.206000000000001,
            7.974399999999999,
            8.0718,
            8.006,
            10.256,
            8.1582,
            7.268800000000001,
            7.3174,
            7.9592,
            8.1178,
            8.1774,
            7.9956,
            7.993799999999999,
            8.280199999999999,
            8.1518,
            7.9896,
            7.9818,
            7.9894,
            7.9958,
            7.979
        ],
        "load_weights": [
            29.833999999999996,
            28.151999999999997,
            57.622,
            38.952,
            24.55,
            31.310000000000002,
            25.316000000000003,
            30.008,
            8.134,
            0.8100000000000002,
            47.769999999999996,
            24.736,
            11.796,
            26.574,
            1.7100000000000002,
            52.541999999999994,
            52.001999999999995,
            6.74,
            14.522,
            28.342000000000002,
            22.259999999999998,
            32.408
        ],
        "model_init": [
            0.14,
            0.11399999999999999,
            0.17,
            0.154,
            0.12,
            0.12,
            0.17,
            0.13,
            0.11000000000000001,
            0.09,
            0.13,
            0.12,
            0.138,
            0.12,
            0.1,
            0.126,
            0.132,
            0.11000000000000001,
            0.13,
            0.12,
            0.12,
            0.14
        ],
        "model_loading": [
            29.973999999999997,
            28.266,
            57.792,
            39.106,
            24.67,
            31.430000000000003,
            25.486000000000004,
            30.137999999999998,
            8.244,
            0.9000000000000001,
            47.9,
            24.856,
            11.934,
            26.694000000000003,
            1.8100000000000003,
            52.66799999999999,
            52.13399999999999,
            6.8500000000000005,
            14.652000000000001,
            28.462000000000003,
            22.38,
            32.548
        ],
        "dynamo_transform_time": [
            5.63,
            5.268,
            4.21,
            8.744,
            4.790000000000001,
            5.282,
            4.406000000000001,
            7.1,
            3.254,
            2.5919999999999996,
            7.0,
            6.128,
            4.949999999999999,
            5.651999999999999,
            4.286,
            5.08,
            7.470000000000001,
            4.279999999999999,
            6.959999999999999,
            6.078,
            5.638,
            8.008
        ],
        "graph_compile_general_shape": [
            null,
            null,
            null,
            null,
            null,
            null,
            null,
            null,
            null,
            null,
            null,
            null,
            null,
            null,
            null,
            null,
            null,
            null,
            null,
            null,
            null,
            null
        ],
        "graph_compile_cached": [
            4.8591999999999995,
            4.328799999999999,
            4.0374,
            8.1138,
            4.3836,
            3.7586,
            4.053400000000001,
            5.8988,
            3.1118,
            2.353,
            5.8606,
            4.5628,
            4.260800000000001,
            4.8818,
            3.3655999999999997,
            3.7164,
            5.9178,
            3.4397999999999995,
            5.7528,
            4.590400000000001,
            4.8514,
            7.299200000000001
        ],
        "torch.compile": [
            5.63,
            5.268,
            4.21,
            8.744,
            4.790000000000001,
            5.282,
            4.406000000000001,
            7.1,
            3.254,
            2.5919999999999996,
            7.0,
            6.128,
            4.949999999999999,
            5.651999999999999,
            4.286,
            5.08,
            7.470000000000001,
            4.279999999999999,
            6.959999999999999,
            6.078,
            5.638,
            8.008
        ],