{
    "labels": [
        "output_model_falcon-7b.txt",
        "output_model_llama2-13b-hf.txt",
        "output_model_llama2-7b-hf.txt",
        "output_model_llama3-3b.txt",
        "output_model_qwen-0.5b.txt",
        "output_model_qwen-14b.txt",
        "output_model_qwen-1.8b.txt",
        "output_model_qwen-4b.txt",
        "output_model_qwen-7b.txt",
        "output_model_yi-6b.txt",
        "output_model_yi-9b.txt"
    ],
    "data": {
        "detect_platfrom": [
            0.5386,
            0.4284,
            0.4648,
            0.4808,
            0.46820000000000006,
            0.5184,
            0.41459999999999997,
            0.493,
            0.5002,
            0.5104,
            0.4746
        ],
        "llm_imports": [
            1.5071999999999999,
            1.3064,
            1.3682,
            1.3728000000000002,
            1.3734,
            1.3614000000000002,
            1.4607999999999999,
            1.3762,
            1.3514000000000002,
            1.3664,
            1.4072
        ],
        "get_model_info": [
            7.4866,
            6.899799999999999,
            6.933199999999999,
            6.922,
            7.0336,
            6.943599999999999,
            7.0008,
            6.970599999999999,
            6.982000000000001,
            7.011800000000001,
            6.9841999999999995
        ],
        "worker_init": [
            2.4913999999999996,
            2.2458,
            2.2448,
            2.2892,
            2.4302,
            2.3342,
            2.3078000000000003,
            2.3200000000000003,
            2.2296,
            2.2081999999999997,
            2.2208
        ],
        "framework_bootstrap": [
            12.023799999999998,
            10.880399999999998,
            11.011,
            11.064800000000002,
            11.305399999999999,
            11.157599999999999,
            11.184000000000001,
            11.1598,
            11.0632,
            11.0968,
            11.0868
        ],
        "load_weights": [
            3.468,
            5.956,
            3.0540000000000003,
            1.4579999999999997,
            0.21200000000000002,
            6.254,
            0.8219999999999998,
            1.7920000000000003,
            3.3699999999999997,
            2.66,
            3.8880000000000003
        ],
        "model_init": [
            0.13,
            0.11200000000000002,
            0.10800000000000001,
            0.128,
            0.12199999999999997,
            0.11200000000000002,
            0.098,
            0.11000000000000001,
            0.10400000000000001,
            0.10400000000000001,
            0.12
        ],
        "model_loading": [
            3.598,
            6.0680000000000005,
            3.1620000000000004,
            1.5859999999999999,
            0.33399999999999996,
            6.366,
            0.9199999999999998,
            1.9020000000000004,
            3.4739999999999998,
            2.7640000000000002,
            4.008
        ],
        "dynamo_transform_time": [
            4.054,
            5.284,
            4.340000000000001,
            3.782,
            3.3600000000000003,
            5.396,
            3.376,
            5.422000000000001,
            4.470000000000001,
            4.324,
            6.146000000000001
        ],
        "graph_compile_general_shape": [
            null,
            null,
            null,
            null,
            null,
            null,
            null,
            null,
            null,
            null,
            null
        ],
        "graph_compile_cached": [
            3.3840000000000003,
            4.5771999999999995,
            3.4752,
            3.2893999999999997,
            2.6694,
            4.6504,
            2.7038,
            4.4684,
            3.6722,
            3.689,
            5.527
        ],
        "torch.compile": [
            4.054,
            5.284,
            4.340000000000001,
            3.782,
            3.3600000000000003,
            5.396,
            3.376,
            5.422000000000001,
            4.470000000000001,
            4.324,
            6.146000000000001
        ],
        "kv_cache_profiling": [
            9.538,
            12.033999999999999,
            9.002,
            8.384,
            7.244,
            12.251999999999999,
            7.252,
            11.256,
            9.406000000000002,
            9.178,
            13.432
        ],
        "graph_capturing": [
            1.1720000000000002,
            1.5059999999999998,
            1.0879999999999999,
            0.9640000000000001,
            0.8959999999999999,
            1.512,
            0.858,
            1.29,
            1.172,
            1.1019999999999999,
            1.4839999999999998
        ],
        "init_engine": [
            10.71,
            13.54,
            10.09,
            9.348,
            8.14,
            13.764,
            8.11,
            12.546,
            10.578000000000003,
            10.280000000000001,
            14.916
        ],
        "tokenizer_init": [
            0.386,
            0.36400000000000005,
            0.338,
            0.532,
            0.508,
            0.718,
            0.506,
            0.508,
            0.516,
            0.44000000000000006,
            0.43200000000000005
        ],
        "total_time": [
            26.717799999999997,
            30.8524,
            24.601,
            22.530800000000003,
            20.287399999999998,
            32.0056,
            20.72,
            26.1158,
            25.6312,
            24.580800000000004,
            30.4428
        ],
        "actual_total_time": [
            28.235909999999997,
            31.823070599999998,
            25.5683206,
            23.720058,
            21.466544999999996,
            33.213515,
            21.858665799999997,
            27.2617662,
            26.844433000000002,
            25.642067200000003,
            31.510992599999994
        ]
    }
}