{
    "labels": [
        "output_model_llama2-7b-hf_cuda-graph-sizes_1.txt",
        "output_model_llama2-7b-hf_cuda-graph-sizes_56.txt",
        "output_model_llama2-7b-hf_cuda-graph-sizes_136.txt",
        "output_model_llama2-7b-hf_cuda-graph-sizes_216.txt",
        "output_model_llama2-7b-hf_cuda-graph-sizes_296.txt",
        "output_model_llama2-7b-hf_cuda-graph-sizes_376.txt",
        "output_model_llama2-7b-hf_cuda-graph-sizes_456.txt"
    ],
    "data": {
        "detect_platfrom": [
            0.034,
            0.034,
            0.035,
            0.035,
            0.034,
            0.034,
            0.034
        ],
        "llm_imports": [
            1.369,
            1.366,
            1.414,
            1.343,
            1.413,
            1.36,
            1.362
        ],
        "get_model_info": [
            5.013,
            5.017,
            4.999,
            5.01,
            5.011,
            5.007,
            5.005
        ],
        "worker_init": [
            1.5,
            1.475,
            1.47,
            1.486,
            1.477,
            1.478,
            1.484
        ],
        "framework_bootstrap": [
            7.916,
            7.892000000000001,
            7.917999999999999,
            7.874,
            7.9350000000000005,
            7.879,
            7.885
        ],
        "load_weights": [
            1.85,
            1.85,
            1.84,
            1.86,
            1.86,
            1.86,
            1.84
        ],
        "model_init": [
            0.12,
            0.12,
            0.12,
            0.12,
            0.12,
            0.12,
            0.12
        ],
        "model_loading": [
            1.979096,
            1.979039,
            1.964837,
            1.984225,
            1.985074,
            1.986911,
            1.969453
        ],
        "dynamo_transform_time": [
            5.3,
            5.11,
            4.88,
            5.02,
            5.05,
            5.09,
            4.91
        ],
        "graph_compile_general_shape": [
            null,
            null,
            null,
            null,
            null,
            null,
            null
        ],
        "graph_compile_cached": [
            4.51,
            4.332,
            4.17,
            4.512,
            4.475,
            4.487,
            4.197
        ],
        "torch.compile": [
            5.3,
            5.11,
            4.88,
            5.02,
            5.05,
            5.09,
            4.91
        ],
        "kv_cache_profiling": [
            11.55,
            11.17,
            10.77,
            11.25,
            11.26,
            11.31,
            10.82
        ],
        "graph_capturing": [
            0.33,
            0.49,
            0.73,
            0.99,
            1.25,
            1.5,
            1.8
        ],
        "init_engine": [
            12.36,
            12.13,
            11.97,
            12.72,
            13.0,
            13.29,
            13.1
        ],
        "tokenizer_init": [
            0.09,
            0.09,
            0.09,
            0.09,
            0.09,
            0.09,
            0.09
        ],
        "total_time": [
            22.345096,
            22.091039000000002,
            21.942837,
            22.668225,
            23.010074,
            23.245911,
            23.044453
        ],
        "actual_total_time": [
            23.184,
            22.948,
            22.787,
            23.524,
            23.865,
            24.106,
            23.883
        ]
    }
}