{
    "labels": [
        "output_model_falcon-7b.txt",
        "output_model_llama2-13b-hf.txt",
        "output_model_llama2-7b-hf.txt",
        "output_model_llama3-3b.txt",
        "output_model_qwen-0.5b.txt",
        "output_model_qwen-14b.txt",
        "output_model_qwen-1.8b.txt",
        "output_model_qwen-4b.txt",
        "output_model_qwen-7b.txt",
        "output_model_yi-6b.txt",
        "output_model_yi-9b.txt"
    ],
    "data": {
        "detect_platfrom": [
            1.0,
            0.0,
            0.0,
            0.0,
            1.0,
            1.0,
            0.0,
            1.0,
            0.0,
            1.0,
            0.0
        ],
        "llm_imports": [
            1.0,
            2.0,
            1.0,
            1.0,
            1.0,
            1.0,
            1.0,
            1.0,
            2.0,
            1.0,
            2.0
        ],
        "get_model_info": [
            8.0,
            7.0,
            8.0,
            7.0,
            7.0,
            7.0,
            7.0,
            7.0,
            7.0,
            7.0,
            6.0
        ],
        "worker_init": [
            3.0,
            2.0,
            2.0,
            2.0,
            3.0,
            2.0,
            2.0,
            2.0,
            3.0,
            2.0,
            2.0
        ],
        "framework_bootstrap": [
            13.0,
            11.0,
            11.0,
            10.0,
            12.0,
            11.0,
            10.0,
            11.0,
            12.0,
            11.0,
            10.0
        ],
        "load_weights": [
            3.94,
            6.42,
            3.1,
            1.46,
            0.21,
            6.34,
            0.8,
            1.72,
            3.47,
            2.67,
            3.84
        ],
        "model_init": [
            0.13,
            0.11,
            0.1,
            0.12,
            0.09,
            0.12,
            0.1,
            0.11,
            0.21,
            0.11,
            0.12
        ],
        "model_loading": [
            4.702795,
            7.077719,
            3.833111,
            2.311775,
            0.858915,
            7.066912,
            1.541215,
            2.438222,
            4.235399,
            3.416289,
            5.243824
        ],
        "dynamo_transform_time": [
            4.44,
            5.46,
            4.45,
            4.08,
            3.5,
            5.56,
            3.37,
            5.48,
            4.62,
            4.52,
            6.24
        ],
        "graph_compile_general_shape": [
            null,
            null,
            null,
            null,
            null,
            null,
            null,
            null,
            null,
            null,
            null
        ],
        "graph_compile_cached": [
            3.389,
            4.55,
            3.656,
            3.151,
            2.72,
            4.432,
            2.742,
            4.512,
            3.636,
            3.768,
            5.698
        ],
        "torch.compile": [
            4.44,
            5.46,
            4.45,
            4.08,
            3.5,
            5.56,
            3.37,
            5.48,
            4.62,
            4.52,
            6.24
        ],
        "kv_cache_profiling": [
            9.92,
            12.24,
            9.51,
            8.6,
            7.5,
            12.28,
            7.29,
            11.52,
            9.63,
            9.6,
            13.63
        ],
        "graph_capturing": [
            1.16,
            1.43,
            1.1,
            1.04,
            1.02,
            1.51,
            0.78,
            1.26,
            1.16,
            1.15,
            1.43
        ],
        "init_engine": [
            11.3,
            13.89,
            10.89,
            9.86,
            8.72,
            14.03,
            8.4,
            13.01,
            11.04,
            11.0,
            15.28
        ],
        "tokenizer_init": [
            0.38,
            0.35,
            0.33,
            0.54,
            0.52,
            0.5,
            0.52,
            0.5,
            0.52,
            0.41,
            0.42
        ],
        "total_time": [
            29.382795,
            32.317719000000004,
            26.053111,
            22.711775,
            22.098915,
            32.596912,
            20.461215,
            26.948222,
            27.795399,
            25.826289,
            30.943824
        ],
        "actual_total_time": [
            30.0,
            33.0,
            27.0,
            25.0,
            22.0,
            34.0,
            22.0,
            28.0,
            28.0,
            27.0,
            33.0
        ]
    }
}