{
    "labels": [
        "output_model_falcon-7b.txt",
        "output_model_llama2-13b-hf.txt",
        "output_model_llama2-7b-hf.txt",
        "output_model_llama3-3b.txt",
        "output_model_qwen-0.5b.txt",
        "output_model_qwen-14b.txt",
        "output_model_qwen-1.8b.txt",
        "output_model_qwen-4b.txt",
        "output_model_qwen-7b.txt",
        "output_model_yi-6b.txt",
        "output_model_yi-9b.txt"
    ],
    "data": {
        "detect_platform": [
            0.0,
            0.0,
            0.0,
            0.0,
            0.0,
            0.0,
            0.0,
            0.0,
            0.0,
            0.0,
            0.0
        ],
        "llm_imports": [
            1.0,
            1.0,
            1.0,
            1.0,
            1.0,
            1.0,
            1.0,
            1.0,
            1.0,
            1.0,
            1.0
        ],
        "get_model_info": [
            4.0,
            4.0,
            4.0,
            4.0,
            4.0,
            5.0,
            4.0,
            4.0,
            4.0,
            4.0,
            4.0
        ],
        "worker_init": [
            1.0,
            1.0,
            1.0,
            1.0,
            1.0,
            2.0,
            1.0,
            1.0,
            1.0,
            1.0,
            2.0
        ],
        "framework_bootstrap": [
            6.0,
            6.0,
            6.0,
            6.0,
            6.0,
            8.0,
            6.0,
            6.0,
            6.0,
            6.0,
            7.0
        ],
        "load_weights": [
            1.87,
            3.5,
            1.81,
            0.87,
            0.14,
            3.77,
            0.5,
            1.08,
            2.1,
            1.63,
            2.41
        ],
        "model_init": [
            0.11,
            0.12,
            0.11,
            0.13,
            0.09,
            0.12,
            0.1,
            0.12,
            0.11,
            0.11,
            0.13
        ],
        "model_loading": [
            1.983239,
            3.621971,
            1.921601,
            0.997042,
            0.236579,
            3.899967,
            0.606429,
            1.201671,
            2.213963,
            1.747257,
            2.543306
        ],
        "dynamo_transform_time": [
            4.01,
            5.97,
            4.83,
            4.11,
            3.68,
            6.18,
            3.74,
            5.96,
            5.0,
            4.85,
            6.95
        ],
        "graph_compile_general_shape": [
            null,
            null,
            null,
            null,
            null,
            null,
            null,
            null,
            null,
            null,
            null
        ],
        "graph_compile_cached": [
            3.458,
            4.489,
            3.465,
            3.208,
            2.64,
            4.431,
            2.637,
            4.603,
            3.664,
            3.822,
            5.71
        ],
        "torch.compile": [
            4.01,
            5.97,
            4.83,
            4.11,
            3.68,
            6.18,
            3.74,
            5.96,
            5.0,
            4.85,
            6.95
        ],
        "kv_cache_profiling": [
            1.6419999999999995,
            1.761000000000001,
            1.4649999999999999,
            1.541999999999999,
            1.4399999999999995,
            1.818999999999999,
            1.4129999999999994,
            1.6270000000000007,
            1.4860000000000007,
            1.4479999999999986,
            2.1400000000000006
        ],
        "graph_capturing": [
            1.47,
            2.31,
            1.46,
            0.98,
            0.63,
            2.34,
            0.71,
            1.19,
            1.5,
            1.37,
            1.96
        ],
        "init_engine": [
            11.01,
            15.0,
            11.64,
            10.26,
            8.8,
            15.24,
            8.91,
            13.82,
            12.09,
            11.93,
            17.25
        ],
        "tokenizer_init": [
            0.12,
            0.08,
            0.08,
            0.29,
            0.25,
            0.25,
            0.24,
            0.25,
            0.25,
            0.16,
            0.15
        ],
        "total_time": [
            19.113239,
            24.701971,
            19.641600999999998,
            17.547041999999998,
            15.286579,
            27.389967,
            15.756429,
            21.271671,
            20.553963,
            19.837257,
            26.943306
        ],
        "actual_total_time": [
            25.0,
            30.0,
            26.0,
            24.0,
            21.0,
            31.0,
            22.0,
            27.0,
            27.0,
            26.0,
            31.0
        ]
    }
}