{
    "labels": [
        "output_model_falcon-7b.txt",
        "output_model_llama2-13b-hf.txt",
        "output_model_llama2-7b-hf.txt",
        "output_model_llama3-3b.txt",
        "output_model_qwen-0.5b.txt",
        "output_model_qwen-14b.txt",
        "output_model_qwen-1.8b.txt",
        "output_model_qwen-4b.txt",
        "output_model_qwen-7b.txt",
        "output_model_yi-6b.txt",
        "output_model_yi-9b.txt"
    ],
    "data": {
        "load_weights": [
            1.88,
            3.52,
            1.81,
            0.89,
            0.14,
            3.79,
            0.51,
            1.07,
            2.1,
            1.65,
            2.4
        ],
        "model_init": [
            0.11,
            0.12,
            0.11,
            0.13,
            0.1,
            0.12,
            0.1,
            0.12,
            0.11,
            0.11,
            0.13
        ],
        "model_loading": [
            1.994547,
            3.646028,
            1.922247,
            1.026299,
            0.24142,
            3.921962,
            0.611788,
            1.199969,
            2.211844,
            1.767274,
            2.536376
        ],
        "dynamo_transform_time": [
            4.02,
            5.89,
            4.99,
            4.19,
            3.69,
            6.41,
            3.77,
            5.98,
            5.13,
            4.98,
            6.85
        ],
        "graph_compile_general_shape": [
            null,
            null,
            null,
            null,
            null,
            null,
            null,
            null,
            null,
            null,
            null
        ],
        "graph_compile_cached": [
            3.479,
            4.462,
            3.5,
            3.288,
            2.651,
            4.557,
            2.647,
            4.571,
            3.569,
            3.784,
            5.688
        ],
        "torch.compile": [
            4.02,
            5.89,
            4.99,
            4.19,
            3.69,
            6.41,
            3.77,
            5.98,
            5.13,
            4.98,
            6.85
        ],
        "kv_cache_profiling": [
            9.12,
            12.13,
            9.96,
            9.0,
            7.74,
            12.77,
            7.82,
            12.19,
            10.19,
            10.22,
            14.68
        ],
        "graph_capturing": [
            1.47,
            2.32,
            1.46,
            0.98,
            0.63,
            2.33,
            0.71,
            1.18,
            1.48,
            1.37,
            1.97
        ],
        "init_engine": [
            11.02,
            14.92,
            11.86,
            10.4,
            8.77,
            15.57,
            8.94,
            13.81,
            12.1,
            12.04,
            17.11
        ],
        "tokenizer_init": [
            0.12,
            0.08,
            0.08,
            0.28,
            0.25,
            0.24,
            0.25,
            0.25,
            0.25,
            0.15,
            0.15
        ],
        "total_time": [
            13.134547,
            18.646027999999998,
            13.862247,
            11.706299,
            9.26142,
            19.731962,
            9.801788,
            15.259969,
            14.561844,
            13.957274,
            19.796376
        ],
        "actual_total_time": [
            23.68,
            28.79,
            23.97,
            22.07,
            19.57,
            30.05,
            20.1,
            25.58,
            24.85,
            24.19,
            30.0
        ]
    }
}