{
    "labels": [
        "output_model_llama2-7b-hf_cuda-graph-sizes_136.txt",
        "output_model_llama2-7b-hf_cuda-graph-sizes_1.txt",
        "output_model_llama2-7b-hf_cuda-graph-sizes_216.txt",
        "output_model_llama2-7b-hf_cuda-graph-sizes_296.txt",
        "output_model_llama2-7b-hf_cuda-graph-sizes_376.txt",
        "output_model_llama2-7b-hf_cuda-graph-sizes_456.txt",
        "output_model_llama2-7b-hf_cuda-graph-sizes_56.txt"
    ],
    "data": {
        "detect_platfrom": [
            0.034,
            0.034,
            0.034,
            0.034,
            0.034,
            0.034,
            0.034
        ],
        "llm_imports": [
            1.418,
            1.36,
            1.395,
            1.362,
            1.359,
            1.404,
            1.37
        ],
        "get_model_info": [
            5.003,
            5.004,
            5.035,
            5.024,
            5.025,
            5.013,
            5.015
        ],
        "worker_init": [
            1.476,
            1.461,
            1.49,
            1.476,
            1.473,
            1.493,
            1.48
        ],
        "framework_bootstrap": [
            7.931,
            7.859,
            7.954000000000001,
            7.896,
            7.891,
            7.944,
            7.898999999999999
        ],
        "load_weights": [
            1.86,
            1.87,
            1.85,
            1.85,
            1.86,
            1.85,
            1.84
        ],
        "model_init": [
            0.12,
            0.12,
            0.12,
            0.12,
            0.12,
            0.12,
            0.12
        ],
        "model_loading": [
            1.982762,
            1.987543,
            1.979565,
            1.972118,
            1.983433,
            1.972076,
            1.969189
        ],
        "dynamo_transform_time": [
            4.92,
            5.15,
            5.09,
            4.91,
            4.92,
            5.07,
            4.93
        ],
        "graph_compile_general_shape": [
            null,
            null,
            null,
            null,
            null,
            null,
            null
        ],
        "graph_compile_cached": [
            4.199,
            4.4,
            4.408,
            4.177,
            4.165,
            4.355,
            4.202
        ],
        "torch.compile": [
            4.92,
            5.15,
            5.09,
            4.91,
            4.92,
            5.07,
            4.93
        ],
        "kv_cache_profiling": [
            1.7110000000000003,
            1.75,
            1.7319999999999993,
            1.7230000000000008,
            1.7149999999999999,
            1.7149999999999999,
            1.718
        ],
        "graph_capturing": [
            0.73,
            0.34,
            0.98,
            1.26,
            1.51,
            1.8,
            0.49
        ],
        "init_engine": [
            12.04,
            12.13,
            12.68,
            12.55,
            12.79,
            13.4,
            11.83
        ],
        "tokenizer_init": [
            0.09,
            0.09,
            0.09,
            0.09,
            0.08,
            0.09,
            0.09
        ],
        "total_time": [
            22.043761999999997,
            22.066543,
            22.703565,
            22.508118,
            22.744432999999997,
            23.406076000000002,
            21.788189
        ],
        "actual_total_time": [
            22.885,
            22.924,
            23.557,
            23.351,
            23.604,
            24.257,
            22.632
        ]
    }
}