{
    "labels": [
        "output_model_llama2-7b-hf_cuda-graph-sizes_1.txt",
        "output_model_llama2-7b-hf_cuda-graph-sizes_56.txt",
        "output_model_llama2-7b-hf_cuda-graph-sizes_136.txt",
        "output_model_llama2-7b-hf_cuda-graph-sizes_216.txt",
        "output_model_llama2-7b-hf_cuda-graph-sizes_296.txt",
        "output_model_llama2-7b-hf_cuda-graph-sizes_376.txt",
        "output_model_llama2-7b-hf_cuda-graph-sizes_456.txt"
    ],
    "data": {
        "detect_platfrom": [
            0.034,
            0.034,
            0.034,
            0.034,
            0.034,
            0.034,
            0.034
        ],
        "llm_imports": [
            1.36,
            1.37,
            1.418,
            1.395,
            1.362,
            1.359,
            1.404
        ],
        "get_model_info": [
            5.004,
            5.015,
            5.003,
            5.035,
            5.024,
            5.025,
            5.013
        ],
        "worker_init": [
            1.461,
            1.48,
            1.476,
            1.49,
            1.476,
            1.473,
            1.493
        ],
        "framework_bootstrap": [
            7.859,
            7.898999999999999,
            7.931,
            7.954000000000001,
            7.896,
            7.891,
            7.944
        ],
        "load_weights": [
            1.87,
            1.84,
            1.86,
            1.85,
            1.85,
            1.86,
            1.85
        ],
        "model_init": [
            0.12,
            0.12,
            0.12,
            0.12,
            0.12,
            0.12,
            0.12
        ],
        "model_loading": [
            1.987543,
            1.969189,
            1.982762,
            1.979565,
            1.972118,
            1.983433,
            1.972076
        ],
        "dynamo_transform_time": [
            5.15,
            4.93,
            4.92,
            5.09,
            4.91,
            4.92,
            5.07
        ],
        "graph_compile_general_shape": [
            null,
            null,
            null,
            null,
            null,
            null,
            null
        ],
        "graph_compile_cached": [
            4.4,
            4.202,
            4.199,
            4.408,
            4.177,
            4.165,
            4.355
        ],
        "torch.compile": [
            5.15,
            4.93,
            4.92,
            5.09,
            4.91,
            4.92,
            5.07
        ],
        "kv_cache_profiling": [
            11.3,
            10.85,
            10.83,
            11.23,
            10.81,
            10.8,
            11.14
        ],
        "graph_capturing": [
            0.34,
            0.49,
            0.73,
            0.98,
            1.26,
            1.51,
            1.8
        ],
        "init_engine": [
            12.13,
            11.83,
            12.04,
            12.68,
            12.55,
            12.79,
            13.4
        ],
        "tokenizer_init": [
            0.09,
            0.09,
            0.09,
            0.09,
            0.09,
            0.08,
            0.09
        ],
        "total_time": [
            22.066543,
            21.788189,
            22.043761999999997,
            22.703565,
            22.508118,
            22.744432999999997,
            23.406076000000002
        ],
        "actual_total_time": [
            22.924,
            22.632,
            22.885,
            23.557,
            23.351,
            23.604,
            24.257
        ]
    }
}