{
    "labels": [
        "output_model_llama2-13b-hf_max-num-seqs_1.txt",
        "output_model_llama2-13b-hf_max-num-seqs_128.txt",
        "output_model_llama2-13b-hf_max-num-seqs_16.txt",
        "output_model_llama2-13b-hf_max-num-seqs_32.txt",
        "output_model_llama2-13b-hf_max-num-seqs_4.txt",
        "output_model_llama2-13b-hf_max-num-seqs_64.txt",
        "output_model_llama2-13b-hf_max-num-seqs_8.txt",
        "output_model_qwen-4b_max-num-seqs_1.txt",
        "output_model_qwen-4b_max-num-seqs_128.txt",
        "output_model_qwen-4b_max-num-seqs_16.txt",
        "output_model_qwen-4b_max-num-seqs_32.txt",
        "output_model_qwen-4b_max-num-seqs_4.txt",
        "output_model_qwen-4b_max-num-seqs_64.txt",
        "output_model_qwen-4b_max-num-seqs_8.txt"
    ],
    "data": {
        "load_weights": [
            14.35,
            14.26,
            14.13,
            14.16,
            14.14,
            14.16,
            14.31,
            4.41,
            4.42,
            4.46,
            4.43,
            4.45,
            4.4,
            4.55
        ],
        "model_init": [
            0.24,
            0.24,
            0.24,
            0.24,
            0.24,
            0.24,
            0.25,
            0.24,
            0.24,
            0.24,
            0.24,
            0.24,
            0.24,
            0.25
        ],
        "model_loading": [
            14.599405,
            14.510369,
            14.373499,
            14.413983,
            14.389047,
            14.404313,
            14.567549,
            4.65692,
            4.673995,
            4.711697,
            4.684704,
            4.699248,
            4.643109,
            4.805543
        ],
        "dynamo_transform_time": [
            10.62,
            10.73,
            10.78,
            10.67,
            10.68,
            10.79,
            10.72,
            11.05,
            10.85,
            11.11,
            10.85,
            10.92,
            11.0,
            10.76
        ],
        "graph_compile_general_shape": [
            null,
            null,
            null,
            null,
            null,
            null,
            null,
            null,
            null,
            null,
            null,
            null,
            null,
            null
        ],
        "graph_compile_cached": [
            9.552,
            10.371,
            9.849,
            9.27,
            10.013,
            9.583,
            9.255,
            9.575,
            9.155,
            9.574,
            9.694,
            10.107,
            9.738,
            9.768
        ],
        "torch.compile": [
            10.62,
            10.73,
            10.78,
            10.67,
            10.68,
            10.79,
            10.72,
            11.05,
            10.85,
            11.11,
            10.85,
            10.92,
            11.0,
            10.76
        ],
        "kv_cache_profiling": [
            25.27,
            26.13,
            25.7,
            25.0,
            25.74,
            25.47,
            25.15,
            24.18,
            23.53,
            24.25,
            24.18,
            24.58,
            24.36,
            24.13
        ],
        "graph_capturing": [
            24.57,
            25.16,
            23.1,
            23.75,
            23.83,
            23.38,
            24.25,
            21.78,
            22.58,
            22.23,
            22.68,
            22.21,
            22.77,
            21.65
        ],
        "kv_cache_init": [
            0.14,
            0.01,
            0.01,
            0.01,
            0.01,
            0.01,
            0.01,
            0.01,
            0.01,
            0.01,
            0.01,
            0.01,
            0.01,
            0.01
        ],
        "init_engine": [
            50.48,
            51.76,
            49.26,
            49.22,
            50.03,
            49.37,
            49.87,
            46.4,
            46.63,
            46.91,
            47.32,
            47.22,
            47.57,
            46.22
        ],
        "tokenizer_init": [
            0.12,
            0.12,
            0.13,
            0.12,
            0.12,
            0.13,
            0.12,
            0.37,
            0.4,
            0.4,
            0.38,
            0.38,
            0.39,
            0.4
        ],
        "total_time": [
            65.199405,
            66.390369,
            63.763499,
            63.753983,
            64.53904700000001,
            63.904313,
            64.557549,
            51.426919999999996,
            51.703995,
            52.021696999999996,
            52.384704000000006,
            52.299248,
            52.603109,
            51.425543
        ],
        "actual_total_time": [
            80.13,
            80.84,
            78.46,
            78.86,
            79.65,
            78.4,
            78.87,
            66.31,
            66.67,
            67.45,
            67.14,
            67.42,
            67.51,
            66.29
        ]
    }
}