{
    "labels": [
        "output_model_falcon-7b.txt",
        "output_model_llama2-13b-hf.txt",
        "output_model_llama2-7b-hf.txt",
        "output_model_llama3-3b.txt",
        "output_model_qwen-0.5b.txt",
        "output_model_qwen-14b_max_model_len_16752.txt",
        "output_model_qwen-1.8b.txt",
        "output_model_qwen-4b.txt",
        "output_model_qwen-7b.txt",
        "output_model_yi-6b.txt",
        "output_model_yi-9b.txt"
    ],
    "data": {
        "detect_platform": [
            0.046,
            0.045,
            0.045,
            0.045,
            0.046,
            0.046,
            0.046,
            0.046,
            0.046,
            0.045,
            0.045
        ],
        "llm_imports": [
            1.405,
            1.377,
            1.397,
            1.399,
            1.4,
            1.388,
            1.371,
            1.398,
            1.383,
            1.391,
            1.388
        ],
        "get_model_info": [
            5.002,
            4.974,
            5.028,
            4.952,
            4.997,
            5.012,
            4.965,
            5.01,
            4.976,
            5.003,
            4.935
        ],
        "worker_init": [
            1.938,
            1.954,
            1.961,
            1.96,
            1.979,
            1.974,
            1.965,
            1.966,
            1.983,
            1.952,
            1.956
        ],
        "framework_bootstrap": [
            8.391,
            8.35,
            8.431,
            8.356,
            8.422,
            8.42,
            8.347,
            8.42,
            8.388,
            8.391,
            8.324
        ],
        "load_weights": [
            1.73,
            3.15,
            1.63,
            0.78,
            0.13,
            3.41,
            0.46,
            0.98,
            1.88,
            1.48,
            2.13
        ],
        "model_init": [
            0.12,
            0.13,
            0.12,
            0.14,
            0.1,
            0.13,
            0.11,
            0.13,
            0.12,
            0.12,
            0.14
        ],
        "model_loading": [
            1.856418,
            3.283993,
            1.755046,
            0.921647,
            0.239641,
            3.54863,
            0.569842,
            1.110173,
            2.002938,
            1.605596,
            2.274397
        ],
        "dynamo_transform_time": [
            4.79,
            6.84,
            5.5,
            4.8,
            4.34,
            7.01,
            4.29,
            7.06,
            5.5,
            5.39,
            8.19
        ],
        "graph_compile_general_shape": [
            null,
            null,
            null,
            null,
            null,
            null,
            null,
            null,
            null,
            null,
            null
        ],
        "graph_compile_cached": [
            4.405,
            5.548,
            4.548,
            4.387,
            3.556,
            5.633,
            3.595,
            5.645,
            4.442,
            4.7,
            7.206
        ],
        "torch.compile": [
            4.79,
            6.84,
            5.5,
            4.8,
            4.34,
            7.01,
            4.29,
            7.06,
            5.5,
            5.39,
            8.19
        ],
        "kv_cache_profiling": [
            1.6449999999999996,
            2.0820000000000007,
            2.032,
            1.543000000000001,
            1.3939999999999992,
            2.077,
            1.4049999999999994,
            1.9050000000000011,
            2.0380000000000003,
            2.0,
            2.233999999999998
        ],
        "graph_capturing": [
            1.53,
            2.37,
            1.52,
            1.04,
            0.69,
            2.39,
            0.77,
            1.24,
            1.55,
            1.43,
            2.03
        ],
        "init_engine": [
            12.88,
            17.39,
            14.12,
            12.27,
            10.46,
            17.67,
            10.56,
            16.38,
            14.06,
            14.04,
            20.22
        ],
        "tokenizer_init": [
            0.12,
            0.08,
            0.09,
            0.29,
            0.25,
            0.25,
            0.25,
            0.25,
            0.25,
            0.15,
            0.16
        ],
        "total_time": [
            23.247418,
            29.103993,
            24.396046,
            21.837646999999997,
            19.371641000000004,
            29.888630000000003,
            19.726841999999998,
            26.160173,
            24.700938,
            24.186595999999998,
            30.978396999999998
        ],
        "actual_total_time": [
            24.568,
            29.999,
            25.287,
            22.927,
            20.445,
            30.942,
            20.804,
            27.233,
            25.76,
            25.165,
            31.955
        ]
    }
}