{
    "labels": [
        "output_model_llama3-3b_max-model-len_16k.txt",
        "output_model_llama3-3b_max-model-len_32k.txt",
        "output_model_llama3-3b_max-model-len_64k.txt",
        "output_model_llama3-3b_max-seq-len-to-capture_1024.txt",
        "output_model_llama3-3b_max-seq-len-to-capture_2048.txt",
        "output_model_llama3-3b_max-seq-len-to-capture_4096.txt",
        "output_model_llama3-3b_offline_serving.txt",
        "output_model_llama3-3b_online-serving.txt"
    ],
    "data": {
        "load_weights": [
            0.86,
            0.87,
            0.87,
            0.87,
            0.87,
            0.87,
            0.87,
            0.87
        ],
        "model_init": [
            0.13,
            0.13,
            0.13,
            0.13,
            0.13,
            0.13,
            0.13,
            0.13
        ],
        "model_loading": [
            0.99949,
            1.000382,
            1.000686,
            1.002808,
            1.004673,
            0.999541,
            1.001011,
            1.002069
        ],
        "dynamo_transform_time": [
            4.54,
            4.57,
            4.75,
            4.59,
            4.55,
            4.73,
            4.55,
            4.44
        ],
        "graph_compile_general_shape": [
            null,
            null,
            null,
            null,
            null,
            null,
            null,
            null
        ],
        "graph_compile_cached": [
            3.857,
            3.97,
            4.169,
            3.906,
            3.933,
            4.144,
            3.929,
            2.98
        ],
        "torch.compile": [
            4.54,
            4.57,
            4.75,
            4.59,
            4.55,
            4.73,
            4.55,
            4.44
        ],
        "kv_cache_profiling": [
            9.98,
            10.11,
            10.51,
            10.08,
            10.07,
            10.46,
            10.06,
            9.11
        ],
        "graph_capturing": [
            1.04,
            1.02,
            1.02,
            1.02,
            1.02,
            1.02,
            1.02,
            1.04
        ],
        "init_engine": [
            11.49,
            11.6,
            12.0,
            11.57,
            11.56,
            11.94,
            11.55,
            10.64
        ],
        "tokenizer_init": [
            0.29,
            0.28,
            0.28,
            0.29,
            0.29,
            0.45,
            0.29,
            0.29
        ],
        "total_time": [
            12.77949,
            12.880381999999999,
            13.280686,
            12.862808,
            12.854673,
            13.389541,
            12.841011,
            11.932069
        ],
        "actual_total_time": [
            20.28,
            20.38,
            20.78,
            20.36,
            20.38,
            20.8,
            20.34,
            21.0
        ]
    }
}