{
    "labels": [
        "output_model_falcon-7b_load-format_runai_streamer.txt",
        "output_model_falcon-7b_load-format_safetensors.txt",
        "output_model_falcon-7b-tensorized_load-format_tensorizer.txt",
        "output_model_llama2-13b-hf_load-format_runai_streamer.txt",
        "output_model_llama2-13b-hf_load-format_safetensors.txt",
        "output_model_llama2-13b-hf-tensorized_load-format_tensorizer.txt",
        "output_model_llama2-7b-hf_load-format_runai_streamer.txt",
        "output_model_llama2-7b-hf_load-format_safetensors.txt",
        "output_model_llama2-7b-hf-tensorized_load-format_tensorizer.txt",
        "output_model_yi-6b_load-format_runai_streamer.txt",
        "output_model_yi-6b_load-format_safetensors.txt",
        "output_model_yi-6b-tensorized_load-format_tensorizer.txt"
    ],
    "data": {
        "detect_platform": [
            0.016,
            0.016,
            0.016,
            0.016,
            0.016,
            0.016,
            0.016,
            0.016,
            0.015,
            0.015,
            0.016,
            0.016
        ],
        "llm_imports": [
            1.458,
            1.47,
            1.47,
            1.463,
            1.472,
            1.443,
            1.471,
            1.473,
            1.465,
            1.489,
            1.478,
            1.457
        ],
        "get_model_info": [
            5.41,
            5.411,
            5.406,
            5.425,
            5.418,
            5.466,
            5.45,
            5.421,
            5.403,
            5.403,
            5.399,
            5.413
        ],
        "worker_init": [
            2.326,
            2.332,
            1.338,
            2.332,
            2.325,
            1.335,
            2.316,
            2.286,
            1.312,
            2.341,
            2.307,
            1.352
        ],
        "framework_bootstrap": [
            9.21,
            9.229,
            8.23,
            9.236,
            9.231000000000002,
            8.260000000000002,
            9.253,
            9.196,
            8.194999999999999,
            9.248000000000001,
            9.2,
            8.238
        ],
        "load_weights": [
            1.1339839999999999,
            1.76,
            1.825554,
            1.935301,
            3.13,
            2.9758940000000003,
            1.0110160000000001,
            1.69,
            1.453026,
            0.8854080000000001,
            1.48,
            1.631828
        ],
        "model_init": [
            0.13,
            0.12,
            0.13,
            0.14,
            0.14,
            0.15,
            0.13,
            0.13,
            0.14,
            0.13,
            0.13,
            0.14
        ],
        "model_loading": [
            1.263984,
            1.889271,
            1.955554,
            2.075301,
            3.273914,
            3.125894,
            1.141016,
            1.823954,
            1.593026,
            1.015408,
            1.610586,
            1.771828
        ],
        "dynamo_transform_time": [
            4.85,
            4.8,
            4.78,
            6.71,
            6.61,
            6.66,
            5.45,
            5.47,
            5.47,
            5.57,
            5.45,
            5.46
        ],
        "graph_compile_general_shape": [
            null,
            null,
            null,
            null,
            null,
            null,
            null,
            null,
            null,
            null,
            null,
            null
        ],
        "graph_compile_cached": [
            4.759,
            4.768,
            4.657,
            5.887,
            5.848,
            5.984,
            4.584,
            4.617,
            4.582,
            4.959,
            4.876,
            4.853
        ],
        "torch.compile": [
            4.85,
            4.8,
            4.78,
            6.71,
            6.61,
            6.66,
            5.45,
            5.47,
            5.47,
            5.57,
            5.45,
            5.46
        ],
        "kv_cache_profiling": [
            2.221,
            2.2219999999999995,
            2.212999999999999,
            2.9730000000000008,
            2.9619999999999997,
            2.975999999999999,
            1.966000000000001,
            1.9730000000000008,
            1.9779999999999998,
            1.9410000000000007,
            1.9339999999999993,
            1.947000000000001
        ],
        "graph_capturing": [
            1.23,
            1.23,
            1.22,
            1.54,
            1.54,
            1.54,
            1.2,
            1.19,
            1.18,
            1.21,
            1.22,
            1.21
        ],
        "init_engine": [
            13.59,
            13.55,
            13.41,
            17.67,
            17.52,
            17.73,
            13.75,
            13.79,
            13.75,
            14.22,
            14.03,
            14.02
        ],
        "tokenizer_init": [
            0.12,
            0.12,
            0.12,
            0.09,
            0.09,
            0.08,
            0.08,
            0.09,
            0.08,
            0.16,
            0.16,
            0.15
        ],
        "total_time": [
            24.183984000000002,
            24.788271,
            23.715554,
            29.071301000000002,
            30.114914000000002,
            29.195894000000003,
            24.224016,
            24.899953999999997,
            23.618025999999997,
            24.643408000000004,
            25.000586,
            24.179827999999997
        ],
        "actual_total_time": [
            26.04,
            26.643,
            26.638,
            30.027,
            31.06,
            31.202,
            25.189,
            25.85,
            25.607,
            25.701,
            26.054,
            26.28
        ]
    }
}