{
    "labels": [
        "output_model_deepseek-r1-distill-llama-8b.txt",
        "output_model_deepseek-r1-distill-qwen-7b.txt",
        "output_model_deepseek-v2-lite-16b.txt",
        "output_model_falcon-7b.txt",
        "output_model_gpt-oss-20b.txt",
        "output_model_llama2-13b-hf.txt",
        "output_model_llama2-7b-hf.txt",
        "output_model_llama3-3b.txt",
        "output_model_qwen-0.5b.txt",
        "output_model_qwen-14.3b.txt",
        "output_model_qwen-14b.txt",
        "output_model_qwen-1.8b.txt",
        "output_model_qwen-4b.txt",
        "output_model_qwen-7b.txt",
        "output_model_yi-6b.txt",
        "output_model_yi-9b.txt"
    ],
    "data": {
        "load_weights": [
            2.23,
            2.1,
            4.53,
            1.9,
            1.9,
            3.56,
            1.79,
            0.86,
            0.14,
            4.06,
            3.8,
            0.51,
            1.1,
            2.09,
            1.63,
            2.42
        ],
        "model_init": [
            0.14,
            0.11,
            0.16,
            0.12,
            0.13,
            0.13,
            0.12,
            0.13,
            0.1,
            0.12,
            0.13,
            0.1,
            0.12,
            0.12,
            0.12,
            0.14
        ],
        "model_loading": [
            2.372966,
            2.214501,
            4.699051,
            2.020316,
            2.309288,
            3.686882,
            1.90934,
            0.990662,
            0.242089,
            4.181736,
            3.935382,
            0.613306,
            1.224402,
            2.208645,
            1.753434,
            2.559455
        ],
        "dynamo_transform_time": [
            4.84,
            4.34,
            4.36,
            3.96,
            3.55,
            6.08,
            4.88,
            4.45,
            3.7,
            4.51,
            6.0,
            3.66,
            6.22,
            5.09,
            5.0,
            6.87
        ],
        "graph_compile_general_shape": [
            null,
            null,
            null,
            null,
            null,
            null,
            null,
            null,
            null,
            null,
            null,
            null,
            null,
            null,
            null,
            null
        ],
        "graph_compile_cached": [
            3.814,
            3.335,
            3.055,
            3.611,
            3.458,
            4.653,
            3.639,
            3.371,
            2.637,
            2.885,
            4.761,
            2.752,
            4.46,
            3.579,
            3.709,
            5.77
        ],
        "torch.compile": [
            4.84,
            4.34,
            4.36,
            3.96,
            3.55,
            6.08,
            4.88,
            4.45,
            3.7,
            4.51,
            6.0,
            3.66,
            6.22,
            5.09,
            5.0,
            6.87
        ],
        "kv_cache_profiling": [
            10.03,
            9.24,
            9.29,
            9.71,
            8.43,
            13.05,
            9.9,
            9.27,
            7.7,
            8.74,
            13.1,
            7.79,
            12.23,
            10.07,
            10.08,
            14.65
        ],
        "graph_capturing": [
            1.16,
            1.15,
            2.26,
            1.12,
            1.29,
            1.44,
            1.09,
            0.99,
            0.92,
            1.5,
            1.49,
            0.9,
            1.27,
            1.11,
            1.11,
            1.45
        ],
        "init_engine": [
            11.64,
            10.83,
            12.01,
            11.25,
            10.15,
            14.93,
            11.4,
            10.67,
            9.02,
            10.67,
            15.03,
            9.09,
            13.93,
            11.6,
            11.61,
            16.54
        ],
        "tokenizer_init": [
            0.38,
            0.32,
            0.21,
            0.12,
            0.67,
            0.08,
            0.08,
            0.29,
            0.25,
            0.25,
            0.25,
            0.25,
            0.25,
            0.25,
            0.16,
            0.15
        ],
        "total_time": [
            14.392966000000001,
            13.364501,
            16.919051,
            13.390315999999999,
            13.129288,
            18.696882,
            13.38934,
            11.950662,
            9.512089,
            15.101735999999999,
            19.215381999999998,
            9.953306,
            15.404402,
            14.058645,
            13.523434,
            19.249454999999998
        ],
        "actual_total_time": [
            25.38,
            24.34,
            27.78,
            24.24,
            27.63,
            28.83,
            23.52,
            22.28,
            19.84,
            26.03,
            29.5,
            20.22,
            25.66,
            24.32,
            23.78,
            29.44
        ]
    }
}