{
    "labels": [
        "output_model_falcon-7b.txt",
        "output_model_llama2-13b-hf.txt",
        "output_model_llama2-7b-hf.txt",
        "output_model_llama3-3b.txt",
        "output_model_qwen-0.5b.txt",
        "output_model_qwen-14b.txt",
        "output_model_qwen-1.8b.txt",
        "output_model_qwen-4b.txt",
        "output_model_qwen-7b.txt",
        "output_model_yi-6b.txt",
        "output_model_yi-9b.txt"
    ],
    "data": {
        "detect_platform": [
            0.0,
            0.0,
            0.0,
            0.0,
            0.0,
            0.0,
            1.0,
            0.0,
            1.0,
            1.0,
            1.0
        ],
        "llm_imports": [
            1.0,
            2.0,
            2.0,
            2.0,
            2.0,
            1.0,
            1.0,
            1.0,
            1.0,
            1.0,
            1.0
        ],
        "get_model_info": [
            7.0,
            6.0,
            6.0,
            6.0,
            7.0,
            7.0,
            7.0,
            7.0,
            7.0,
            7.0,
            7.0
        ],
        "worker_init": [
            2.0,
            2.0,
            2.0,
            2.0,
            2.0,
            3.0,
            2.0,
            2.0,
            2.0,
            2.0,
            2.0
        ],
        "framework_bootstrap": [
            10.0,
            10.0,
            10.0,
            10.0,
            11.0,
            11.0,
            11.0,
            10.0,
            11.0,
            11.0,
            11.0
        ],
        "load_weights": [
            2.09,
            3.66,
            1.9,
            0.91,
            0.15,
            3.92,
            0.53,
            1.13,
            2.19,
            2.45,
            2.56
        ],
        "model_init": [
            0.11,
            0.12,
            0.11,
            0.13,
            0.09,
            0.12,
            0.11,
            0.11,
            0.11,
            0.11,
            0.12
        ],
        "model_loading": [
            2.758013,
            4.39972,
            2.558445,
            1.650777,
            0.772179,
            4.612508,
            1.183673,
            1.764933,
            3.127745,
            3.076141,
            3.322698
        ],
        "dynamo_transform_time": [
            3.8,
            5.31,
            4.36,
            3.74,
            3.39,
            5.43,
            3.36,
            5.37,
            4.52,
            4.38,
            6.23
        ],
        "graph_compile_general_shape": [
            null,
            null,
            null,
            null,
            null,
            null,
            null,
            null,
            null,
            null,
            null
        ],
        "graph_compile_cached": [
            3.244,
            4.361,
            3.475,
            3.087,
            2.612,
            4.365,
            2.566,
            4.311,
            3.515,
            3.481,
            5.446
        ],
        "torch.compile": [
            3.8,
            5.31,
            4.36,
            3.74,
            3.39,
            5.43,
            3.36,
            5.37,
            4.52,
            4.38,
            6.23
        ],
        "kv_cache_profiling": [
            1.9559999999999995,
            2.189,
            1.3149999999999995,
            1.133,
            1.1979999999999995,
            2.1750000000000007,
            1.2640000000000002,
            1.408999999999999,
            1.254999999999999,
            1.2190000000000003,
            1.8840000000000003
        ],
        "graph_capturing": [
            1.16,
            1.43,
            1.1,
            1.03,
            0.78,
            1.46,
            0.96,
            1.25,
            1.14,
            1.12,
            1.42
        ],
        "init_engine": [
            10.38,
            13.52,
            10.47,
            9.18,
            8.2,
            13.66,
            8.37,
            12.56,
            10.65,
            10.44,
            15.21
        ],
        "tokenizer_init": [
            0.48,
            0.35,
            0.33,
            0.51,
            0.51,
            0.49,
            0.52,
            0.5,
            0.51,
            0.43,
            0.42
        ],
        "total_time": [
            23.618013,
            28.26972,
            23.358444999999996,
            21.340777,
            20.482179,
            29.762508,
            21.073673,
            24.824933,
            25.287745000000005,
            24.946140999999997,
            29.952698
        ],
        "actual_total_time": [
            26.0,
            30.0,
            25.0,
            23.0,
            21.0,
            30.0,
            22.0,
            26.0,
            26.0,
            26.0,
            31.0
        ]
    }
}