{
    "labels": [
        "output_model_falcon-7b.txt",
        "output_model_llama2-13b-hf.txt",
        "output_model_llama2-7b-hf.txt",
        "output_model_llama3-3b.txt",
        "output_model_qwen-0.5b.txt",
        "output_model_qwen-14b_max_model_len_16752.txt",
        "output_model_qwen-1.8b.txt",
        "output_model_qwen-4b.txt",
        "output_model_qwen-7b.txt",
        "output_model_yi-6b.txt",
        "output_model_yi-9b.txt"
    ],
    "data": {
        "detect_platform": [
            0.034,
            0.035,
            0.034,
            0.034,
            0.034,
            0.034,
            0.034,
            0.034,
            0.034,
            0.035,
            0.034
        ],
        "llm_imports": [
            1.472,
            1.474,
            1.49,
            1.49,
            1.502,
            1.486,
            1.494,
            1.473,
            1.479,
            1.474,
            1.471
        ],
        "get_model_info": [
            5.385,
            5.401,
            5.43,
            5.423,
            5.414,
            5.396,
            5.419,
            5.475,
            5.387,
            5.383,
            5.42
        ],
        "worker_init": [
            1.733,
            1.749,
            1.766,
            1.763,
            1.784,
            1.789,
            1.772,
            1.794,
            1.756,
            1.776,
            1.747
        ],
        "framework_bootstrap": [
            8.624,
            8.659,
            8.719999999999999,
            8.71,
            8.734,
            8.705,
            8.719,
            8.776,
            8.655999999999999,
            8.668,
            8.672
        ],
        "load_weights": [
            1.73,
            3.17,
            1.63,
            0.78,
            0.13,
            3.41,
            0.46,
            0.99,
            1.89,
            1.48,
            2.15
        ],
        "model_init": [
            0.12,
            0.13,
            0.12,
            0.14,
            0.1,
            0.13,
            0.11,
            0.13,
            0.12,
            0.12,
            0.14
        ],
        "model_loading": [
            1.851102,
            3.309488,
            1.756197,
            0.922691,
            0.236639,
            3.547114,
            0.56772,
            1.129663,
            2.016745,
            1.610476,
            2.295207
        ],
        "dynamo_transform_time": [
            4.81,
            6.87,
            5.4,
            4.83,
            4.32,
            7.16,
            4.33,
            7.09,
            5.51,
            5.39,
            7.97
        ],
        "graph_compile_general_shape": [
            null,
            null,
            null,
            null,
            null,
            null,
            null,
            null,
            null,
            null,
            null
        ],
        "graph_compile_cached": [
            4.37,
            5.707,
            4.446,
            4.17,
            3.583,
            5.963,
            3.684,
            5.759,
            4.462,
            4.738,
            7.082
        ],
        "torch.compile": [
            4.81,
            6.87,
            5.4,
            4.83,
            4.32,
            7.16,
            4.33,
            7.09,
            5.51,
            5.39,
            7.97
        ],
        "kv_cache_profiling": [
            2.4399999999999995,
            2.6630000000000003,
            1.943999999999999,
            1.7899999999999991,
            1.3970000000000002,
            2.666999999999998,
            1.4060000000000006,
            1.8810000000000002,
            1.968,
            1.9320000000000004,
            2.1380000000000017
        ],
        "graph_capturing": [
            1.17,
            1.49,
            1.14,
            1.06,
            0.96,
            1.55,
            0.94,
            1.34,
            1.16,
            1.16,
            1.51
        ],
        "init_engine": [
            13.27,
            17.26,
            13.42,
            12.35,
            10.76,
            17.86,
            10.85,
            16.59,
            13.6,
            13.72,
            19.24
        ],
        "tokenizer_init": [
            0.12,
            0.08,
            0.08,
            0.28,
            0.25,
            0.25,
            0.24,
            0.24,
            0.24,
            0.16,
            0.16
        ],
        "total_time": [
            23.865102,
            29.308488,
            23.976197,
            22.262691000000004,
            19.980639,
            30.362114,
            20.376719999999995,
            26.735663,
            24.512745,
            24.158476,
            30.367206999999997
        ],
        "actual_total_time": [
            25.608,
            30.211,
            24.881,
            23.396,
            21.041,
            31.42,
            21.447,
            27.817,
            25.58,
            25.147,
            31.348
        ]
    }
}