{
    "labels": [
        "output_model_llama2-7b-hf_cuda-graph-sizes_136.txt",
        "output_model_llama2-7b-hf_cuda-graph-sizes_1.txt",
        "output_model_llama2-7b-hf_cuda-graph-sizes_216.txt",
        "output_model_llama2-7b-hf_cuda-graph-sizes_296.txt",
        "output_model_llama2-7b-hf_cuda-graph-sizes_376.txt",
        "output_model_llama2-7b-hf_cuda-graph-sizes_456.txt",
        "output_model_llama2-7b-hf_cuda-graph-sizes_56.txt"
    ],
    "data": {
        "detect_platform": [
            0.016,
            0.016,
            0.016,
            0.017,
            0.017,
            0.016,
            0.016
        ],
        "llm_imports": [
            1.417,
            1.413,
            1.427,
            1.415,
            1.401,
            1.418,
            1.42
        ],
        "get_model_info": [
            5.241,
            5.247,
            5.23,
            5.241,
            5.268,
            5.231,
            5.228
        ],
        "worker_init": [
            1.999,
            1.99,
            2.023,
            1.989,
            1.995,
            2.012,
            1.991
        ],
        "framework_bootstrap": [
            8.673,
            8.666,
            8.696,
            8.662,
            8.681000000000001,
            8.677,
            8.655
        ],
        "load_weights": [
            1.68,
            1.68,
            1.67,
            1.69,
            1.68,
            1.68,
            1.69
        ],
        "model_init": [
            0.13,
            0.12,
            0.13,
            0.13,
            0.13,
            0.13,
            0.13
        ],
        "model_loading": [
            1.810725,
            1.810846,
            1.801468,
            1.818459,
            1.80767,
            1.81053,
            1.817643
        ],
        "dynamo_transform_time": [
            5.4,
            5.38,
            5.36,
            5.4,
            5.38,
            5.48,
            5.39
        ],
        "graph_compile_general_shape": [
            null,
            null,
            null,
            null,
            null,
            null,
            null
        ],
        "graph_compile_cached": [
            4.544,
            4.525,
            4.529,
            4.544,
            4.54,
            4.674,
            4.545
        ],
        "torch.compile": [
            5.4,
            5.38,
            5.36,
            5.4,
            5.38,
            5.48,
            5.39
        ],
        "kv_cache_profiling": [
            1.9360000000000017,
            1.9349999999999987,
            1.931000000000001,
            1.9460000000000015,
            1.9399999999999995,
            1.936,
            1.9350000000000005
        ],
        "graph_capturing": [
            0.78,
            0.36,
            1.04,
            1.33,
            1.57,
            1.88,
            0.54
        ],
        "init_engine": [
            13.19,
            12.74,
            13.38,
            13.75,
            13.96,
            14.51,
            12.95
        ],
        "tokenizer_init": [
            0.09,
            0.09,
            0.08,
            0.08,
            0.09,
            0.09,
            0.08
        ],
        "total_time": [
            23.763724999999997,
            23.306846,
            23.957468,
            24.310459,
            24.53867,
            25.087529999999997,
            23.502643
        ],
        "actual_total_time": [
            24.684,
            24.236,
            24.885,
            25.25,
            25.46,
            26.007,
            24.444
        ]
    }
}