{
    "labels": [
        "output_model_falcon-7b_container.txt",
        "output_model_falcon-7b_default.txt",
        "output_model_llama2-13b-hf_container.txt",
        "output_model_llama2-13b-hf_default.txt",
        "output_model_llama2-7b-hf_container.txt",
        "output_model_llama2-7b-hf_default.txt",
        "output_model_llama3-3b_container.txt",
        "output_model_llama3-3b_default.txt",
        "output_model_qwen-14.3b_container.txt",
        "output_model_qwen-14.3b_default.txt",
        "output_model_qwen-14b_container.txt",
        "output_model_qwen-14b_default.txt",
        "output_model_qwen-1.8b_container.txt",
        "output_model_qwen-1.8b_default.txt",
        "output_model_qwen-7b_container.txt",
        "output_model_qwen-7b_default.txt",
        "output_model_yi-9b_container.txt",
        "output_model_yi-9b_default.txt"
    ],
    "data": {
        "load_weights": [
            1.86,
            1.88,
            3.51,
            3.52,
            1.82,
            1.81,
            0.87,
            0.87,
            4.08,
            4.08,
            3.76,
            3.78,
            0.51,
            0.51,
            2.09,
            2.1,
            2.37,
            2.37
        ],
        "model_init": [
            0.12,
            0.11,
            0.12,
            0.13,
            0.12,
            0.11,
            0.13,
            0.13,
            0.12,
            0.12,
            0.13,
            0.13,
            0.1,
            0.11,
            0.12,
            0.12,
            0.13,
            0.14
        ],
        "model_loading": [
            1.976885,
            2.001076,
            3.636704,
            3.653613,
            1.935318,
            1.927002,
            1.001095,
            0.99826,
            4.202707,
            4.20414,
            3.892328,
            3.916173,
            0.612194,
            0.622599,
            2.209549,
            2.218963,
            2.504325,
            2.510897
        ],
        "dynamo_transform_time": [
            4.2,
            4.53,
            5.68,
            6.53,
            4.49,
            5.1,
            3.92,
            4.53,
            4.0,
            4.6,
            5.85,
            6.84,
            3.55,
            4.1,
            4.63,
            5.26,
            6.61,
            7.62
        ],
        "graph_compile_general_shape": [
            null,
            null,
            null,
            null,
            null,
            null,
            null,
            null,
            null,
            null,
            null,
            null,
            null,
            null,
            null,
            null,
            null,
            null
        ],
        "graph_compile_cached": [
            3.804,
            4.077,
            5.188,
            5.428,
            4.087,
            4.264,
            3.466,
            3.938,
            2.823,
            3.423,
            5.328,
            5.745,
            3.334,
            3.429,
            4.155,
            4.307,
            6.002,
            6.766
        ],
        "torch.compile": [
            4.2,
            4.53,
            5.68,
            6.53,
            4.49,
            5.1,
            3.92,
            4.53,
            4.0,
            4.6,
            5.85,
            6.84,
            3.55,
            4.1,
            4.63,
            5.26,
            6.61,
            7.62
        ],
        "kv_cache_profiling": [
            10.23,
            10.83,
            13.25,
            14.36,
            10.28,
            11.07,
            8.93,
            10.04,
            8.47,
            9.67,
            13.58,
            14.99,
            8.1,
            8.75,
            10.49,
            11.3,
            14.46,
            16.24
        ],
        "graph_capturing": [
            1.18,
            1.14,
            1.47,
            1.45,
            1.11,
            1.1,
            1.04,
            1.01,
            1.56,
            1.53,
            1.53,
            1.5,
            0.94,
            0.92,
            1.13,
            1.14,
            1.49,
            1.47
        ],
        "init_engine": [
            11.85,
            12.44,
            15.2,
            16.31,
            11.85,
            12.64,
            10.43,
            11.51,
            10.48,
            11.66,
            15.59,
            16.99,
            9.49,
            10.13,
            12.08,
            12.91,
            16.45,
            18.22
        ],
        "tokenizer_init": [
            0.12,
            0.12,
            0.09,
            0.09,
            0.09,
            0.08,
            0.28,
            0.29,
            0.25,
            0.25,
            0.25,
            0.25,
            0.25,
            0.24,
            0.25,
            0.25,
            0.16,
            0.16
        ],
        "total_time": [
            13.946884999999998,
            14.561075999999998,
            18.926703999999997,
            20.053613,
            13.875318,
            14.647002,
            11.711094999999998,
            12.798259999999999,
            14.932707,
            16.11414,
            19.732328,
            21.156173,
            10.352194,
            10.992599,
            14.539549000000001,
            15.378963,
            19.114325,
            20.890897
        ],
        "actual_total_time": [
            22.2,
            22.62,
            26.39,
            27.34,
            21.36,
            21.9,
            19.43,
            20.34,
            22.53,
            23.59,
            27.25,
            28.59,
            17.91,
            18.45,
            22.05,
            22.82,
            26.68,
            28.26
        ]
    }
}