{
    "labels": [
        "output_model_falcon-7b.txt",
        "output_model_llama2-13b-hf.txt",
        "output_model_llama2-7b-hf.txt",
        "output_model_llama3-3b.txt",
        "output_model_qwen-0.5b.txt",
        "output_model_qwen-14b.txt",
        "output_model_qwen-1.8b.txt",
        "output_model_qwen-4b.txt",
        "output_model_qwen-7b.txt",
        "output_model_yi-6b.txt",
        "output_model_yi-9b.txt"
    ],
    "data": {
        "detect_platfrom": [
            1.0,
            1.0,
            0.0,
            0.0,
            0.0,
            1.0,
            0.0,
            1.0,
            1.0,
            0.0,
            0.0
        ],
        "llm_imports": [
            1.0,
            1.0,
            1.0,
            2.0,
            1.0,
            1.0,
            2.0,
            1.0,
            1.0,
            1.0,
            2.0
        ],
        "get_model_info": [
            7.0,
            7.0,
            7.0,
            6.0,
            7.0,
            7.0,
            6.0,
            7.0,
            7.0,
            9.0,
            6.0
        ],
        "worker_init": [
            2.0,
            2.0,
            2.0,
            2.0,
            2.0,
            3.0,
            2.0,
            2.0,
            2.0,
            2.0,
            3.0
        ],
        "framework_bootstrap": [
            11.0,
            11.0,
            10.0,
            10.0,
            10.0,
            12.0,
            10.0,
            11.0,
            11.0,
            12.0,
            11.0
        ],
        "load_weights": [
            3.55,
            6.08,
            2.98,
            1.42,
            0.21,
            6.22,
            0.84,
            1.73,
            3.39,
            2.63,
            3.88
        ],
        "model_init": [
            0.13,
            0.11,
            0.11,
            0.14,
            0.09,
            0.14,
            0.55,
            0.38,
            0.11,
            0.67,
            0.22
        ],
        "model_loading": [
            4.32129,
            6.822228,
            3.621461,
            2.867204,
            0.961937,
            6.997424,
            2.033031,
            2.66148,
            4.066287,
            3.946805,
            4.661576
        ],
        "dynamo_transform_time": [
            4.09,
            5.34,
            4.46,
            3.73,
            3.38,
            5.4,
            3.35,
            5.53,
            4.55,
            4.33,
            6.14
        ],
        "graph_compile_general_shape": [
            16.73,
            21.29,
            16.44,
            15.85,
            13.79,
            21.42,
            13.82,
            21.85,
            17.58,
            18.25,
            23.59
        ],
        "graph_compile_cached": [
            null,
            null,
            null,
            null,
            null,
            null,
            null,
            null,
            null,
            null,
            null
        ],
        "torch.compile": [
            20.81,
            26.62,
            20.9,
            19.59,
            17.17,
            26.82,
            17.17,
            27.38,
            22.13,
            22.58,
            29.73
        ],
        "kv_cache_profiling": [
            5.900000000000002,
            4.68,
            3.210000000000001,
            3.2399999999999984,
            2.2399999999999984,
            4.509999999999998,
            2.259999999999998,
            3.3800000000000026,
            3.030000000000001,
            3.4300000000000033,
            4.800000000000001
        ],
        "graph_capturing": [
            1.36,
            1.67,
            1.34,
            0.91,
            0.83,
            1.7,
            1.16,
            1.5,
            1.37,
            0.99,
            1.8
        ],
        "init_engine": [
            28.3,
            33.24,
            25.69,
            23.97,
            20.48,
            33.28,
            20.82,
            32.56,
            26.79,
            27.64,
            36.68
        ],
        "tokenizer_init": [
            1.84,
            0.35,
            0.33,
            0.51,
            0.51,
            0.5,
            0.51,
            0.54,
            0.49,
            0.45,
            0.51
        ],
        "total_time": [
            45.461290000000005,
            51.412228000000006,
            39.641461,
            37.347204,
            31.951937000000004,
            52.777423999999996,
            33.363031,
            46.76148,
            42.346287,
            44.036805,
            52.851576
        ],
        "actual_total_time": [
            48.0,
            53.0,
            42.0,
            39.0,
            34.0,
            53.0,
            35.0,
            48.0,
            44.0,
            46.0,
            54.0
        ]
    }
}