{
    "labels": [
        "output_model_falcon-7b.txt",
        "output_model_llama2-13b-hf.txt",
        "output_model_llama2-7b-hf.txt",
        "output_model_llama3-3b.txt",
        "output_model_qwen-0.5b.txt",
        "output_model_qwen-14b.txt",
        "output_model_qwen-1.8b.txt",
        "output_model_qwen-4b.txt",
        "output_model_qwen-7b.txt",
        "output_model_yi-6b.txt",
        "output_model_yi-9b.txt"
    ],
    "data": {
        "load_weights": [
            3.55,
            6.08,
            2.98,
            1.42,
            0.21,
            6.22,
            0.84,
            1.73,
            3.39,
            2.63,
            3.88
        ],
        "model_init": [
            0.13,
            0.11,
            0.11,
            0.14,
            0.09,
            0.14,
            0.55,
            0.38,
            0.11,
            0.67,
            0.22
        ],
        "model_loading": [
            4.32129,
            6.822228,
            3.621461,
            2.867204,
            0.961937,
            6.997424,
            2.033031,
            2.66148,
            4.066287,
            3.946805,
            4.661576
        ],
        "dynamo_transform_time": [
            4.09,
            5.34,
            4.46,
            3.73,
            3.38,
            5.4,
            3.35,
            5.53,
            4.55,
            4.33,
            6.14
        ],
        "graph_compile_general_shape": [
            16.73,
            21.29,
            16.44,
            15.85,
            13.79,
            21.42,
            13.82,
            21.85,
            17.58,
            18.25,
            23.59
        ],
        "graph_compile_cached": [
            null,
            null,
            null,
            null,
            null,
            null,
            null,
            null,
            null,
            null,
            null
        ],
        "torch.compile": [
            20.81,
            26.62,
            20.9,
            19.59,
            17.17,
            26.82,
            17.17,
            27.38,
            22.13,
            22.58,
            29.73
        ],
        "kv_cache_profiling": [
            26.71,
            31.3,
            24.11,
            22.83,
            19.41,
            31.33,
            19.43,
            30.76,
            25.16,
            26.01,
            34.53
        ],
        "graph_capturing": [
            1.36,
            1.67,
            1.34,
            0.91,
            0.83,
            1.7,
            1.16,
            1.5,
            1.37,
            0.99,
            1.8
        ],
        "init_engine": [
            28.3,
            33.24,
            25.69,
            23.97,
            20.48,
            33.28,
            20.82,
            32.56,
            26.79,
            27.64,
            36.68
        ],
        "tokenizer_init": [
            1.84,
            0.35,
            0.33,
            0.51,
            0.51,
            0.5,
            0.51,
            0.54,
            0.49,
            0.45,
            0.51
        ],
        "total_time": [
            34.461290000000005,
            40.412228000000006,
            29.641461,
            27.347204,
            21.951937,
            40.777424,
            23.363031000000003,
            35.76148,
            31.346286999999997,
            32.036805,
            41.851576
        ],
        "actual_total_time": [
            45.71,
            51.13,
            40.57,
            37.38,
            32.53,
            51.16,
            33.33,
            46.21,
            42.28,
            44.13,
            52.15
        ]
    }
}