{
    "labels": [
        "output_model_falcon-7b.txt",
        "output_model_llama2-13b-hf.txt",
        "output_model_llama2-7b-hf.txt",
        "output_model_llama3-3b.txt",
        "output_model_opt-1.3b.txt",
        "output_model_opt-13b.txt",
        "output_model_opt-2.7b.txt",
        "output_model_opt-6.7b.txt",
        "output_model_qwen-0.5b.txt",
        "output_model_qwen-1.8b.txt",
        "output_model_qwen-14b.txt",
        "output_model_qwen-4b.txt",
        "output_model_qwen-7b.txt",
        "output_model_yi-6b.txt",
        "output_model_yi-9b.txt"
    ],
    "data": {
        "load_weights": [
            15.52,
            21.86,
            12.09,
            7.49,
            0.61,
            30.4,
            3.72,
            7.2,
            10.36,
            11.06,
            10.74,
            3.02,
            5.9,
            14.29,
            26.85
        ],
        "model_init": [
            0.25,
            0.24,
            0.22,
            0.26,
            0.19,
            0.23,
            0.22,
            0.23,
            0.22,
            0.21,
            0.25,
            0.09,
            0.13,
            0.11,
            0.13
        ],
        "model_loading": [
            15.770421,
            22.120526,
            12.330161,
            7.765127,
            0.809652,
            30.644763,
            3.94125,
            7.436657,
            10.588748,
            11.28232,
            11.000418,
            3.118184,
            6.030804,
            14.413451,
            26.990772
        ],
        "dynamo_transform_time": [
            7.5,
            10.28,
            8.48,
            7.69,
            6.83,
            10.54,
            6.9,
            10.34,
            8.75,
            8.61,
            11.63,
            4.04,
            4.93,
            4.99,
            5.87
        ],
        "graph_compile_general_shape": [
            null,
            null,
            null,
            null,
            null,
            null,
            null,
            null,
            null,
            null,
            null,
            null,
            null,
            null,
            null
        ],
        "graph_compile_cached": [
            6.048,
            9.488,
            6.591,
            5.899,
            4.734,
            9.53,
            4.973,
            9.123,
            7.089,
            6.847,
            10.248,
            2.474,
            4.156,
            4.092,
            5.349
        ],
        "torch.compile": [
            7.5,
            10.28,
            8.48,
            7.69,
            6.83,
            10.54,
            6.9,
            10.34,
            8.75,
            8.61,
            11.63,
            4.04,
            4.93,
            4.99,
            5.87
        ],
        "kv_cache_profiling": [
            16.85,
            24.74,
            17.27,
            16.25,
            13.36,
            25.03,
            13.68,
            22.94,
            18.12,
            17.63,
            25.05,
            8.25,
            12.69,
            12.27,
            16.46
        ],
        "graph_capturing": [
            19.0,
            24.0,
            19.0,
            19.0,
            17.0,
            null,
            17.0,
            21.0,
            20.0,
            20.0,
            23.0,
            16.0,
            18.0,
            19.0,
            21.0
        ],
        "init_engine": [
            36.3,
            48.94,
            36.88,
            35.31,
            31.24,
            null,
            31.36,
            44.62,
            38.36,
            37.9,
            48.89,
            24.43,
            31.29,
            31.91,
            37.51
        ],
        "tokenizer_init": [
            0.18,
            0.13,
            0.14,
            0.45,
            0.39,
            0.41,
            0.39,
            0.39,
            0.38,
            0.24,
            0.24,
            0.14,
            0.14,
            0.14,
            0.15
        ],
        "total_time": [
            52.250420999999996,
            71.19052599999999,
            49.350161,
            43.525127000000005,
            32.439652,
            31.054763,
            35.69125,
            52.446657,
            49.328748000000004,
            49.42232,
            60.130418,
            27.688184,
            37.460803999999996,
            46.463451,
            64.650772
        ],
        "actual_total_time": [
            67.05,
            85.39,
            63.84,
            57.93,
            47.01,
            0,
            50.23,
            67.1,
            64.11,
            63.8,
            74.64,
            42.01,
            51.85,
            61.09,
            78.85
        ]
    }
}