{
    "labels": [
        "output_model_deepseek-v2-lite-16b.txt",
        "output_model_gpt-oss-20b_cuda-graph-sizes_1_2_4_8_16_24_32_40_48_56_64_72_80_88_96_104_112_120_128_136_144_152_160_168_176_184_192_200_208_216_224_232_240_248_256.txt",
        "output_model_llama2-13b-hf.txt",
        "output_model_llama2-7b-hf.txt",
        "output_model_llama3-3b.txt",
        "output_model_qwen-14.3b.txt",
        "output_model_qwen-14b.txt",
        "output_model_qwen-4b.txt",
        "output_model_yi-6b.txt",
        "output_model_yi-9b.txt"
    ],
    "data": {
        "detect_platform": [
            0.016,
            0.016,
            0.016,
            0.016,
            0.016,
            0.016,
            0.016,
            0.017,
            0.017,
            0.016
        ],
        "llm_imports": [
            1.408,
            1.44,
            1.414,
            1.419,
            1.416,
            1.422,
            1.403,
            1.427,
            1.419,
            1.439
        ],
        "get_model_info": [
            5.324,
            8.243,
            5.321,
            5.273,
            5.266,
            5.272,
            5.288,
            5.264,
            5.277,
            5.316
        ],
        "worker_init": [
            2.038,
            1.116,
            2.039,
            2.019,
            2.027,
            2.046,
            2.052,
            2.068,
            2.026,
            2.028
        ],
        "framework_bootstrap": [
            8.786,
            10.815,
            8.79,
            8.727,
            8.725000000000001,
            8.756,
            8.759,
            8.776,
            8.739,
            8.799
        ],
        "load_weights": [
            4.15,
            1.71,
            3.19,
            1.69,
            0.8,
            3.75,
            3.48,
            0.98,
            1.47,
            2.19
        ],
        "model_init": [
            0.17,
            0.18,
            0.14,
            0.13,
            0.15,
            0.13,
            0.14,
            0.14,
            0.13,
            0.15
        ],
        "model_loading": [
            4.329862,
            2.173015,
            3.338461,
            1.825135,
            0.945117,
            3.891946,
            3.62558,
            1.125134,
            1.601076,
            2.338745
        ],
        "dynamo_transform_time": [
            4.23,
            4.11,
            6.57,
            5.4,
            4.81,
            4.9,
            7.0,
            7.07,
            5.44,
            8.11
        ],
        "graph_compile_general_shape": [
            13.71,
            12.34,
            18.35,
            14.72,
            13.17,
            12.31,
            18.75,
            18.58,
            15.14,
            22.71
        ],
        "graph_compile_cached": [
            null,
            null,
            null,
            null,
            null,
            null,
            null,
            null,
            null,
            null
        ],
        "torch.compile": [
            17.94,
            16.45,
            24.92,
            20.11,
            17.98,
            17.21,
            25.75,
            25.65,
            20.58,
            30.82
        ],
        "kv_cache_profiling": [
            1.9899999999999984,
            1.5300000000000011,
            3.1099999999999994,
            2.0199999999999996,
            1.620000000000001,
            2.349999999999998,
            2.789999999999999,
            2.0,
            2.0,
            2.240000000000002
        ],
        "graph_capturing": [
            2.46,
            1.45,
            1.6,
            1.22,
            1.13,
            1.68,
            1.64,
            1.46,
            1.24,
            1.65
        ],
        "init_engine": [
            22.94,
            19.99,
            30.22,
            23.91,
            21.27,
            21.79,
            30.77,
            29.69,
            24.37,
            35.32
        ],
        "tokenizer_init": [
            0.21,
            0.67,
            0.09,
            0.09,
            0.3,
            0.26,
            0.26,
            0.25,
            0.16,
            0.16
        ],
        "total_time": [
            36.265862000000006,
            33.648015,
            42.438461000000004,
            34.55213500000001,
            31.240117,
            34.697945999999995,
            43.414579999999994,
            39.841134,
            34.870076,
            46.617745
        ],
        "actual_total_time": [
            37.338,
            35.598,
            43.374,
            35.48,
            32.377,
            35.803,
            44.52,
            40.943,
            35.916,
            47.651
        ]
    }
}