{
    "labels": [
        "output_model_falcon-7b.txt",
        "output_model_llama2-13b-hf.txt",
        "output_model_llama2-7b-hf.txt",
        "output_model_llama3-3b.txt",
        "output_model_qwen-0.5b.txt",
        "output_model_qwen-1.8b.txt",
        "output_model_qwen-14b.txt",
        "output_model_qwen-4b.txt",
        "output_model_qwen-7b.txt",
        "output_model_yi-6b.txt",
        "output_model_yi-9b.txt"
    ],
    "data": {
        "load_weights": [
            8.21,
            14.39,
            7.73,
            3.66,
            0.6,
            2.14,
            15.49,
            4.45,
            8.74,
            6.69,
            9.8
        ],
        "model_init": [
            0.23,
            0.22,
            0.21,
            0.23,
            0.18,
            0.19,
            0.23,
            0.22,
            0.21,
            0.21,
            0.23
        ],
        "model_loading": [
            8.453482,
            14.621822,
            7.948357,
            3.896313,
            0.786443,
            2.336889,
            15.730967,
            4.681387,
            8.955144,
            6.906967,
            10.037415
        ],
        "dynamo_transform_time": [
            7.3,
            9.98,
            8.33,
            7.37,
            6.49,
            6.75,
            10.19,
            10.32,
            8.49,
            8.21,
            11.72
        ],
        "graph_compile_general_shape": [
            null,
            null,
            null,
            null,
            null,
            null,
            null,
            null,
            null,
            null,
            null
        ],
        "graph_compile_cached": [
            6.872,
            9.544,
            7.379,
            6.8,
            5.266,
            6.099,
            9.98,
            9.618,
            7.771,
            6.925,
            9.972
        ],
        "torch.compile": [
            7.3,
            9.98,
            8.33,
            7.37,
            6.49,
            6.75,
            10.19,
            10.32,
            8.49,
            8.21,
            11.72
        ],
        "kv_cache_profiling": [
            17.46,
            24.44,
            18.01,
            16.8,
            13.75,
            14.68,
            25.16,
            23.5,
            18.49,
            17.29,
            24.55
        ],
        "graph_capturing": [
            1.38,
            2.0,
            1.39,
            1.11,
            0.94,
            0.97,
            2.0,
            1.4,
            1.37,
            1.33,
            1.88
        ],
        "init_engine": [
            19.29,
            26.94,
            19.84,
            18.34,
            15.11,
            16.07,
            27.64,
            25.36,
            20.31,
            19.06,
            26.91
        ],
        "tokenizer_init": [
            0.19,
            0.13,
            0.13,
            0.45,
            0.39,
            0.38,
            0.39,
            0.38,
            0.39,
            0.25,
            0.25
        ],
        "total_time": [
            27.933482,
            41.691822,
            27.918356999999997,
            22.686313,
            16.286443,
            18.786889,
            43.760967,
            30.421387,
            29.655144,
            26.216966999999997,
            37.197415
        ],
        "actual_total_time": [
            43.6,
            56.41,
            42.88,
            37.68,
            31.42,
            33.79,
            58.84,
            45.46,
            44.54,
            41.17,
            52.49
        ]
    }
}