{
    "labels": [
        "output_model_falcon-7b.txt",
        "output_model_llama2-13b-hf.txt",
        "output_model_llama2-7b-hf.txt",
        "output_model_llama3-3b.txt",
        "output_model_qwen-0.5b.txt",
        "output_model_qwen-14b.txt",
        "output_model_qwen-1.8b.txt",
        "output_model_qwen-4b.txt",
        "output_model_qwen-7b.txt",
        "output_model_yi-6b.txt",
        "output_model_yi-9b.txt"
    ],
    "data": {
        "detect_platfrom": [
            1.0,
            0.0,
            0.0,
            0.0,
            0.0,
            0.0,
            0.0,
            0.0,
            0.0,
            0.0,
            0.0
        ],
        "llm_imports": [
            1.0,
            2.0,
            1.0,
            2.0,
            2.0,
            1.0,
            2.0,
            1.0,
            2.0,
            1.0,
            2.0
        ],
        "get_model_info": [
            6.0,
            6.0,
            7.0,
            7.0,
            7.0,
            7.0,
            7.0,
            6.0,
            7.0,
            7.0,
            7.0
        ],
        "worker_init": [
            2.0,
            2.0,
            2.0,
            2.0,
            2.0,
            2.0,
            2.0,
            2.0,
            2.0,
            2.0,
            1.0
        ],
        "framework_bootstrap": [
            10.0,
            10.0,
            10.0,
            11.0,
            11.0,
            10.0,
            11.0,
            9.0,
            11.0,
            10.0,
            10.0
        ],
        "load_weights": [
            8.21,
            14.39,
            7.73,
            3.66,
            0.6,
            15.49,
            2.14,
            4.45,
            8.74,
            6.69,
            9.8
        ],
        "model_init": [
            0.23,
            0.22,
            0.21,
            0.23,
            0.18,
            0.23,
            0.19,
            0.22,
            0.21,
            0.21,
            0.23
        ],
        "model_loading": [
            8.453482,
            14.621822,
            7.948357,
            3.896313,
            0.786443,
            15.730967,
            2.336889,
            4.681387,
            8.955144,
            6.906967,
            10.037415
        ],
        "dynamo_transform_time": [
            7.3,
            9.98,
            8.33,
            7.37,
            6.49,
            10.19,
            6.75,
            10.32,
            8.49,
            8.21,
            11.72
        ],
        "graph_compile_general_shape": [
            null,
            null,
            null,
            null,
            null,
            null,
            null,
            null,
            null,
            null,
            null
        ],
        "graph_compile_cached": [
            6.872,
            9.544,
            7.379,
            6.8,
            5.266,
            9.98,
            6.099,
            9.618,
            7.771,
            6.925,
            9.972
        ],
        "torch.compile": [
            7.3,
            9.98,
            8.33,
            7.37,
            6.49,
            10.19,
            6.75,
            10.32,
            8.49,
            8.21,
            11.72
        ],
        "kv_cache_profiling": [
            3.2880000000000003,
            4.916,
            2.301000000000002,
            2.630000000000001,
            1.9939999999999998,
            4.989999999999998,
            1.8309999999999995,
            3.5619999999999976,
            2.228999999999999,
            2.1549999999999976,
            2.8580000000000005
        ],
        "graph_capturing": [
            1.38,
            2.0,
            1.39,
            1.11,
            0.94,
            2.0,
            0.97,
            1.4,
            1.37,
            1.33,
            1.88
        ],
        "init_engine": [
            19.29,
            26.94,
            19.84,
            18.34,
            15.11,
            27.64,
            16.07,
            25.36,
            20.31,
            19.06,
            26.91
        ],
        "tokenizer_init": [
            0.19,
            0.13,
            0.13,
            0.45,
            0.39,
            0.39,
            0.38,
            0.38,
            0.39,
            0.25,
            0.25
        ],
        "total_time": [
            37.933482,
            51.69182200000001,
            37.91835700000001,
            33.686313,
            27.286443,
            53.760967,
            29.786889,
            39.421387,
            40.655144,
            36.216967,
            47.197415
        ],
        "actual_total_time": [
            46.0,
            59.0,
            46.0,
            41.0,
            34.0,
            62.0,
            36.0,
            48.0,
            47.0,
            44.0,
            55.0
        ]
    }
}