{
    "labels": [
        "output_model_falcon-7b_container.txt",
        "output_model_falcon-7b_default.txt",
        "output_model_llama2-13b-hf_container.txt",
        "output_model_llama2-13b-hf_default.txt",
        "output_model_llama2-7b-hf_container.txt",
        "output_model_llama2-7b-hf_default.txt",
        "output_model_llama3-3b_container.txt",
        "output_model_llama3-3b_default.txt",
        "output_model_qwen-14.3b_container.txt",
        "output_model_qwen-14.3b_default.txt",
        "output_model_qwen-14b_container.txt",
        "output_model_qwen-14b_default.txt",
        "output_model_qwen-1.8b_container.txt",
        "output_model_qwen-1.8b_default.txt",
        "output_model_qwen-7b_container.txt",
        "output_model_qwen-7b_default.txt",
        "output_model_yi-9b_container.txt",
        "output_model_yi-9b_default.txt"
    ],
    "data": {
        "load_weights": [
            1.88,
            1.89,
            3.52,
            3.53,
            1.81,
            1.8,
            0.87,
            0.87,
            4.08,
            4.08,
            3.75,
            3.76,
            0.5,
            0.5,
            2.09,
            2.09,
            2.34,
            2.35
        ],
        "model_init": [
            0.11,
            0.12,
            0.13,
            0.13,
            0.12,
            0.12,
            0.13,
            0.13,
            0.12,
            0.12,
            0.13,
            0.13,
            0.11,
            0.11,
            0.12,
            0.12,
            0.13,
            0.13
        ],
        "model_loading": [
            1.992694,
            2.004121,
            3.649744,
            3.66176,
            1.925672,
            1.914951,
            1.008212,
            1.005341,
            4.20748,
            4.210215,
            3.884078,
            3.889846,
            0.611803,
            0.613804,
            2.204507,
            2.213269,
            2.479387,
            2.488268
        ],
        "dynamo_transform_time": [
            4.27,
            4.54,
            5.71,
            6.86,
            4.37,
            5.12,
            3.95,
            4.59,
            4.07,
            4.57,
            5.76,
            6.66,
            3.53,
            4.19,
            4.6,
            5.28,
            6.8,
            7.64
        ],
        "graph_compile_general_shape": [
            null,
            null,
            null,
            null,
            null,
            null,
            null,
            null,
            null,
            null,
            null,
            null,
            null,
            null,
            null,
            null,
            null,
            null
        ],
        "graph_compile_cached": [
            3.793,
            4.06,
            5.238,
            5.685,
            3.775,
            4.244,
            3.465,
            3.926,
            2.985,
            3.406,
            4.938,
            5.482,
            3.122,
            3.592,
            4.14,
            4.311,
            6.355,
            6.745
        ],
        "torch.compile": [
            4.27,
            4.54,
            5.71,
            6.86,
            4.37,
            5.12,
            3.95,
            4.59,
            4.07,
            4.57,
            5.76,
            6.66,
            3.53,
            4.19,
            4.6,
            5.28,
            6.8,
            7.64
        ],
        "kv_cache_profiling": [
            10.3,
            10.83,
            13.33,
            14.95,
            9.83,
            11.09,
            8.97,
            10.08,
            8.71,
            9.63,
            13.09,
            14.55,
            7.87,
            9.02,
            10.43,
            11.32,
            15.01,
            16.22
        ],
        "graph_capturing": [
            1.18,
            1.15,
            1.47,
            1.46,
            1.1,
            1.11,
            1.04,
            1.02,
            1.56,
            1.53,
            1.53,
            1.51,
            0.95,
            0.92,
            1.13,
            1.14,
            1.49,
            1.47
        ],
        "init_engine": [
            11.93,
            12.45,
            15.29,
            16.91,
            11.4,
            12.69,
            10.47,
            11.56,
            10.72,
            11.63,
            15.1,
            16.56,
            9.26,
            10.39,
            12.02,
            12.94,
            16.99,
            18.2
        ],
        "tokenizer_init": [
            0.13,
            0.12,
            0.09,
            0.08,
            0.09,
            0.09,
            0.29,
            0.29,
            0.25,
            0.25,
            0.25,
            0.25,
            0.25,
            0.25,
            0.25,
            0.25,
            0.16,
            0.16
        ],
        "total_time": [
            14.052694,
            14.574120999999998,
            19.029743999999997,
            20.65176,
            13.415672,
            14.694951,
            11.768212,
            12.855341,
            15.177480000000001,
            16.090215,
            19.234078,
            20.699845999999997,
            10.121803,
            11.253804,
            14.474507,
            15.403269,
            19.629386999999998,
            20.848268
        ],
        "actual_total_time": [
            22.18,
            22.66,
            26.46,
            27.96,
            20.78,
            22.01,
            19.48,
            20.41,
            22.81,
            23.6,
            26.86,
            28.18,
            17.64,
            18.73,
            21.97,
            22.86,
            27.18,
            28.25
        ]
    }
}