{
    "labels": [
        "output_model_deepseek-r1-distill-llama-8b.txt",
        "output_model_deepseek-v2-lite-16b.txt",
        "output_model_llama2-13b-hf.txt",
        "output_model_llama3-3b.txt",
        "output_model_qwen-0.5b.txt",
        "output_model_qwen-14.3b.txt",
        "output_model_qwen-1.8b.txt",
        "output_model_qwen-4b.txt",
        "output_model_qwen-7b.txt",
        "output_model_yi-9b.txt"
    ],
    "data": {
        "detect_platform": [
            0.016,
            0.016,
            0.016,
            0.016,
            0.017,
            0.016,
            0.016,
            0.017,
            0.016,
            0.016
        ],
        "llm_imports": [
            1.428,
            1.398,
            1.435,
            1.419,
            1.415,
            1.41,
            1.418,
            1.428,
            1.396,
            1.434
        ],
        "get_model_info": [
            5.238,
            5.233,
            5.202,
            5.243,
            5.286,
            5.246,
            5.214,
            5.215,
            5.207,
            5.216
        ],
        "worker_init": [
            2.054,
            2.011,
            1.991,
            2.045,
            2.032,
            2.026,
            2.039,
            2.033,
            2.031,
            2.01
        ],
        "framework_bootstrap": [
            8.736,
            8.658,
            8.644,
            8.723,
            8.75,
            8.698,
            8.687000000000001,
            8.693,
            8.65,
            8.676
        ],
        "load_weights": [
            1.96,
            4.14,
            3.17,
            0.8,
            0.13,
            3.73,
            0.46,
            0.99,
            1.9,
            2.18
        ],
        "model_init": [
            0.15,
            0.17,
            0.13,
            0.14,
            0.11,
            0.13,
            0.11,
            0.14,
            0.13,
            0.15
        ],
        "model_loading": [
            2.114632,
            4.323802,
            3.311675,
            0.943748,
            0.242031,
            3.865512,
            0.577467,
            1.12886,
            2.029699,
            2.332892
        ],
        "dynamo_transform_time": [
            null,
            null,
            null,
            null,
            null,
            null,
            null,
            null,
            null,
            null
        ],
        "graph_compile_general_shape": [
            null,
            null,
            null,
            null,
            null,
            null,
            null,
            null,
            null,
            null
        ],
        "graph_compile_cached": [
            null,
            null,
            null,
            null,
            null,
            null,
            null,
            null,
            null,
            null
        ],
        "torch.compile": [
            null,
            null,
            null,
            null,
            null,
            null,
            null,
            null,
            null,
            null
        ],
        "kv_cache_profiling": [
            0.71,
            0.95,
            0.81,
            0.68,
            0.66,
            0.95,
            0.66,
            0.7,
            0.72,
            0.74
        ],
        "graph_capturing": [
            1.51,
            2.55,
            1.89,
            1.4,
            1.29,
            1.93,
            1.26,
            1.84,
            1.48,
            1.97
        ],
        "init_engine": [
            2.7,
            3.99,
            3.18,
            2.56,
            2.43,
            3.37,
            2.4,
            3.03,
            2.67,
            3.19
        ],
        "tokenizer_init": [
            0.36,
            0.21,
            0.09,
            0.29,
            0.25,
            0.25,
            0.25,
            0.25,
            0.25,
            0.16
        ],
        "total_time": [
            13.910632,
            17.181801999999998,
            15.225674999999999,
            12.516748,
            11.672031,
            16.183512,
            11.914467000000002,
            13.101859999999999,
            13.599699,
            14.358891999999999
        ],
        "actual_total_time": [
            15.145,
            18.257,
            16.146,
            13.667,
            12.793,
            17.284,
            13.033,
            14.224,
            14.714,
            15.385
        ]
    }
}