{
    "labels": [
        "output_model_llama3-3b_default.txt",
        "output_model_llama3-3b_torch2.5.1.txt",
        "output_model_llama3-3b_torch2.6.0.txt",
        "output_model_qwen-4b_default.txt",
        "output_model_qwen-4b_torch2.5.1.txt",
        "output_model_qwen-4b_torch2.6.0.txt",
        "output_model_yi-9b_default.txt",
        "output_model_yi-9b_torch2.5.1.txt",
        "output_model_yi-9b_torch2.6.0.txt"
    ],
    "data": {
        "load_weights": [
            0.87,
            0.87,
            0.87,
            1.07,
            1.08,
            1.07,
            2.34,
            2.35,
            2.35
        ],
        "model_init": [
            0.13,
            0.13,
            0.13,
            0.12,
            0.12,
            0.12,
            0.13,
            0.13,
            0.13
        ],
        "model_loading": [
            1.003404,
            1.001248,
            1.000455,
            1.19267,
            1.205859,
            1.19656,
            2.473399,
            2.49156,
            2.489525
        ],
        "dynamo_transform_time": [
            4.53,
            4.6,
            4.7,
            6.65,
            6.68,
            6.65,
            7.59,
            7.63,
            7.77
        ],
        "graph_compile_general_shape": [
            null,
            null,
            null,
            null,
            null,
            null,
            null,
            null,
            null
        ],
        "graph_compile_cached": [
            3.902,
            3.947,
            4.107,
            5.356,
            5.345,
            5.371,
            6.741,
            6.748,
            7.048
        ],
        "torch.compile": [
            4.53,
            4.6,
            4.7,
            6.65,
            6.68,
            6.65,
            7.59,
            7.63,
            7.77
        ],
        "kv_cache_profiling": [
            10.02,
            10.05,
            10.33,
            13.62,
            13.63,
            13.63,
            16.17,
            16.19,
            16.62
        ],
        "graph_capturing": [
            1.02,
            1.0,
            1.01,
            1.31,
            1.3,
            1.3,
            1.48,
            1.46,
            1.45
        ],
        "init_engine": [
            11.52,
            11.48,
            11.77,
            15.42,
            15.39,
            15.38,
            18.15,
            18.12,
            18.54
        ],
        "tokenizer_init": [
            0.29,
            0.28,
            0.29,
            0.25,
            0.25,
            0.26,
            0.16,
            0.15,
            0.16
        ],
        "total_time": [
            12.813403999999998,
            12.761248,
            13.060455,
            16.86267,
            16.845859,
            16.836560000000002,
            20.783399,
            20.76156,
            21.189525
        ],
        "actual_total_time": [
            20.32,
            19.78,
            20.06,
            24.33,
            23.83,
            23.8,
            28.16,
            27.65,
            28.05
        ]
    }
}