{
    "labels": [
        "output_model_llama3-3b_default.txt",
        "output_model_llama3-3b_torch2.5.1.txt",
        "output_model_llama3-3b_torch2.6.0.txt",
        "output_model_qwen-4b_default.txt",
        "output_model_qwen-4b_torch2.5.1.txt",
        "output_model_qwen-4b_torch2.6.0.txt",
        "output_model_yi-9b_default.txt",
        "output_model_yi-9b_torch2.5.1.txt",
        "output_model_yi-9b_torch2.6.0.txt"
    ],
    "data": {
        "detect_platfrom": [
            0.0,
            0.0,
            0.0,
            0.0,
            0.0,
            0.0,
            0.0,
            0.0,
            0.0
        ],
        "llm_imports": [
            1.0,
            2.0,
            2.0,
            1.0,
            1.0,
            2.0,
            2.0,
            1.0,
            1.0
        ],
        "get_model_info": [
            5.0,
            4.0,
            4.0,
            5.0,
            5.0,
            4.0,
            5.0,
            5.0,
            5.0
        ],
        "worker_init": [
            2.0,
            2.0,
            2.0,
            2.0,
            2.0,
            2.0,
            1.0,
            1.0,
            2.0
        ],
        "framework_bootstrap": [
            8.0,
            8.0,
            8.0,
            8.0,
            8.0,
            8.0,
            8.0,
            7.0,
            8.0
        ],
        "load_weights": [
            0.87,
            0.87,
            0.87,
            1.07,
            1.08,
            1.07,
            2.34,
            2.35,
            2.35
        ],
        "model_init": [
            0.13,
            0.13,
            0.13,
            0.12,
            0.12,
            0.12,
            0.13,
            0.13,
            0.13
        ],
        "model_loading": [
            1.003404,
            1.001248,
            1.000455,
            1.19267,
            1.205859,
            1.19656,
            2.473399,
            2.49156,
            2.489525
        ],
        "dynamo_transform_time": [
            4.53,
            4.6,
            4.7,
            6.65,
            6.68,
            6.65,
            7.59,
            7.63,
            7.77
        ],
        "graph_compile_general_shape": [
            null,
            null,
            null,
            null,
            null,
            null,
            null,
            null,
            null
        ],
        "graph_compile_cached": [
            3.902,
            3.947,
            4.107,
            5.356,
            5.345,
            5.371,
            6.741,
            6.748,
            7.048
        ],
        "torch.compile": [
            4.53,
            4.6,
            4.7,
            6.65,
            6.68,
            6.65,
            7.59,
            7.63,
            7.77
        ],
        "kv_cache_profiling": [
            1.5879999999999992,
            1.5030000000000001,
            1.5229999999999997,
            1.613999999999999,
            1.6050000000000022,
            1.609,
            1.8390000000000022,
            1.8120000000000012,
            1.8020000000000014
        ],
        "graph_capturing": [
            1.02,
            1.0,
            1.01,
            1.31,
            1.3,
            1.3,
            1.48,
            1.46,
            1.45
        ],
        "init_engine": [
            11.52,
            11.48,
            11.77,
            15.42,
            15.39,
            15.38,
            18.15,
            18.12,
            18.54
        ],
        "tokenizer_init": [
            0.29,
            0.28,
            0.29,
            0.25,
            0.25,
            0.26,
            0.16,
            0.15,
            0.16
        ],
        "total_time": [
            20.813404,
            20.761248000000002,
            21.060454999999997,
            24.86267,
            24.845859,
            24.836560000000002,
            28.783399,
            27.76156,
            29.189525
        ],
        "actual_total_time": [
            22.0,
            21.0,
            22.0,
            25.0,
            25.0,
            25.0,
            30.0,
            29.0,
            30.0
        ]
    }
}