{
    "labels": [
        "output_model_llama3-3b_default.txt",
        "output_model_llama3-3b_torch2.5.1.txt",
        "output_model_llama3-3b_torch2.6.0.txt",
        "output_model_qwen-4b_default.txt",
        "output_model_qwen-4b_torch2.5.1.txt",
        "output_model_qwen-4b_torch2.6.0.txt",
        "output_model_yi-9b_default.txt",
        "output_model_yi-9b_torch2.5.1.txt",
        "output_model_yi-9b_torch2.6.0.txt"
    ],
    "data": {
        "detect_platform": [
            0.0,
            0.0,
            0.0,
            0.0,
            0.0,
            0.0,
            0.0,
            0.0,
            0.0
        ],
        "llm_imports": [
            2.0,
            1.0,
            2.0,
            2.0,
            2.0,
            1.0,
            1.0,
            1.0,
            2.0
        ],
        "get_model_info": [
            4.0,
            4.0,
            4.0,
            4.0,
            4.0,
            5.0,
            5.0,
            5.0,
            4.0
        ],
        "worker_init": [
            1.0,
            1.0,
            2.0,
            1.0,
            2.0,
            2.0,
            2.0,
            2.0,
            2.0
        ],
        "framework_bootstrap": [
            7.0,
            6.0,
            8.0,
            7.0,
            8.0,
            8.0,
            8.0,
            8.0,
            8.0
        ],
        "load_weights": [
            0.87,
            0.87,
            0.87,
            1.07,
            1.07,
            1.07,
            2.34,
            2.37,
            2.34
        ],
        "model_init": [
            0.13,
            0.13,
            0.13,
            0.12,
            0.12,
            0.12,
            0.13,
            0.13,
            0.13
        ],
        "model_loading": [
            1.0041,
            1.000134,
            1.000853,
            1.194178,
            1.195871,
            1.196058,
            2.475506,
            2.50606,
            2.479569
        ],
        "dynamo_transform_time": [
            4.57,
            4.59,
            4.69,
            6.62,
            6.58,
            6.73,
            7.66,
            7.67,
            7.63
        ],
        "graph_compile_general_shape": [
            null,
            null,
            null,
            null,
            null,
            null,
            null,
            null,
            null
        ],
        "graph_compile_cached": [
            3.945,
            3.92,
            3.934,
            5.353,
            5.33,
            5.584,
            6.751,
            6.83,
            6.763
        ],
        "torch.compile": [
            4.57,
            4.59,
            4.69,
            6.62,
            6.58,
            6.73,
            7.66,
            7.67,
            7.63
        ],
        "kv_cache_profiling": [
            1.5749999999999993,
            1.5099999999999998,
            1.5060000000000002,
            1.6170000000000009,
            1.5999999999999996,
            1.5860000000000003,
            1.8490000000000002,
            1.8099999999999987,
            1.8069999999999986
        ],
        "graph_capturing": [
            1.02,
            1.0,
            1.0,
            1.3,
            1.29,
            1.28,
            1.48,
            1.47,
            1.46
        ],
        "init_engine": [
            11.59,
            11.46,
            11.55,
            15.38,
            15.25,
            15.63,
            18.24,
            18.26,
            18.13
        ],
        "tokenizer_init": [
            0.28,
            0.28,
            0.29,
            0.25,
            0.25,
            0.25,
            0.16,
            0.15,
            0.15
        ],
        "total_time": [
            19.8741,
            18.740134,
            20.840853,
            23.824178000000003,
            24.695871,
            25.076058000000003,
            28.875505999999998,
            28.91606,
            28.759569
        ],
        "actual_total_time": [
            22.0,
            21.0,
            21.0,
            26.0,
            25.0,
            26.0,
            29.0,
            29.0,
            29.0
        ]
    }
}