{
    "labels": [
        "output_model_llama3-3b_default.txt",
        "output_model_llama3-3b_torch2.5.1.txt",
        "output_model_llama3-3b_torch2.6.0.txt",
        "output_model_qwen-4b_default.txt",
        "output_model_qwen-4b_torch2.5.1.txt",
        "output_model_qwen-4b_torch2.6.0.txt",
        "output_model_yi-9b_default.txt",
        "output_model_yi-9b_torch2.5.1.txt",
        "output_model_yi-9b_torch2.6.0.txt"
    ],
    "data": {
        "load_weights": [
            0.87,
            0.87,
            0.87,
            1.07,
            1.07,
            1.07,
            2.34,
            2.37,
            2.34
        ],
        "model_init": [
            0.13,
            0.13,
            0.13,
            0.12,
            0.12,
            0.12,
            0.13,
            0.13,
            0.13
        ],
        "model_loading": [
            1.0041,
            1.000134,
            1.000853,
            1.194178,
            1.195871,
            1.196058,
            2.475506,
            2.50606,
            2.479569
        ],
        "dynamo_transform_time": [
            4.57,
            4.59,
            4.69,
            6.62,
            6.58,
            6.73,
            7.66,
            7.67,
            7.63
        ],
        "graph_compile_general_shape": [
            null,
            null,
            null,
            null,
            null,
            null,
            null,
            null,
            null
        ],
        "graph_compile_cached": [
            3.945,
            3.92,
            3.934,
            5.353,
            5.33,
            5.584,
            6.751,
            6.83,
            6.763
        ],
        "torch.compile": [
            4.57,
            4.59,
            4.69,
            6.62,
            6.58,
            6.73,
            7.66,
            7.67,
            7.63
        ],
        "kv_cache_profiling": [
            10.09,
            10.02,
            10.13,
            13.59,
            13.51,
            13.9,
            16.26,
            16.31,
            16.2
        ],
        "graph_capturing": [
            1.02,
            1.0,
            1.0,
            1.3,
            1.29,
            1.28,
            1.48,
            1.47,
            1.46
        ],
        "init_engine": [
            11.59,
            11.46,
            11.55,
            15.38,
            15.25,
            15.63,
            18.24,
            18.26,
            18.13
        ],
        "tokenizer_init": [
            0.28,
            0.28,
            0.29,
            0.25,
            0.25,
            0.25,
            0.16,
            0.15,
            0.15
        ],
        "total_time": [
            12.874099999999999,
            12.740134,
            12.840853,
            16.824178,
            16.695871,
            17.076058,
            20.875505999999998,
            20.91606,
            20.759569
        ],
        "actual_total_time": [
            20.43,
            19.77,
            19.84,
            24.27,
            23.65,
            24.06,
            28.25,
            27.79,
            27.63
        ]
    }
}