{
    "labels": [
        "output_model_falcon-7b.txt",
        "output_model_llama2-13b-hf.txt",
        "output_model_llama2-7b-hf.txt",
        "output_model_llama3-3b.txt",
        "output_model_qwen-0.5b.txt",
        "output_model_qwen-14b.txt",
        "output_model_qwen-1.8b.txt",
        "output_model_qwen-4b.txt",
        "output_model_qwen-7b.txt",
        "output_model_yi-6b.txt",
        "output_model_yi-9b.txt"
    ],
    "data": {
        "detect_platform": [
            1.0,
            0.0,
            0.0,
            0.0,
            0.0,
            1.0,
            1.0,
            1.0,
            1.0,
            1.0,
            1.0
        ],
        "llm_imports": [
            1.0,
            2.0,
            2.0,
            2.0,
            2.0,
            1.0,
            1.0,
            1.0,
            1.0,
            1.0,
            1.0
        ],
        "get_model_info": [
            7.0,
            6.0,
            7.0,
            7.0,
            8.0,
            8.0,
            7.0,
            6.0,
            7.0,
            7.0,
            7.0
        ],
        "worker_init": [
            3.0,
            2.0,
            2.0,
            3.0,
            3.0,
            3.0,
            3.0,
            2.0,
            3.0,
            2.0,
            2.0
        ],
        "framework_bootstrap": [
            12.0,
            10.0,
            11.0,
            12.0,
            13.0,
            13.0,
            12.0,
            10.0,
            12.0,
            11.0,
            11.0
        ],
        "load_weights": [
            2.54,
            4.63,
            2.35,
            1.16,
            0.19,
            5.29,
            0.68,
            1.41,
            2.76,
            2.16,
            3.22
        ],
        "model_init": [
            0.18,
            0.3,
            0.11,
            0.2,
            0.09,
            0.12,
            0.1,
            0.41,
            0.11,
            0.31,
            0.38
        ],
        "model_loading": [
            3.235995,
            5.452357,
            3.047041,
            1.878104,
            2.074623,
            6.188494,
            1.387646,
            2.344385,
            3.479551,
            3.068376,
            4.230284
        ],
        "dynamo_transform_time": [
            3.81,
            5.36,
            4.38,
            3.77,
            3.37,
            5.48,
            3.34,
            5.49,
            4.46,
            4.41,
            6.25
        ],
        "graph_compile_general_shape": [
            null,
            null,
            null,
            null,
            null,
            null,
            null,
            null,
            null,
            null,
            null
        ],
        "graph_compile_cached": [
            3.777,
            4.979,
            4.133,
            3.55,
            3.278,
            5.736,
            3.021,
            5.927,
            4.502,
            4.045,
            5.927
        ],
        "torch.compile": [
            3.81,
            5.36,
            4.38,
            3.77,
            3.37,
            5.48,
            3.34,
            5.49,
            4.46,
            4.41,
            6.25
        ],
        "kv_cache_profiling": [
            2.423,
            2.1609999999999996,
            1.6170000000000009,
            1.629999999999999,
            1.5020000000000007,
            2.2939999999999987,
            1.3490000000000002,
            1.3729999999999993,
            1.2680000000000007,
            1.4749999999999996,
            1.8629999999999995
        ],
        "graph_capturing": [
            1.81,
            2.16,
            2.39,
            1.67,
            1.38,
            2.11,
            0.77,
            1.69,
            1.77,
            1.64,
            1.61
        ],
        "init_engine": [
            12.29,
            14.89,
            12.75,
            10.9,
            9.77,
            15.92,
            8.72,
            15.01,
            12.25,
            11.8,
            15.88
        ],
        "tokenizer_init": [
            0.4,
            0.33,
            0.33,
            0.53,
            0.51,
            0.53,
            0.5,
            0.49,
            0.49,
            0.41,
            0.41
        ],
        "total_time": [
            27.925994999999997,
            30.672356999999998,
            27.127041,
            25.308104,
            25.354623,
            35.638494,
            22.607646000000003,
            27.844385,
            28.219551,
            26.278376,
            31.520284
        ],
        "actual_total_time": [
            29.0,
            33.0,
            29.0,
            26.0,
            26.0,
            37.0,
            24.0,
            30.0,
            29.0,
            28.0,
            33.0
        ]
    }
}