{
    "labels": [
        "output_model_falcon-7b.txt",
        "output_model_llama2-13b-hf.txt",
        "output_model_llama2-7b-hf.txt",
        "output_model_llama3-3b.txt",
        "output_model_qwen-0.5b.txt",
        "output_model_qwen-14b.txt",
        "output_model_qwen-1.8b.txt",
        "output_model_qwen-4b.txt",
        "output_model_qwen-7b.txt",
        "output_model_yi-6b.txt",
        "output_model_yi-9b.txt"
    ],
    "data": {
        "detect_platform": [
            0.2,
            0.0,
            0.4,
            0.2,
            0.4,
            0.2,
            0.4,
            0.2,
            0.6,
            0.4,
            0.4
        ],
        "llm_imports": [
            1.0,
            1.4,
            1.4,
            1.6,
            1.4,
            1.0,
            1.2,
            1.4,
            1.4,
            1.4,
            1.4
        ],
        "get_model_info": [
            7.8,
            7.6,
            6.4,
            6.4,
            7.0,
            7.0,
            6.8,
            6.6,
            6.8,
            6.8,
            6.4
        ],
        "worker_init": [
            2.0,
            2.0,
            2.2,
            2.0,
            2.4,
            2.2,
            2.0,
            2.2,
            2.2,
            2.0,
            2.0
        ],
        "framework_bootstrap": [
            11.0,
            11.0,
            10.399999999999999,
            10.200000000000001,
            11.200000000000001,
            10.399999999999999,
            10.4,
            10.399999999999999,
            11.0,
            10.6,
            10.2
        ],
        "load_weights": [
            2.028,
            3.6300000000000003,
            2.0279999999999996,
            0.9280000000000002,
            0.15,
            4.3100000000000005,
            0.54,
            1.136,
            2.16,
            2.4579999999999997,
            2.5
        ],
        "model_init": [
            0.13999999999999999,
            0.118,
            0.11000000000000001,
            0.126,
            0.09,
            0.12,
            0.098,
            0.11399999999999999,
            0.11000000000000001,
            0.10800000000000001,
            0.122
        ],
        "model_loading": [
            2.168,
            3.748,
            2.1379999999999995,
            1.0540000000000003,
            0.24,
            4.430000000000001,
            0.638,
            1.25,
            2.27,
            2.566,
            2.622
        ],
        "dynamo_transform_time": [
            3.7880000000000003,
            5.296,
            4.392,
            3.752,
            3.3619999999999997,
            5.42,
            3.3519999999999994,
            5.410000000000001,
            4.462,
            4.378,
            6.236000000000001
        ],
        "graph_compile_general_shape": [
            null,
            null,
            null,
            null,
            null,
            null,
            null,
            null,
            null,
            null,
            null
        ],
        "graph_compile_cached": [
            3.2626,
            4.4475999999999996,
            3.4722,
            3.0932000000000004,
            2.5628,
            4.4342,
            2.6439999999999997,
            4.3962,
            3.4306000000000005,
            3.5223999999999998,
            5.412
        ],
        "torch.compile": [
            3.7880000000000003,
            5.296,
            4.392,
            3.752,
            3.3619999999999997,
            5.42,
            3.3519999999999994,
            5.410000000000001,
            4.462,
            4.378,
            6.236000000000001
        ],
        "kv_cache_profiling": [
            1.9834000000000003,
            2.2024,
            1.2437999999999996,
            1.2228,
            1.2332,
            2.1578000000000004,
            1.2040000000000002,
            1.4238,
            1.1953999999999998,
            1.1856000000000002,
            1.8180000000000003
        ],
        "graph_capturing": [
            1.1460000000000001,
            1.484,
            1.092,
            0.966,
            0.812,
            1.522,
            0.9400000000000001,
            1.254,
            1.134,
            1.1019999999999999,
            1.424
        ],
        "init_engine": [
            10.18,
            13.43,
            10.2,
            9.034,
            7.970000000000001,
            13.534,
            8.14,
            12.484000000000002,
            10.222,
            10.188,
            14.89
        ],
        "tokenizer_init": [
            0.398,
            0.376,
            0.37000000000000005,
            0.512,
            0.616,
            0.512,
            0.508,
            0.516,
            0.54,
            0.44799999999999995,
            0.41600000000000004
        ],
        "total_time": [
            23.746,
            28.554000000000002,
            23.108,
            20.800000000000004,
            20.026000000000003,
            28.875999999999998,
            19.686,
            24.65,
            24.031999999999996,
            23.802,
            28.128
        ],
        "actual_total_time": [
            25.607528,
            29.985909600000003,
            24.2057356,
            22.341431600000003,
            20.4417864,
            29.774507599999996,
            21.0433782,
            25.842110199999997,
            25.042522799999993,
            25.2003914,
            29.6788822
        ]
    }
}