{
    "labels": [
        "output_model_deepseek-r1-distill-llama-8b.txt",
        "output_model_deepseek-r1-distill-qwen-7b.txt",
        "output_model_deepseek-v2-lite-16b.txt",
        "output_model_falcon-7b.txt",
        "output_model_llama2-13b-hf.txt",
        "output_model_llama2-7b-hf.txt",
        "output_model_llama3-3b.txt",
        "output_model_qwen-0.5b.txt",
        "output_model_qwen-14.3b.txt",
        "output_model_qwen-14b.txt",
        "output_model_qwen-1.8b.txt",
        "output_model_qwen-4b.txt",
        "output_model_qwen-7b.txt",
        "output_model_yi-6b.txt",
        "output_model_yi-9b.txt"
    ],
    "data": {
        "detect_platform": [
            0.034,
            0.033,
            0.034,
            0.034,
            0.034,
            0.034,
            0.034,
            0.034,
            0.034,
            0.034,
            0.034,
            0.033,
            0.034,
            0.034,
            0.034
        ],
        "llm_imports": [
            1.399,
            1.407,
            1.373,
            1.355,
            1.367,
            1.46,
            1.36,
            1.393,
            1.362,
            1.348,
            1.36,
            1.36,
            1.363,
            1.36,
            1.364
        ],
        "get_model_info": [
            5.004,
            5.043,
            5.057,
            5.0,
            4.99,
            4.995,
            4.978,
            4.978,
            5.089,
            5.021,
            4.993,
            5.014,
            5.02,
            5.005,
            5.017
        ],
        "worker_init": [
            1.488,
            1.484,
            1.473,
            1.437,
            1.461,
            1.451,
            1.495,
            1.466,
            1.461,
            1.468,
            1.465,
            1.497,
            1.483,
            1.438,
            1.465
        ],
        "framework_bootstrap": [
            7.924999999999999,
            7.9670000000000005,
            7.937,
            7.8260000000000005,
            7.852,
            7.9399999999999995,
            7.867,
            7.8709999999999996,
            7.946000000000001,
            7.871,
            7.852,
            7.904,
            7.9,
            7.837,
            7.880000000000001
        ],
        "load_weights": [
            2.27,
            2.13,
            4.63,
            1.89,
            3.59,
            1.86,
            0.92,
            0.14,
            4.25,
            3.84,
            0.52,
            1.12,
            2.1,
            1.67,
            2.43
        ],
        "model_init": [
            0.16,
            0.13,
            0.18,
            0.11,
            0.13,
            0.12,
            0.16,
            0.11,
            0.12,
            0.14,
            0.12,
            0.14,
            0.14,
            0.12,
            0.14
        ],
        "model_loading": [
            2.435896,
            2.269336,
            4.817454,
            2.013071,
            3.722337,
            1.97942,
            1.082406,
            0.252543,
            4.376085,
            3.989463,
            0.647923,
            1.268503,
            2.242499,
            1.798321,
            2.577002
        ],
        "dynamo_transform_time": [
            null,
            null,
            null,
            null,
            null,
            null,
            null,
            null,
            null,
            null,
            null,
            null,
            null,
            null,
            null
        ],
        "graph_compile_general_shape": [
            null,
            null,
            null,
            null,
            null,
            null,
            null,
            null,
            null,
            null,
            null,
            null,
            null,
            null,
            null
        ],
        "graph_compile_cached": [
            null,
            null,
            null,
            null,
            null,
            null,
            null,
            null,
            null,
            null,
            null,
            null,
            null,
            null,
            null
        ],
        "torch.compile": [
            null,
            null,
            null,
            null,
            null,
            null,
            null,
            null,
            null,
            null,
            null,
            null,
            null,
            null,
            null
        ],
        "kv_cache_profiling": [
            0.69,
            0.72,
            1.0,
            0.66,
            0.78,
            0.76,
            0.65,
            0.72,
            0.94,
            0.78,
            0.67,
            0.69,
            0.72,
            0.7,
            0.75
        ],
        "graph_capturing": [
            1.49,
            1.44,
            2.52,
            1.16,
            1.84,
            1.49,
            1.39,
            1.26,
            1.93,
            1.93,
            1.26,
            1.82,
            1.45,
            1.48,
            1.97
        ],
        "init_engine": [
            2.61,
            2.58,
            3.96,
            2.24,
            3.05,
            2.68,
            2.46,
            2.39,
            3.3,
            3.13,
            2.35,
            2.95,
            2.6,
            2.6,
            3.16
        ],
        "tokenizer_init": [
            0.37,
            0.32,
            0.21,
            0.12,
            0.08,
            0.08,
            0.28,
            0.26,
            0.25,
            0.25,
            0.25,
            0.25,
            0.25,
            0.16,
            0.15
        ],
        "total_time": [
            13.340895999999997,
            13.136336000000002,
            16.924454,
            12.199071,
            14.704337,
            12.679419999999999,
            11.689406,
            10.773543,
            15.872085000000002,
            15.240463000000002,
            11.099923,
            12.372502999999998,
            12.992499,
            12.395321,
            13.767002000000002
        ],
        "actual_total_time": [
            14.509,
            14.267,
            17.923,
            13.751,
            15.562,
            13.535,
            12.757,
            11.82,
            16.921,
            16.276,
            12.154,
            13.424,
            14.029,
            13.353,
            14.731
        ]
    }
}