{
    "labels": [
        "output_model_falcon-7b.txt",
        "output_model_llama2-13b-hf.txt",
        "output_model_llama2-7b-hf.txt",
        "output_model_llama3-3b.txt",
        "output_model_qwen-0.5b.txt",
        "output_model_qwen-14b.txt",
        "output_model_qwen-1.8b.txt",
        "output_model_qwen-4b.txt",
        "output_model_qwen-7b.txt",
        "output_model_yi-6b.txt",
        "output_model_yi-9b.txt"
    ],
    "data": {
        "detect_platform": [
            0.0,
            0.0,
            0.0,
            0.0,
            0.0,
            0.0,
            0.0,
            0.0,
            0.0,
            0.0,
            0.0
        ],
        "llm_imports": [
            1.0,
            1.0,
            1.0,
            1.0,
            1.0,
            1.0,
            1.0,
            1.0,
            1.0,
            1.0,
            1.0
        ],
        "get_model_info": [
            5.0,
            5.0,
            5.0,
            5.0,
            6.0,
            5.0,
            5.0,
            5.0,
            5.0,
            6.0,
            5.0
        ],
        "worker_init": [
            2.0,
            2.0,
            1.0,
            1.0,
            1.0,
            1.0,
            2.0,
            1.0,
            2.0,
            2.0,
            2.0
        ],
        "framework_bootstrap": [
            8.0,
            8.0,
            7.0,
            7.0,
            8.0,
            7.0,
            8.0,
            7.0,
            8.0,
            9.0,
            8.0
        ],
        "load_weights": [
            1.78,
            3.18,
            1.82,
            0.79,
            0.17,
            3.48,
            0.48,
            1.05,
            1.87,
            1.51,
            2.15
        ],
        "model_init": [
            0.09,
            0.1,
            0.09,
            0.11,
            0.08,
            0.1,
            0.08,
            0.1,
            0.09,
            0.09,
            0.11
        ],
        "model_loading": [
            2.442596,
            3.800456,
            2.442326,
            1.506231,
            0.764858,
            4.128422,
            2.253416,
            1.636436,
            2.530297,
            2.141695,
            2.788949
        ],
        "dynamo_transform_time": [
            3.75,
            5.22,
            4.35,
            3.69,
            3.3,
            5.43,
            3.31,
            5.4,
            4.45,
            4.33,
            6.17
        ],
        "graph_compile_general_shape": [
            null,
            null,
            null,
            null,
            null,
            null,
            null,
            null,
            null,
            null,
            null
        ],
        "graph_compile_cached": [
            2.732,
            3.701,
            2.949,
            2.702,
            2.246,
            3.842,
            2.292,
            3.847,
            3.05,
            3.091,
            4.729
        ],
        "torch.compile": [
            3.75,
            5.22,
            4.35,
            3.69,
            3.3,
            5.43,
            3.31,
            5.4,
            4.45,
            4.33,
            6.17
        ],
        "kv_cache_profiling": [
            1.557999999999999,
            1.6690000000000005,
            1.3810000000000002,
            1.4380000000000006,
            1.3240000000000007,
            1.677999999999999,
            1.3279999999999994,
            1.5030000000000001,
            1.4000000000000004,
            1.3689999999999989,
            2.0009999999999994
        ],
        "graph_capturing": [
            1.35,
            2.18,
            1.34,
            0.87,
            0.54,
            2.22,
            0.63,
            1.05,
            1.36,
            1.24,
            1.77
        ],
        "init_engine": [
            9.75,
            13.15,
            10.37,
            9.03,
            7.75,
            13.56,
            7.87,
            12.15,
            10.6,
            10.37,
            15.04
        ],
        "tokenizer_init": [
            0.42,
            0.34,
            0.32,
            0.54,
            0.51,
            0.52,
            0.5,
            0.51,
            0.47,
            0.42,
            0.42
        ],
        "total_time": [
            20.612596000000003,
            25.290456000000002,
            20.132326,
            18.076231,
            17.024858000000002,
            25.208422000000002,
            18.623416,
            21.296436000000003,
            21.600296999999998,
            21.931695,
            26.248949000000003
        ],
        "actual_total_time": [
            21.0,
            26.0,
            22.0,
            20.0,
            19.0,
            27.0,
            19.0,
            23.0,
            22.0,
            22.0,
            27.0
        ]
    }
}