{
    "labels": [
        "output_model_falcon-7b.txt",
        "output_model_llama2-13b-hf.txt",
        "output_model_llama2-7b-hf.txt",
        "output_model_llama3-3b.txt",
        "output_model_qwen-0.5b.txt",
        "output_model_qwen-14b.txt",
        "output_model_qwen-1.8b.txt",
        "output_model_qwen-4b.txt",
        "output_model_qwen-7b.txt",
        "output_model_yi-6b.txt",
        "output_model_yi-9b.txt"
    ],
    "data": {
        "load_weights": [
            1.78,
            3.18,
            1.82,
            0.79,
            0.17,
            3.48,
            0.48,
            1.05,
            1.87,
            1.51,
            2.15
        ],
        "model_init": [
            0.09,
            0.1,
            0.09,
            0.11,
            0.08,
            0.1,
            0.08,
            0.1,
            0.09,
            0.09,
            0.11
        ],
        "model_loading": [
            2.442596,
            3.800456,
            2.442326,
            1.506231,
            0.764858,
            4.128422,
            2.253416,
            1.636436,
            2.530297,
            2.141695,
            2.788949
        ],
        "dynamo_transform_time": [
            3.75,
            5.22,
            4.35,
            3.69,
            3.3,
            5.43,
            3.31,
            5.4,
            4.45,
            4.33,
            6.17
        ],
        "graph_compile_general_shape": [
            null,
            null,
            null,
            null,
            null,
            null,
            null,
            null,
            null,
            null,
            null
        ],
        "graph_compile_cached": [
            2.732,
            3.701,
            2.949,
            2.702,
            2.246,
            3.842,
            2.292,
            3.847,
            3.05,
            3.091,
            4.729
        ],
        "torch.compile": [
            3.75,
            5.22,
            4.35,
            3.69,
            3.3,
            5.43,
            3.31,
            5.4,
            4.45,
            4.33,
            6.17
        ],
        "kv_cache_profiling": [
            8.04,
            10.59,
            8.68,
            7.83,
            6.87,
            10.95,
            6.93,
            10.75,
            8.9,
            8.79,
            12.9
        ],
        "graph_capturing": [
            1.35,
            2.18,
            1.34,
            0.87,
            0.54,
            2.22,
            0.63,
            1.05,
            1.36,
            1.24,
            1.77
        ],
        "init_engine": [
            9.75,
            13.15,
            10.37,
            9.03,
            7.75,
            13.56,
            7.87,
            12.15,
            10.6,
            10.37,
            15.04
        ],
        "tokenizer_init": [
            0.42,
            0.34,
            0.32,
            0.54,
            0.51,
            0.52,
            0.5,
            0.51,
            0.47,
            0.42,
            0.42
        ],
        "total_time": [
            12.612596,
            17.290456,
            13.132325999999999,
            11.076231,
            9.024858,
            18.208422,
            10.623416,
            14.296436,
            13.600297,
            12.931695,
            18.248949
        ],
        "actual_total_time": [
            20.69,
            25.0,
            20.88,
            18.93,
            17.5,
            26.29,
            18.41,
            22.12,
            21.35,
            20.9,
            26.03
        ]
    }
}