{
    "labels": [
        "output_model_falcon-7b.txt",
        "output_model_llama2-13b-hf.txt",
        "output_model_llama2-7b-hf.txt",
        "output_model_llama3-3b.txt",
        "output_model_qwen-0.5b.txt",
        "output_model_qwen-14b.txt",
        "output_model_qwen-1.8b.txt",
        "output_model_qwen-4b.txt",
        "output_model_qwen-7b.txt",
        "output_model_yi-6b.txt",
        "output_model_yi-9b.txt"
    ],
    "data": {
        "load_weights": [
            1.9,
            3.11,
            1.63,
            0.78,
            0.13,
            3.42,
            0.46,
            1.03,
            1.88,
            1.47,
            2.15
        ],
        "model_init": [
            0.09,
            0.1,
            0.09,
            0.11,
            0.08,
            0.1,
            0.08,
            0.1,
            0.09,
            0.09,
            0.11
        ],
        "model_loading": [
            2.669969,
            3.740088,
            2.360473,
            1.598887,
            2.632653,
            4.052339,
            1.097405,
            1.722795,
            2.556574,
            2.105077,
            4.119002
        ],
        "dynamo_transform_time": [
            3.72,
            5.26,
            4.37,
            3.67,
            3.31,
            5.38,
            3.35,
            5.35,
            4.45,
            4.38,
            6.21
        ],
        "graph_compile_general_shape": [
            null,
            null,
            null,
            null,
            null,
            null,
            null,
            null,
            null,
            null,
            null
        ],
        "graph_compile_cached": [
            2.697,
            3.676,
            2.954,
            2.702,
            2.217,
            3.767,
            2.243,
            3.748,
            3.044,
            3.161,
            4.671
        ],
        "torch.compile": [
            3.72,
            5.26,
            4.37,
            3.67,
            3.31,
            5.38,
            3.35,
            5.35,
            4.45,
            4.38,
            6.21
        ],
        "kv_cache_profiling": [
            7.95,
            10.58,
            8.72,
            7.82,
            6.86,
            10.82,
            6.94,
            10.61,
            8.91,
            8.9,
            12.89
        ],
        "graph_capturing": [
            1.34,
            2.14,
            1.34,
            0.87,
            0.53,
            null,
            0.62,
            1.05,
            1.37,
            1.24,
            1.78
        ],
        "init_engine": [
            9.63,
            13.09,
            10.41,
            9.02,
            7.7,
            null,
            7.87,
            12.0,
            10.63,
            10.49,
            15.04
        ],
        "tokenizer_init": [
            0.39,
            0.34,
            0.34,
            0.57,
            0.53,
            0.52,
            0.49,
            0.5,
            0.51,
            0.48,
            0.45
        ],
        "total_time": [
            12.689969000000001,
            17.170088,
            13.110472999999999,
            11.188887,
            10.862653,
            4.5723389999999995,
            9.457405,
            14.222795,
            13.696574,
            13.075077,
            19.609002
        ],
        "actual_total_time": [
            20.79,
            25.02,
            20.91,
            19.07,
            18.8,
            0,
            17.37,
            22.13,
            22.95,
            21.28,
            27.46
        ]
    }
}