{
    "labels": [
        "output_model_falcon-7b.txt",
        "output_model_llama2-13b-hf.txt",
        "output_model_llama2-7b-hf.txt",
        "output_model_llama3-3b.txt",
        "output_model_qwen-0.5b.txt",
        "output_model_qwen-14b.txt",
        "output_model_qwen-1.8b.txt",
        "output_model_qwen-4b.txt",
        "output_model_qwen-7b.txt",
        "output_model_yi-6b.txt",
        "output_model_yi-9b.txt"
    ],
    "data": {
        "load_weights": [
            1.87,
            3.51,
            1.81,
            0.86,
            0.15,
            3.77,
            0.51,
            1.08,
            2.11,
            1.64,
            2.39
        ],
        "model_init": [
            0.11,
            0.12,
            0.11,
            0.13,
            0.09,
            0.12,
            0.1,
            0.12,
            0.11,
            0.11,
            0.13
        ],
        "model_loading": [
            1.98099,
            3.63226,
            1.929875,
            0.989967,
            0.242105,
            3.8939,
            0.610909,
            1.201169,
            2.223197,
            1.756073,
            2.523507
        ],
        "dynamo_transform_time": [
            4.02,
            5.87,
            4.97,
            4.11,
            3.75,
            6.2,
            3.67,
            5.98,
            4.91,
            4.83,
            7.12
        ],
        "graph_compile_general_shape": [
            null,
            null,
            null,
            null,
            null,
            null,
            null,
            null,
            null,
            null,
            null
        ],
        "graph_compile_cached": [
            3.474,
            4.486,
            3.583,
            3.217,
            2.637,
            4.433,
            2.725,
            4.579,
            3.659,
            3.799,
            5.657
        ],
        "torch.compile": [
            4.02,
            5.87,
            4.97,
            4.11,
            3.75,
            6.2,
            3.67,
            5.98,
            4.91,
            4.83,
            7.12
        ],
        "kv_cache_profiling": [
            9.13,
            12.12,
            10.04,
            8.84,
            7.78,
            12.4,
            7.82,
            12.18,
            10.07,
            10.08,
            14.92
        ],
        "graph_capturing": [
            1.47,
            2.31,
            1.47,
            0.98,
            0.63,
            2.33,
            0.71,
            1.18,
            1.49,
            1.37,
            1.96
        ],
        "init_engine": [
            11.04,
            14.9,
            11.95,
            10.25,
            8.82,
            15.2,
            8.93,
            13.8,
            12.0,
            11.88,
            17.36
        ],
        "tokenizer_init": [
            0.12,
            0.08,
            0.08,
            0.28,
            0.24,
            0.25,
            0.25,
            0.25,
            0.24,
            0.15,
            0.15
        ],
        "total_time": [
            13.140989999999999,
            18.61226,
            13.959874999999998,
            11.519967,
            9.302105000000001,
            19.343899999999998,
            9.790909,
            15.251169,
            14.463197,
            13.786073000000002,
            20.033506999999997
        ],
        "actual_total_time": [
            23.66,
            28.74,
            24.11,
            21.84,
            19.61,
            29.64,
            20.09,
            25.54,
            24.8,
            24.0,
            30.26
        ]
    }
}