{
    "labels": [
        "output_model_falcon-7b.txt",
        "output_model_llama2-13b-hf.txt",
        "output_model_llama2-7b-hf.txt",
        "output_model_llama3-3b.txt",
        "output_model_qwen-0.5b.txt",
        "output_model_qwen-14b.txt",
        "output_model_qwen-1.8b.txt",
        "output_model_qwen-4b.txt",
        "output_model_qwen-7b.txt",
        "output_model_yi-6b.txt",
        "output_model_yi-9b.txt"
    ],
    "data": {
        "detect_platfrom": [
            0.0,
            0.0,
            0.0,
            0.0,
            0.0,
            0.0,
            0.0,
            0.0,
            0.0,
            0.0,
            0.0
        ],
        "llm_imports": [
            1.0,
            1.0,
            1.0,
            1.0,
            1.0,
            1.0,
            1.0,
            1.0,
            1.0,
            1.0,
            1.0
        ],
        "get_model_info": [
            4.0,
            4.0,
            4.0,
            5.0,
            5.0,
            4.0,
            4.0,
            5.0,
            4.0,
            4.0,
            5.0
        ],
        "worker_init": [
            1.0,
            1.0,
            1.0,
            2.0,
            2.0,
            1.0,
            2.0,
            2.0,
            2.0,
            2.0,
            2.0
        ],
        "framework_bootstrap": [
            6.0,
            6.0,
            6.0,
            8.0,
            8.0,
            6.0,
            7.0,
            8.0,
            7.0,
            7.0,
            8.0
        ],
        "load_weights": [
            1.87,
            3.51,
            1.81,
            0.86,
            0.15,
            3.77,
            0.51,
            1.08,
            2.11,
            1.64,
            2.39
        ],
        "model_init": [
            0.11,
            0.12,
            0.11,
            0.13,
            0.09,
            0.12,
            0.1,
            0.12,
            0.11,
            0.11,
            0.13
        ],
        "model_loading": [
            1.98099,
            3.63226,
            1.929875,
            0.989967,
            0.242105,
            3.8939,
            0.610909,
            1.201169,
            2.223197,
            1.756073,
            2.523507
        ],
        "dynamo_transform_time": [
            4.02,
            5.87,
            4.97,
            4.11,
            3.75,
            6.2,
            3.67,
            5.98,
            4.91,
            4.83,
            7.12
        ],
        "graph_compile_general_shape": [
            null,
            null,
            null,
            null,
            null,
            null,
            null,
            null,
            null,
            null,
            null
        ],
        "graph_compile_cached": [
            3.474,
            4.486,
            3.583,
            3.217,
            2.637,
            4.433,
            2.725,
            4.579,
            3.659,
            3.799,
            5.657
        ],
        "torch.compile": [
            4.02,
            5.87,
            4.97,
            4.11,
            3.75,
            6.2,
            3.67,
            5.98,
            4.91,
            4.83,
            7.12
        ],
        "kv_cache_profiling": [
            1.636000000000001,
            1.7639999999999993,
            1.4869999999999983,
            1.513,
            1.3929999999999998,
            1.7670000000000012,
            1.4250000000000007,
            1.6209999999999987,
            1.5010000000000012,
            1.4510000000000005,
            2.142999999999999
        ],
        "graph_capturing": [
            1.47,
            2.31,
            1.47,
            0.98,
            0.63,
            2.33,
            0.71,
            1.18,
            1.49,
            1.37,
            1.96
        ],
        "init_engine": [
            11.04,
            14.9,
            11.95,
            10.25,
            8.82,
            15.2,
            8.93,
            13.8,
            12.0,
            11.88,
            17.36
        ],
        "tokenizer_init": [
            0.12,
            0.08,
            0.08,
            0.28,
            0.24,
            0.25,
            0.25,
            0.25,
            0.24,
            0.15,
            0.15
        ],
        "total_time": [
            19.14099,
            24.61226,
            19.959874999999997,
            19.519967,
            17.302105,
            25.343899999999998,
            16.790909,
            23.251169,
            21.463196999999997,
            20.786073000000002,
            28.033507
        ],
        "actual_total_time": [
            25.0,
            31.0,
            26.0,
            23.0,
            21.0,
            31.0,
            22.0,
            27.0,
            26.0,
            25.0,
            32.0
        ]
    }
}