{
    "labels": [
        "output_model_falcon-7b.txt",
        "output_model_llama2-13b-hf.txt",
        "output_model_llama2-7b-hf.txt",
        "output_model_llama3-3b.txt",
        "output_model_qwen-0.5b.txt",
        "output_model_qwen-1.8b.txt",
        "output_model_qwen-14b.txt",
        "output_model_qwen-4b.txt",
        "output_model_qwen-7b.txt",
        "output_model_yi-6b.txt",
        "output_model_yi-9b.txt"
    ],
    "data": {
        "load_weights": [
            8.24,
            20.21,
            14.41,
            3.64,
            0.7,
            3.69,
            34.37,
            9.72,
            17.19,
            7.89,
            20.08
        ],
        "model_init": [
            0.24,
            0.24,
            0.23,
            0.27,
            0.2,
            0.22,
            0.24,
            0.24,
            0.23,
            0.24,
            0.28
        ],
        "model_loading": [
            8.484305,
            20.466746,
            14.653382,
            3.920192,
            0.898867,
            3.91142,
            34.631681,
            9.977681,
            17.426316,
            8.136075,
            20.381594
        ],
        "dynamo_transform_time": [
            7.86,
            10.78,
            9.17,
            8.13,
            7.32,
            7.33,
            10.96,
            11.06,
            9.25,
            8.97,
            12.67
        ],
        "graph_compile_general_shape": [
            null,
            null,
            null,
            null,
            null,
            null,
            null,
            null,
            null,
            null,
            null
        ],
        "graph_compile_cached": [
            6.288,
            9.145,
            6.615,
            6.168,
            5.059,
            5.049,
            9.405,
            9.448,
            6.816,
            6.558,
            11.365
        ],
        "torch.compile": [
            7.86,
            10.78,
            9.17,
            8.13,
            7.32,
            7.33,
            10.96,
            11.06,
            9.25,
            8.97,
            12.67
        ],
        "kv_cache_profiling": [
            17.5,
            24.94,
            18.08,
            17.02,
            14.26,
            14.25,
            25.43,
            24.04,
            18.38,
            17.77,
            27.29
        ],
        "graph_capturing": [
            19.6,
            23.64,
            19.27,
            17.99,
            16.12,
            16.33,
            null,
            20.9,
            19.91,
            19.6,
            23.51
        ],
        "init_engine": [
            37.52,
            49.05,
            37.78,
            35.42,
            30.77,
            30.99,
            null,
            45.38,
            38.72,
            37.81,
            51.27
        ],
        "tokenizer_init": [
            0.17,
            0.13,
            0.15,
            0.46,
            0.38,
            0.39,
            0.39,
            0.4,
            0.39,
            0.27,
            0.25
        ],
        "total_time": [
            46.174305000000004,
            69.646746,
            52.583382,
            39.800192,
            32.048867,
            35.29142,
            35.021681,
            55.757681,
            56.536316,
            46.216075000000004,
            71.901594
        ],
        "actual_total_time": [
            61.3,
            84.25,
            67.11,
            54.72,
            47.01,
            49.99,
            0,
            70.68,
            71.61,
            61.05,
            86.87
        ]
    }
}