{
    "labels": [
        "output_model_falcon-7b.txt",
        "output_model_llama2-13b-hf.txt",
        "output_model_llama2-7b-hf.txt",
        "output_model_llama3-3b.txt",
        "output_model_qwen-0.5b.txt",
        "output_model_qwen-14b_max_model_len_16752.txt",
        "output_model_qwen-1.8b.txt",
        "output_model_qwen-4b.txt",
        "output_model_qwen-7b.txt",
        "output_model_yi-6b.txt",
        "output_model_yi-9b.txt"
    ],
    "data": {
        "detect_platform": [
            0.046,
            0.046,
            0.046,
            0.046,
            0.046,
            0.047,
            0.046,
            0.046,
            0.045,
            0.046,
            0.046
        ],
        "llm_imports": [
            1.386,
            1.382,
            1.386,
            1.386,
            1.394,
            1.382,
            1.392,
            1.399,
            1.401,
            1.392,
            1.405
        ],
        "get_model_info": [
            5.036,
            5.002,
            4.995,
            4.97,
            4.993,
            5.008,
            4.995,
            4.973,
            4.964,
            4.996,
            4.964
        ],
        "worker_init": [
            1.956,
            1.923,
            1.969,
            1.962,
            1.966,
            1.978,
            1.962,
            1.987,
            1.972,
            1.933,
            1.976
        ],
        "framework_bootstrap": [
            8.424,
            8.353,
            8.395999999999999,
            8.363999999999999,
            8.399,
            8.415,
            8.395,
            8.405000000000001,
            8.382,
            8.367,
            8.391000000000002
        ],
        "load_weights": [
            1.75,
            3.16,
            1.63,
            0.78,
            0.13,
            3.42,
            0.46,
            0.97,
            1.88,
            1.47,
            2.15
        ],
        "model_init": [
            0.12,
            0.13,
            0.12,
            0.14,
            0.11,
            0.13,
            0.11,
            0.13,
            0.12,
            0.12,
            0.14
        ],
        "model_loading": [
            1.874074,
            3.294955,
            1.754302,
            0.923002,
            0.240713,
            3.551546,
            0.571574,
            1.107907,
            2.008523,
            1.596533,
            2.295971
        ],
        "dynamo_transform_time": [
            4.74,
            6.83,
            5.41,
            4.8,
            4.36,
            7.05,
            4.31,
            7.03,
            5.56,
            5.43,
            8.11
        ],
        "graph_compile_general_shape": [
            null,
            null,
            null,
            null,
            null,
            null,
            null,
            null,
            null,
            null,
            null
        ],
        "graph_compile_cached": [
            4.418,
            5.544,
            4.447,
            4.359,
            3.599,
            5.724,
            3.637,
            5.63,
            4.552,
            4.716,
            7.095
        ],
        "torch.compile": [
            4.74,
            6.83,
            5.41,
            4.8,
            4.36,
            7.05,
            4.31,
            7.03,
            5.56,
            5.43,
            8.11
        ],
        "kv_cache_profiling": [
            1.6419999999999995,
            2.0760000000000005,
            2.013,
            1.5410000000000004,
            1.3809999999999993,
            2.0759999999999987,
            1.4030000000000005,
            1.9100000000000001,
            2.0180000000000025,
            2.0139999999999993,
            2.245000000000001
        ],
        "graph_capturing": [
            1.53,
            2.38,
            1.52,
            1.03,
            0.69,
            2.4,
            0.77,
            1.24,
            1.54,
            1.44,
            2.03
        ],
        "init_engine": [
            12.84,
            17.38,
            13.91,
            12.24,
            10.52,
            17.81,
            10.61,
            16.34,
            14.2,
            14.12,
            20.04
        ],
        "tokenizer_init": [
            0.12,
            0.08,
            0.09,
            0.28,
            0.25,
            0.25,
            0.25,
            0.25,
            0.25,
            0.15,
            0.15
        ],
        "total_time": [
            23.258074,
            29.107954999999997,
            24.150302,
            21.807002,
            19.409712999999996,
            30.026545999999996,
            19.826574,
            26.102907000000002,
            24.840522999999997,
            24.233533,
            30.876970999999998
        ],
        "actual_total_time": [
            24.575,
            30.005,
            25.049,
            22.917,
            20.471,
            31.091,
            20.905,
            27.166,
            25.902,
            25.223,
            31.867
        ]
    }
}