{
    "labels": [
        "output_model_falcon-7b.txt",
        "output_model_llama2-13b-hf.txt",
        "output_model_llama2-7b-hf.txt",
        "output_model_llama3-3b.txt",
        "output_model_qwen-0.5b.txt",
        "output_model_qwen-14b.txt",
        "output_model_qwen-1.8b.txt",
        "output_model_qwen-4b.txt",
        "output_model_qwen-7b.txt",
        "output_model_yi-6b.txt",
        "output_model_yi-9b.txt"
    ],
    "data": {
        "load_weights": [
            1.88,
            3.57,
            1.8,
            0.86,
            0.14,
            3.78,
            0.51,
            1.09,
            2.08,
            1.62,
            2.44
        ],
        "model_init": [
            0.12,
            0.13,
            0.12,
            0.13,
            0.1,
            0.13,
            0.11,
            0.12,
            0.12,
            0.11,
            0.14
        ],
        "model_loading": [
            2.004595,
            3.698683,
            1.923135,
            0.998475,
            0.243148,
            3.915285,
            0.617296,
            1.223492,
            2.198485,
            1.742055,
            2.578165
        ],
        "dynamo_transform_time": [
            3.97,
            5.94,
            4.91,
            4.26,
            3.67,
            6.0,
            3.82,
            5.94,
            4.94,
            4.92,
            6.87
        ],
        "graph_compile_general_shape": [
            null,
            null,
            null,
            null,
            null,
            null,
            null,
            null,
            null,
            null,
            null
        ],
        "graph_compile_cached": [
            3.422,
            4.673,
            3.578,
            3.304,
            2.572,
            4.745,
            2.643,
            4.633,
            3.74,
            3.795,
            5.803
        ],
        "torch.compile": [
            3.97,
            5.94,
            4.91,
            4.26,
            3.67,
            6.0,
            3.82,
            5.94,
            4.94,
            4.92,
            6.87
        ],
        "kv_cache_profiling": [
            9.52,
            12.93,
            9.88,
            9.03,
            7.61,
            13.09,
            7.84,
            12.12,
            10.07,
            10.09,
            14.67
        ],
        "graph_capturing": [
            1.11,
            1.43,
            1.08,
            0.99,
            0.91,
            1.49,
            0.9,
            1.28,
            1.11,
            1.11,
            1.44
        ],
        "init_engine": [
            11.05,
            14.8,
            11.38,
            10.43,
            8.91,
            15.02,
            9.14,
            13.83,
            11.6,
            11.63,
            16.57
        ],
        "tokenizer_init": [
            0.12,
            0.08,
            0.08,
            0.29,
            0.25,
            0.25,
            0.25,
            0.25,
            0.25,
            0.16,
            0.16
        ],
        "total_time": [
            13.174595,
            18.578682999999998,
            13.383135000000001,
            11.718474999999998,
            9.403148,
            19.185285,
            10.007296,
            15.303492,
            14.048485,
            13.532055000000001,
            19.308165
        ],
        "actual_total_time": [
            24.01,
            28.71,
            23.51,
            22.07,
            19.7,
            29.44,
            20.27,
            25.58,
            24.31,
            23.76,
            29.51
        ]
    }
}