{
    "labels": [
        "output_model_deepseek-r1-distill-llama-8b.txt",
        "output_model_deepseek-r1-distill-qwen-7b.txt",
        "output_model_deepseek-v2-lite-16b.txt",
        "output_model_falcon-7b.txt",
        "output_model_gpt-oss-20b.txt",
        "output_model_llama2-13b-hf.txt",
        "output_model_llama2-7b-hf.txt",
        "output_model_llama3-3b.txt",
        "output_model_qwen-0.5b.txt",
        "output_model_qwen-14.3b.txt",
        "output_model_qwen-14b.txt",
        "output_model_qwen-1.8b.txt",
        "output_model_qwen-4b.txt",
        "output_model_qwen-7b.txt",
        "output_model_yi-6b.txt",
        "output_model_yi-9b.txt"
    ],
    "data": {
        "load_weights": [
            2.24,
            2.11,
            4.54,
            1.88,
            1.9,
            3.57,
            1.8,
            0.86,
            0.14,
            4.07,
            3.78,
            0.51,
            1.09,
            2.08,
            1.62,
            2.44
        ],
        "model_init": [
            0.14,
            0.11,
            0.16,
            0.12,
            0.13,
            0.13,
            0.12,
            0.13,
            0.1,
            0.12,
            0.13,
            0.11,
            0.12,
            0.12,
            0.11,
            0.14
        ],
        "model_loading": [
            2.381778,
            2.225103,
            4.711958,
            2.004595,
            2.314845,
            3.698683,
            1.923135,
            0.998475,
            0.243148,
            4.19518,
            3.915285,
            0.617296,
            1.223492,
            2.198485,
            1.742055,
            2.578165
        ],
        "dynamo_transform_time": [
            4.88,
            4.21,
            4.17,
            3.97,
            3.55,
            5.94,
            4.91,
            4.26,
            3.67,
            4.38,
            6.0,
            3.82,
            5.94,
            4.94,
            4.92,
            6.87
        ],
        "graph_compile_general_shape": [
            null,
            null,
            null,
            null,
            null,
            null,
            null,
            null,
            null,
            null,
            null,
            null,
            null,
            null,
            null,
            null
        ],
        "graph_compile_cached": [
            3.821,
            3.315,
            3.15,
            3.422,
            3.39,
            4.673,
            3.578,
            3.304,
            2.572,
            2.886,
            4.745,
            2.643,
            4.633,
            3.74,
            3.795,
            5.803
        ],
        "torch.compile": [
            4.88,
            4.21,
            4.17,
            3.97,
            3.55,
            5.94,
            4.91,
            4.26,
            3.67,
            4.38,
            6.0,
            3.82,
            5.94,
            4.94,
            4.92,
            6.87
        ],
        "kv_cache_profiling": [
            10.08,
            9.08,
            9.19,
            9.52,
            8.36,
            12.93,
            9.88,
            9.03,
            7.61,
            8.63,
            13.09,
            7.84,
            12.12,
            10.07,
            10.09,
            14.67
        ],
        "graph_capturing": [
            1.16,
            1.15,
            2.27,
            1.11,
            1.28,
            1.43,
            1.08,
            0.99,
            0.91,
            1.51,
            1.49,
            0.9,
            1.28,
            1.11,
            1.11,
            1.44
        ],
        "init_engine": [
            11.7,
            10.67,
            11.91,
            11.05,
            10.08,
            14.8,
            11.38,
            10.43,
            8.91,
            10.58,
            15.02,
            9.14,
            13.83,
            11.6,
            11.63,
            16.57
        ],
        "tokenizer_init": [
            0.37,
            0.33,
            0.21,
            0.12,
            0.68,
            0.08,
            0.08,
            0.29,
            0.25,
            0.25,
            0.25,
            0.25,
            0.25,
            0.25,
            0.16,
            0.16
        ],
        "total_time": [
            14.451778,
            13.225102999999999,
            16.831958,
            13.174595,
            13.074845,
            18.578682999999998,
            13.383135000000001,
            11.718474999999998,
            9.403148,
            15.025179999999999,
            19.185285,
            10.007296,
            15.303492,
            14.048485,
            13.532055000000001,
            19.308165
        ],
        "actual_total_time": [
            25.41,
            24.15,
            27.72,
            24.01,
            27.48,
            28.71,
            23.51,
            22.07,
            19.7,
            25.88,
            29.44,
            20.27,
            25.58,
            24.31,
            23.76,
            29.51
        ]
    }
}