{
    "labels": [
        "output_model_falcon-7b.txt",
        "output_model_llama2-13b-hf.txt",
        "output_model_llama2-7b-hf.txt",
        "output_model_llama3-3b.txt",
        "output_model_qwen-0.5b.txt",
        "output_model_qwen-14b.txt",
        "output_model_qwen-1.8b.txt",
        "output_model_qwen-4b.txt",
        "output_model_qwen-7b.txt",
        "output_model_yi-6b.txt",
        "output_model_yi-9b.txt"
    ],
    "data": {
        "detect_platfrom": [
            0.357,
            0.451,
            0.343,
            0.342,
            0.357,
            0.357,
            0.341,
            0.506,
            0.342,
            0.509,
            0.341
        ],
        "llm_imports": [
            1.293,
            1.307,
            1.388,
            1.227,
            1.255,
            1.237,
            1.224,
            1.274,
            1.389,
            1.274,
            1.219
        ],
        "get_model_info": [
            7.011,
            6.667,
            6.739,
            6.721,
            6.771,
            6.719,
            7.055,
            6.69,
            6.764,
            8.009,
            6.896
        ],
        "worker_init": [
            2.176,
            2.016,
            2.131,
            2.247,
            2.115,
            2.07,
            2.233,
            2.2,
            2.184,
            2.221,
            2.094
        ],
        "framework_bootstrap": [
            10.837,
            10.441,
            10.600999999999999,
            10.537,
            10.498,
            10.383000000000001,
            10.853,
            10.670000000000002,
            10.679000000000002,
            12.013,
            10.549999999999999
        ],
        "load_weights": [
            2.19,
            3.81,
            2.13,
            1.16,
            0.15,
            4.39,
            0.67,
            1.14,
            2.18,
            1.71,
            2.48
        ],
        "model_init": [
            0.1,
            0.11,
            0.11,
            0.12,
            0.09,
            0.11,
            0.1,
            0.11,
            0.11,
            0.1,
            0.12
        ],
        "model_loading": [
            3.007486,
            4.450873,
            2.781121,
            1.900118,
            0.798344,
            5.046882,
            2.567949,
            1.844623,
            2.831741,
            2.426304,
            3.134307
        ],
        "dynamo_transform_time": [
            3.82,
            5.36,
            4.42,
            3.76,
            3.46,
            5.51,
            3.4,
            5.4,
            4.55,
            4.43,
            6.31
        ],
        "graph_compile_general_shape": [
            null,
            null,
            null,
            null,
            null,
            null,
            null,
            null,
            null,
            null,
            null
        ],
        "graph_compile_cached": [
            3.315,
            4.542,
            3.552,
            3.234,
            2.587,
            4.516,
            2.612,
            4.354,
            3.437,
            3.747,
            5.577
        ],
        "torch.compile": [
            3.82,
            5.36,
            4.42,
            3.76,
            3.46,
            5.51,
            3.4,
            5.4,
            4.55,
            4.43,
            6.31
        ],
        "kv_cache_profiling": [
            9.1,
            12.2,
            9.16,
            8.2,
            7.23,
            12.2,
            7.27,
            11.13,
            9.19,
            9.35,
            13.66
        ],
        "graph_capturing": [
            1.15,
            1.44,
            1.11,
            0.86,
            0.77,
            1.47,
            0.8,
            1.29,
            1.15,
            1.14,
            1.42
        ],
        "init_engine": [
            10.46,
            13.88,
            10.49,
            9.26,
            8.21,
            14.03,
            8.43,
            12.64,
            10.57,
            10.7,
            15.32
        ],
        "tokenizer_init": [
            0.37,
            0.32,
            0.32,
            0.52,
            0.51,
            0.48,
            0.49,
            0.48,
            0.48,
            0.4,
            0.43
        ],
        "total_time": [
            24.674486,
            29.091873,
            24.192121,
            22.217118000000003,
            20.016344,
            29.939882,
            22.340949,
            25.634623,
            24.560741000000004,
            25.539303999999998,
            29.434306999999997
        ],
        "actual_total_time": [
            26.189,
            30.227,
            25.141,
            23.354,
            21.119,
            31.063,
            23.45,
            26.723,
            25.743,
            26.601,
            30.537
        ]
    }
}