{
    "labels": [
        "output_model_falcon-7b.txt",
        "output_model_llama2-13b-hf.txt",
        "output_model_llama2-7b-hf.txt",
        "output_model_llama3-3b.txt",
        "output_model_qwen-0.5b.txt",
        "output_model_qwen-14b.txt",
        "output_model_qwen-1.8b.txt",
        "output_model_qwen-4b.txt",
        "output_model_qwen-7b.txt",
        "output_model_yi-6b.txt",
        "output_model_yi-9b.txt"
    ],
    "data": {
        "load_weights": [
            2.71,
            4.81,
            2.42,
            1.15,
            0.19,
            4.83,
            0.71,
            1.41,
            2.89,
            2.15,
            3.25
        ],
        "model_init": [
            0.11,
            0.62,
            0.27,
            0.25,
            0.09,
            0.12,
            0.13,
            0.3,
            0.25,
            0.11,
            0.34
        ],
        "model_loading": [
            4.080455,
            5.990433,
            3.238272,
            1.918016,
            0.84534,
            5.489961,
            1.435714,
            2.249365,
            3.691258,
            2.850382,
            4.131486
        ],
        "dynamo_transform_time": [
            3.8,
            5.4,
            4.47,
            3.75,
            3.37,
            5.58,
            3.38,
            5.48,
            4.61,
            4.33,
            6.26
        ],
        "graph_compile_general_shape": [
            15.61,
            20.8,
            16.35,
            14.93,
            13.43,
            21.63,
            13.81,
            21.05,
            16.75,
            16.58,
            25.26
        ],
        "graph_compile_cached": [
            null,
            null,
            null,
            null,
            null,
            null,
            null,
            null,
            null,
            null,
            null
        ],
        "torch.compile": [
            19.4,
            26.2,
            20.82,
            18.68,
            16.8,
            27.21,
            17.19,
            26.53,
            21.36,
            20.91,
            31.52
        ],
        "kv_cache_profiling": [
            25.57,
            30.76,
            24.09,
            21.62,
            19.13,
            32.15,
            20.18,
            29.86,
            24.48,
            24.34,
            36.21
        ],
        "graph_capturing": [
            1.67,
            2.32,
            1.81,
            1.65,
            1.44,
            2.94,
            1.95,
            1.78,
            1.64,
            1.53,
            2.53
        ],
        "init_engine": [
            27.46,
            33.34,
            26.17,
            23.57,
            20.82,
            35.46,
            22.46,
            32.35,
            26.63,
            26.1,
            39.04
        ],
        "tokenizer_init": [
            0.46,
            0.35,
            0.34,
            0.5,
            0.51,
            0.48,
            0.54,
            0.5,
            0.52,
            0.42,
            0.41
        ],
        "total_time": [
            32.000455,
            39.68043300000001,
            29.748272,
            25.988016000000002,
            22.175340000000002,
            41.429961,
            24.435714,
            35.099365,
            30.841258,
            29.370382000000003,
            43.581486
        ],
        "actual_total_time": [
            45.27,
            51.19,
            41.27,
            37.26,
            33.12,
            53.61,
            35.26,
            45.98,
            42.16,
            40.0,
            55.42
        ]
    }
}