{
    "labels": [
        "output_model_llama2-7b-hf-awq_quantization_awq.txt",
        "output_model_llama2-7b-hf-gptq_quantization_gptq.txt",
        "output_model_llama2-7b-hf_quantization_bitsandbytes.txt",
        "output_model_llama2-7b-hf.txt",
        "output_model_mistral-7b-awq_quantization_awq_dtype_float16.txt",
        "output_model_mistral-7b-gptq_quantization_gptq_dtype_float16.txt",
        "output_model_mistral-7b_quantization_bitsandbytes.txt",
        "output_model_mistral-7b.txt"
    ],
    "data": {
        "load_weights": [
            0.5820000000000001,
            0.58,
            1.9683125999999997,
            1.7740000000000002,
            0.6219999999999999,
            0.6379999999999999,
            2.0857979999999996,
            1.8959999999999997
        ],
        "model_init": [
            0.12,
            0.178,
            0.56,
            0.11599999999999999,
            0.12,
            0.18,
            0.56,
            0.11599999999999999
        ],
        "model_loading": [
            0.7020000000000001,
            0.758,
            2.5283125999999996,
            1.8900000000000001,
            0.7419999999999999,
            0.8179999999999998,
            2.6457979999999997,
            2.0119999999999996
        ],
        "dynamo_transform_time": [
            5.892,
            5.382,
            5.843999999999999,
            5.204,
            5.88,
            5.42,
            5.6899999999999995,
            5.13
        ],
        "graph_compile_general_shape": [
            null,
            null,
            null,
            null,
            null,
            null,
            null,
            null
        ],
        "graph_compile_cached": [
            4.219799999999999,
            3.8176,
            4.579199999999999,
            4.2942,
            4.4352,
            4.105200000000001,
            4.293200000000001,
            4.4946
        ],
        "torch.compile": [
            5.892,
            5.382,
            5.843999999999999,
            5.204,
            5.88,
            5.42,
            5.6899999999999995,
            5.13
        ],
        "kv_cache_profiling": [
            11.788,
            10.942,
            12.201999999999998,
            11.193999999999999,
            11.984,
            11.278,
            11.674,
            11.286000000000001
        ],
        "graph_capturing": [
            2.074,
            1.27,
            3.396,
            1.098,
            2.186,
            1.282,
            2.748,
            1.166
        ],
        "init_engine": [
            13.862,
            12.212,
            15.597999999999999,
            12.292,
            14.17,
            12.56,
            14.422,
            12.452000000000002
        ],
        "tokenizer_init": [
            0.08,
            0.08,
            0.08,
            0.08,
            0.064,
            0.064,
            0.068,
            0.07
        ],
        "total_time": [
            14.644,
            13.049999999999999,
            18.206312599999997,
            14.262,
            14.975999999999999,
            13.442,
            17.135798,
            14.534000000000002
        ],
        "actual_total_time": [
            21.713203200000002,
            24.496592399999997,
            25.275999999999996,
            21.2948022,
            22.027184199999997,
            24.882528399999998,
            24.201999999999998,
            21.558214400000004
        ]
    }
}