{
    "labels": [
        "output_model_llama2-13b-hf_default.txt",
        "output_model_llama2-13b-hf_tmpfs.txt",
        "output_model_llama3-3b_default.txt",
        "output_model_llama3-3b_tmpfs.txt",
        "output_model_qwen-7b_default.txt",
        "output_model_qwen-7b_tmpfs.txt"
    ],
    "data": {
        "load_weights": [
            3.48,
            3.57,
            0.87,
            0.87,
            2.09,
            2.1
        ],
        "model_init": [
            0.13,
            0.12,
            0.13,
            0.13,
            0.12,
            0.12
        ],
        "model_loading": [
            3.608966,
            3.701421,
            1.001889,
            1.008388,
            2.204936,
            2.223056
        ],
        "dynamo_transform_time": [
            6.5,
            6.58,
            4.55,
            4.72,
            5.2,
            5.21
        ],
        "graph_compile_general_shape": [
            null,
            null,
            null,
            null,
            null,
            null
        ],
        "graph_compile_cached": [
            5.496,
            5.437,
            3.911,
            4.121,
            4.276,
            4.248
        ],
        "torch.compile": [
            6.5,
            6.58,
            4.55,
            4.72,
            5.2,
            5.21
        ],
        "kv_cache_profiling": [
            14.4,
            14.43,
            10.03,
            10.41,
            11.2,
            11.19
        ],
        "graph_capturing": [
            1.45,
            1.46,
            1.01,
            1.02,
            1.13,
            1.14
        ],
        "init_engine": [
            16.33,
            16.39,
            11.52,
            11.89,
            12.8,
            12.81
        ],
        "tokenizer_init": [
            0.08,
            0.08,
            0.28,
            0.28,
            0.25,
            0.25
        ],
        "total_time": [
            20.018965999999995,
            20.171421,
            12.801889,
            13.178388,
            15.254936,
            15.283056
        ],
        "actual_total_time": [
            27.28,
            27.47,
            20.27,
            20.67,
            22.69,
            22.73
        ]
    }
}