{
    "labels": [
        "output_model_falcon-7b.txt",
        "output_model_llama2-13b-hf.txt",
        "output_model_llama2-7b-hf.txt",
        "output_model_llama3-3b.txt",
        "output_model_qwen-0.5b.txt",
        "output_model_qwen-14b.txt",
        "output_model_qwen-1.8b.txt",
        "output_model_qwen-4b.txt",
        "output_model_qwen-7b.txt",
        "output_model_yi-6b.txt",
        "output_model_yi-9b.txt"
    ],
    "data": {
        "detect_platform": [
            0.036,
            0.035,
            0.035,
            0.034,
            0.034,
            0.034,
            0.035,
            0.034,
            0.034,
            0.034,
            0.035
        ],
        "llm_imports": [
            1.78,
            1.502,
            1.478,
            1.488,
            1.469,
            1.495,
            1.465,
            1.495,
            1.487,
            1.47,
            1.498
        ],
        "get_model_info": [
            6.005,
            5.447,
            5.432,
            5.465,
            5.48,
            5.399,
            5.448,
            5.443,
            5.403,
            5.4,
            5.463
        ],
        "worker_init": [
            2.033,
            1.756,
            1.757,
            1.783,
            1.797,
            1.8,
            1.796,
            1.78,
            1.778,
            1.76,
            1.76
        ],
        "framework_bootstrap": [
            9.854,
            8.74,
            8.702,
            8.77,
            8.780000000000001,
            8.728,
            8.744,
            8.751999999999999,
            8.702,
            8.664,
            8.756
        ],
        "load_weights": [
            24.47,
            47.85,
            24.79,
            11.8,
            1.71,
            52.01,
            6.75,
            14.5,
            28.35,
            22.25,
            32.42
        ],
        "model_init": [
            0.17,
            0.14,
            0.12,
            0.14,
            0.1,
            0.13,
            0.11,
            0.13,
            0.12,
            0.12,
            0.14
        ],
        "model_loading": [
            24.641246,
            47.990318,
            24.91429,
            11.94299,
            1.818174,
            52.150067,
            6.858517,
            14.638038,
            28.472526,
            22.37452,
            32.566299
        ],
        "dynamo_transform_time": [
            5.51,
            6.85,
            5.36,
            4.79,
            4.28,
            7.04,
            4.25,
            7.02,
            5.59,
            5.42,
            8.07
        ],
        "graph_compile_general_shape": [
            null,
            null,
            null,
            null,
            null,
            null,
            null,
            null,
            null,
            null,
            null
        ],
        "graph_compile_cached": [
            4.294,
            5.771,
            4.485,
            4.192,
            3.589,
            5.796,
            3.646,
            5.703,
            4.607,
            4.756,
            7.151
        ],
        "torch.compile": [
            5.51,
            6.85,
            5.36,
            4.79,
            4.28,
            7.04,
            4.25,
            7.02,
            5.59,
            5.42,
            8.07
        ],
        "kv_cache_profiling": [
            2.5360000000000014,
            2.6690000000000005,
            1.9349999999999987,
            1.758000000000001,
            1.391,
            2.693999999999999,
            1.4040000000000008,
            1.8870000000000005,
            1.963000000000001,
            1.9339999999999993,
            2.1389999999999993
        ],
        "graph_capturing": [
            1.17,
            1.48,
            1.13,
            1.04,
            0.96,
            1.54,
            0.95,
            1.38,
            1.16,
            1.16,
            1.5
        ],
        "init_engine": [
            13.99,
            17.28,
            13.4,
            12.27,
            10.7,
            17.59,
            10.74,
            16.51,
            13.82,
            13.78,
            19.4
        ],
        "tokenizer_init": [
            0.14,
            0.09,
            0.09,
            0.3,
            0.26,
            0.26,
            0.26,
            0.26,
            0.26,
            0.16,
            0.16
        ],
        "total_time": [
            48.625246,
            74.10031800000002,
            47.10629,
            33.28299,
            21.558174,
            78.72806700000001,
            26.602517000000002,
            40.16003799999999,
            51.254526,
            44.978519999999996,
            60.882298999999996
        ],
        "actual_total_time": [
            50.38,
            75.007,
            48.001,
            34.394,
            22.632,
            79.786,
            27.661,
            41.225,
            52.317,
            45.972,
            61.876
        ]
    }
}