{
    "labels": [
        "output_model_falcon-7b.txt",
        "output_model_llama2-13b-hf.txt",
        "output_model_llama2-7b-hf.txt",
        "output_model_llama3-3b.txt",
        "output_model_qwen-0.5b.txt",
        "output_model_qwen-14b.txt",
        "output_model_qwen-1.8b.txt",
        "output_model_qwen-4b.txt",
        "output_model_qwen-7b.txt",
        "output_model_yi-6b.txt",
        "output_model_yi-9b.txt"
    ],
    "data": {
        "load_weights": [
            1.9,
            3.49,
            1.81,
            0.85,
            0.15,
            3.76,
            0.5,
            1.07,
            2.08,
            1.64,
            2.38
        ],
        "model_init": [
            0.11,
            0.12,
            0.11,
            0.13,
            0.09,
            0.12,
            0.1,
            0.12,
            0.11,
            0.11,
            0.13
        ],
        "model_loading": [
            2.008392,
            3.62161,
            1.931717,
            0.985373,
            0.242921,
            3.888922,
            0.607419,
            1.197817,
            2.199356,
            1.753219,
            2.519603
        ],
        "dynamo_transform_time": [
            4.07,
            5.87,
            4.97,
            4.23,
            3.76,
            6.06,
            3.79,
            6.1,
            4.94,
            5.0,
            7.1
        ],
        "graph_compile_general_shape": [
            null,
            null,
            null,
            null,
            null,
            null,
            null,
            null,
            null,
            null,
            null
        ],
        "graph_compile_cached": [
            3.316,
            4.475,
            3.581,
            3.277,
            2.615,
            4.55,
            2.635,
            4.432,
            3.67,
            3.675,
            5.535
        ],
        "torch.compile": [
            4.07,
            5.87,
            4.97,
            4.23,
            3.76,
            6.06,
            3.79,
            6.1,
            4.94,
            5.0,
            7.1
        ],
        "kv_cache_profiling": [
            9.0,
            12.12,
            10.02,
            9.02,
            7.77,
            12.41,
            7.84,
            12.14,
            10.11,
            10.16,
            14.79
        ],
        "graph_capturing": [
            1.47,
            2.32,
            1.46,
            0.98,
            0.63,
            2.33,
            0.71,
            1.18,
            1.5,
            1.4,
            1.96
        ],
        "init_engine": [
            10.9,
            14.91,
            11.92,
            10.42,
            8.79,
            15.21,
            8.95,
            13.76,
            12.05,
            11.99,
            17.23
        ],
        "tokenizer_init": [
            0.12,
            0.08,
            0.08,
            0.29,
            0.25,
            0.24,
            0.25,
            0.25,
            0.25,
            0.15,
            0.15
        ],
        "total_time": [
            13.028392,
            18.61161,
            13.931717,
            11.695373,
            9.282921,
            19.338922,
            9.807419,
            15.207817,
            14.499356,
            13.893219,
            19.899603
        ],
        "actual_total_time": [
            23.52,
            28.72,
            24.07,
            22.02,
            19.58,
            29.64,
            20.08,
            25.5,
            24.82,
            24.09,
            30.14
        ]
    }
}