{
    "labels": [
        "output_model_falcon-7b_container.txt",
        "output_model_falcon-7b_default.txt",
        "output_model_llama2-13b-hf_container.txt",
        "output_model_llama2-13b-hf_default.txt",
        "output_model_llama2-7b-hf_container.txt",
        "output_model_llama2-7b-hf_default.txt",
        "output_model_llama3-3b_container.txt",
        "output_model_llama3-3b_default.txt",
        "output_model_qwen-14.3b_container.txt",
        "output_model_qwen-14.3b_default.txt",
        "output_model_qwen-14b_container.txt",
        "output_model_qwen-14b_default.txt",
        "output_model_qwen-1.8b_container.txt",
        "output_model_qwen-1.8b_default.txt",
        "output_model_qwen-7b_container.txt",
        "output_model_qwen-7b_default.txt",
        "output_model_yi-9b_container.txt",
        "output_model_yi-9b_default.txt"
    ],
    "data": {
        "load_weights": [
            1.88,
            1.85,
            3.52,
            3.51,
            1.81,
            1.81,
            0.87,
            0.87,
            4.08,
            4.06,
            3.75,
            3.78,
            0.5,
            0.51,
            2.09,
            2.09,
            2.34,
            2.36
        ],
        "model_init": [
            0.11,
            0.11,
            0.13,
            0.12,
            0.12,
            0.12,
            0.13,
            0.13,
            0.12,
            0.12,
            0.13,
            0.13,
            0.11,
            0.1,
            0.12,
            0.12,
            0.13,
            0.13
        ],
        "model_loading": [
            1.992694,
            1.96843,
            3.649744,
            3.639869,
            1.925672,
            1.932414,
            1.008212,
            1.003918,
            4.20748,
            4.189335,
            3.884078,
            3.912226,
            0.611803,
            0.617402,
            2.204507,
            2.212413,
            2.479387,
            2.497715
        ],
        "dynamo_transform_time": [
            4.27,
            4.52,
            5.71,
            6.51,
            4.37,
            5.14,
            3.95,
            4.54,
            4.07,
            4.59,
            5.76,
            6.63,
            3.53,
            4.06,
            4.6,
            5.42,
            6.8,
            7.62
        ],
        "graph_compile_general_shape": [
            null,
            null,
            null,
            null,
            null,
            null,
            null,
            null,
            null,
            null,
            null,
            null,
            null,
            null,
            null,
            null,
            null,
            null
        ],
        "graph_compile_cached": [
            3.793,
            4.044,
            5.238,
            5.463,
            3.775,
            4.262,
            3.465,
            3.923,
            2.985,
            3.378,
            4.938,
            5.468,
            3.122,
            3.432,
            4.14,
            4.47,
            6.355,
            6.764
        ],
        "torch.compile": [
            4.27,
            4.52,
            5.71,
            6.51,
            4.37,
            5.14,
            3.95,
            4.54,
            4.07,
            4.59,
            5.76,
            6.63,
            3.53,
            4.06,
            4.6,
            5.42,
            6.8,
            7.62
        ],
        "kv_cache_profiling": [
            10.3,
            10.82,
            13.33,
            14.38,
            9.83,
            11.11,
            8.97,
            10.04,
            8.71,
            9.62,
            13.09,
            14.51,
            7.87,
            8.73,
            10.43,
            11.63,
            15.01,
            16.23
        ],
        "graph_capturing": [
            1.18,
            1.16,
            1.47,
            1.45,
            1.1,
            1.11,
            1.04,
            1.02,
            1.56,
            1.51,
            1.53,
            1.51,
            0.95,
            0.92,
            1.13,
            1.14,
            1.49,
            1.47
        ],
        "init_engine": [
            11.93,
            12.44,
            15.29,
            16.33,
            11.4,
            12.71,
            10.47,
            11.52,
            10.72,
            11.6,
            15.1,
            16.51,
            9.26,
            10.1,
            12.02,
            13.24,
            16.99,
            18.22
        ],
        "tokenizer_init": [
            0.13,
            0.12,
            0.09,
            0.08,
            0.09,
            0.08,
            0.29,
            0.29,
            0.25,
            0.25,
            0.25,
            0.24,
            0.25,
            0.25,
            0.25,
            0.25,
            0.16,
            0.16
        ],
        "total_time": [
            14.052694,
            14.528429999999998,
            19.029743999999997,
            20.049868999999997,
            13.415672,
            14.722414,
            11.768212,
            12.813918,
            15.177480000000001,
            16.039335,
            19.234078,
            20.662226,
            10.121803,
            10.967402,
            14.474507,
            15.702413,
            19.629386999999998,
            20.877715
        ],
        "actual_total_time": [
            22.18,
            22.61,
            26.46,
            27.34,
            20.78,
            22.0,
            19.48,
            20.32,
            22.81,
            23.52,
            26.86,
            28.13,
            17.64,
            18.46,
            21.97,
            23.12,
            27.18,
            28.23
        ]
    }
}