{
    "labels": [
        "output_model_falcon-7b.txt",
        "output_model_llama2-13b-hf.txt",
        "output_model_llama2-7b-hf.txt",
        "output_model_llama3-3b.txt",
        "output_model_qwen-0.5b.txt",
        "output_model_qwen-14b.txt",
        "output_model_qwen-1.8b.txt",
        "output_model_qwen-4b.txt",
        "output_model_qwen-7b.txt",
        "output_model_yi-6b.txt",
        "output_model_yi-9b.txt"
    ],
    "data": {
        "load_weights": [
            3.54,
            6.03,
            2.95,
            1.4,
            0.21,
            6.23,
            0.84,
            1.74,
            3.36,
            2.89,
            3.85
        ],
        "model_init": [
            0.13,
            0.35,
            0.1,
            0.12,
            0.09,
            0.28,
            0.09,
            0.12,
            0.38,
            0.1,
            0.36
        ],
        "model_loading": [
            4.301155,
            6.900074,
            3.629643,
            1.99458,
            0.860201,
            7.09759,
            1.706563,
            2.427614,
            4.370534,
            3.545254,
            5.021095
        ],
        "dynamo_transform_time": [
            4.06,
            5.39,
            4.41,
            3.74,
            3.37,
            5.32,
            3.37,
            5.64,
            4.44,
            4.4,
            6.22
        ],
        "graph_compile_general_shape": [
            null,
            null,
            null,
            null,
            null,
            null,
            null,
            null,
            null,
            null,
            null
        ],
        "graph_compile_cached": [
            3.627,
            4.825,
            4.242,
            3.49,
            3.219,
            4.913,
            2.798,
            5.733,
            4.044,
            4.059,
            5.877
        ],
        "torch.compile": [
            4.06,
            5.39,
            4.41,
            3.74,
            3.37,
            5.32,
            3.37,
            5.64,
            4.44,
            4.4,
            6.22
        ],
        "kv_cache_profiling": [
            9.73,
            12.37,
            9.88,
            8.48,
            7.8,
            12.63,
            7.65,
            12.92,
            10.02,
            9.77,
            13.87
        ],
        "graph_capturing": [
            1.33,
            1.59,
            1.32,
            1.21,
            0.8,
            1.66,
            1.14,
            1.43,
            1.24,
            1.43,
            1.58
        ],
        "init_engine": [
            11.27,
            14.2,
            11.42,
            9.89,
            9.08,
            14.66,
            9.0,
            14.58,
            11.47,
            11.55,
            15.69
        ],
        "tokenizer_init": [
            0.38,
            0.52,
            0.32,
            0.52,
            0.51,
            0.51,
            0.51,
            0.54,
            0.51,
            0.43,
            0.42
        ],
        "total_time": [
            15.951155,
            21.620074,
            15.369643,
            12.40458,
            10.450201,
            22.267590000000002,
            11.216562999999999,
            17.547614,
            16.350534000000003,
            15.525254,
            21.131095000000002
        ],
        "actual_total_time": [
            27.61,
            31.52,
            25.2,
            22.21,
            21.08,
            32.14,
            22.27,
            27.9,
            25.99,
            25.77,
            31.27
        ]
    }
}