{
    "labels": [
        "output_model_falcon-7b.txt",
        "output_model_llama2-13b-hf.txt",
        "output_model_llama2-7b-hf.txt",
        "output_model_llama3-3b.txt",
        "output_model_qwen-0.5b.txt",
        "output_model_qwen-14b.txt",
        "output_model_qwen-1.8b.txt",
        "output_model_qwen-4b.txt",
        "output_model_qwen-7b.txt",
        "output_model_yi-6b.txt",
        "output_model_yi-9b.txt"
    ],
    "data": {
        "detect_platform": [
            0.0,
            0.0,
            0.0,
            0.0,
            1.0,
            1.0,
            0.0,
            0.0,
            0.0,
            0.0,
            0.0
        ],
        "llm_imports": [
            2.0,
            2.0,
            1.0,
            2.0,
            1.0,
            1.0,
            1.0,
            1.0,
            1.0,
            2.0,
            2.0
        ],
        "get_model_info": [
            7.0,
            6.0,
            7.0,
            6.0,
            7.0,
            7.0,
            8.0,
            7.0,
            7.0,
            7.0,
            7.0
        ],
        "worker_init": [
            3.0,
            2.0,
            2.0,
            2.0,
            2.0,
            2.0,
            2.0,
            2.0,
            2.0,
            3.0,
            2.0
        ],
        "framework_bootstrap": [
            12.0,
            10.0,
            10.0,
            10.0,
            11.0,
            11.0,
            11.0,
            10.0,
            10.0,
            12.0,
            11.0
        ],
        "load_weights": [
            3.54,
            6.03,
            2.95,
            1.4,
            0.21,
            6.23,
            0.84,
            1.74,
            3.36,
            2.89,
            3.85
        ],
        "model_init": [
            0.13,
            0.35,
            0.1,
            0.12,
            0.09,
            0.28,
            0.09,
            0.12,
            0.38,
            0.1,
            0.36
        ],
        "model_loading": [
            4.301155,
            6.900074,
            3.629643,
            1.99458,
            0.860201,
            7.09759,
            1.706563,
            2.427614,
            4.370534,
            3.545254,
            5.021095
        ],
        "dynamo_transform_time": [
            4.06,
            5.39,
            4.41,
            3.74,
            3.37,
            5.32,
            3.37,
            5.64,
            4.44,
            4.4,
            6.22
        ],
        "graph_compile_general_shape": [
            null,
            null,
            null,
            null,
            null,
            null,
            null,
            null,
            null,
            null,
            null
        ],
        "graph_compile_cached": [
            3.627,
            4.825,
            4.242,
            3.49,
            3.219,
            4.913,
            2.798,
            5.733,
            4.044,
            4.059,
            5.877
        ],
        "torch.compile": [
            4.06,
            5.39,
            4.41,
            3.74,
            3.37,
            5.32,
            3.37,
            5.64,
            4.44,
            4.4,
            6.22
        ],
        "kv_cache_profiling": [
            2.043000000000001,
            2.1549999999999994,
            1.2279999999999998,
            1.25,
            1.2109999999999994,
            2.3970000000000002,
            1.4820000000000002,
            1.5470000000000006,
            1.5359999999999996,
            1.311,
            1.7729999999999997
        ],
        "graph_capturing": [
            1.33,
            1.59,
            1.32,
            1.21,
            0.8,
            1.66,
            1.14,
            1.43,
            1.24,
            1.43,
            1.58
        ],
        "init_engine": [
            11.27,
            14.2,
            11.42,
            9.89,
            9.08,
            14.66,
            9.0,
            14.58,
            11.47,
            11.55,
            15.69
        ],
        "tokenizer_init": [
            0.38,
            0.52,
            0.32,
            0.52,
            0.51,
            0.51,
            0.51,
            0.54,
            0.51,
            0.43,
            0.42
        ],
        "total_time": [
            27.951155,
            31.620074,
            25.369643,
            22.40458,
            21.450201000000003,
            33.26759,
            22.216563,
            27.547614,
            26.350534,
            27.525254,
            32.131095
        ],
        "actual_total_time": [
            30.0,
            33.0,
            27.0,
            24.0,
            23.0,
            34.0,
            24.0,
            29.0,
            27.0,
            28.0,
            33.0
        ]
    }
}