{
    "labels": [
        "output_model_deepseek-r1-distill-llama-8b.txt",
        "output_model_deepseek-r1-distill-qwen-7b.txt",
        "output_model_deepseek-v2-lite-16b.txt",
        "output_model_falcon-7b.txt",
        "output_model_gpt-oss-20b.txt",
        "output_model_granite3.3-8b-instruct.txt",
        "output_model_granite4.0-h-32b_no-enable-prefix-caching_.txt",
        "output_model_granite4.0-h-3b_no-enable-prefix-caching_.txt",
        "output_model_llama2-13b-hf.txt",
        "output_model_llama2-7b-hf.txt",
        "output_model_llama3.1-8b-instruct.txt",
        "output_model_llama3-3b.txt",
        "output_model_qwen-0.5b.txt",
        "output_model_qwen-14.3b.txt",
        "output_model_qwen-14b.txt",
        "output_model_qwen-1.8b.txt",
        "output_model_qwen-4b.txt",
        "output_model_qwen-7b.txt",
        "output_model_yi-6b.txt",
        "output_model_yi-9b.txt"
    ],
    "data": {
        "load_weights": [
            2.23,
            2.11,
            4.49,
            1.9,
            1.89,
            2.26,
            9.33,
            0.95,
            3.54,
            1.79,
            2.23,
            0.86,
            0.14,
            4.06,
            3.81,
            0.51,
            1.09,
            2.09,
            1.63,
            2.42
        ],
        "model_init": [
            0.14,
            0.11,
            0.16,
            0.12,
            0.13,
            0.13,
            0.1,
            0.08,
            0.13,
            0.12,
            0.13,
            0.13,
            0.1,
            0.12,
            0.13,
            0.11,
            0.12,
            0.12,
            0.12,
            0.13
        ],
        "model_loading": [
            2.374772,
            2.225058,
            4.656512,
            2.015451,
            2.285278,
            2.392838,
            9.438284,
            1.029288,
            3.674652,
            1.909837,
            2.36468,
            0.990741,
            0.242671,
            4.182296,
            3.942123,
            0.617699,
            1.221149,
            2.209522,
            1.745431,
            2.561181
        ],
        "dynamo_transform_time": [
            4.88,
            4.27,
            4.16,
            4.01,
            3.6,
            6.32,
            3.11,
            2.49,
            5.89,
            4.85,
            5.12,
            4.11,
            3.67,
            4.38,
            6.17,
            3.67,
            6.47,
            4.95,
            5.04,
            7.08
        ],
        "graph_compile_general_shape": [
            null,
            null,
            null,
            null,
            null,
            null,
            null,
            null,
            null,
            null,
            null,
            null,
            null,
            null,
            null,
            null,
            null,
            null,
            null,
            null
        ],
        "graph_compile_cached": [
            3.759,
            3.422,
            3.141,
            3.6,
            3.254,
            5.43,
            2.962,
            2.205,
            4.614,
            3.623,
            4.524,
            3.243,
            2.572,
            2.887,
            4.547,
            2.741,
            4.67,
            3.65,
            3.847,
            5.584
        ],
        "torch.compile": [
            4.88,
            4.27,
            4.16,
            4.01,
            3.6,
            6.32,
            3.11,
            2.49,
            5.89,
            4.85,
            5.12,
            4.11,
            3.67,
            4.38,
            6.17,
            3.67,
            6.47,
            4.95,
            5.04,
            7.08
        ],
        "kv_cache_profiling": [
            10.0,
            9.26,
            9.17,
            9.75,
            8.26,
            13.41,
            7.56,
            5.92,
            12.83,
            9.85,
            11.36,
            8.8,
            7.61,
            8.62,
            13.05,
            7.8,
            12.7,
            10.01,
            10.26,
            14.67
        ],
        "graph_capturing": [
            1.16,
            1.14,
            2.26,
            1.12,
            1.28,
            1.34,
            2.69,
            1.62,
            1.44,
            1.09,
            1.18,
            1.0,
            0.9,
            1.5,
            1.48,
            0.91,
            1.29,
            1.12,
            1.1,
            1.45
        ],
        "init_engine": [
            11.6,
            10.84,
            11.89,
            11.3,
            9.98,
            15.23,
            10.75,
            8.03,
            14.71,
            11.36,
            13.01,
            10.22,
            8.92,
            10.55,
            14.98,
            9.11,
            14.42,
            11.54,
            11.78,
            16.57
        ],
        "tokenizer_init": [
            0.37,
            0.33,
            0.21,
            0.12,
            0.67,
            0.09,
            0.2,
            0.2,
            0.09,
            0.08,
            0.29,
            0.29,
            0.25,
            0.25,
            0.25,
            0.25,
            0.25,
            0.25,
            0.16,
            0.16
        ],
        "total_time": [
            14.344771999999999,
            13.395058,
            16.756512,
            13.435451,
            12.935278,
            17.712838,
            20.388284,
            9.259287999999998,
            18.474652000000003,
            13.349836999999999,
            15.664679999999999,
            11.500741,
            9.412671,
            14.982296000000002,
            19.172123,
            9.977699,
            15.891149,
            13.999521999999999,
            13.685431,
            19.291181
        ],
        "actual_total_time": [
            25.32,
            24.37,
            27.58,
            24.3,
            27.37,
            25.04,
            28.16,
            17.05,
            28.62,
            23.46,
            23.2,
            21.82,
            19.7,
            25.86,
            29.52,
            20.25,
            26.16,
            24.25,
            23.91,
            29.49
        ]
    }
}