{
    "labels": [
        "output_model_falcon-7b.txt",
        "output_model_llama2-13b-hf.txt",
        "output_model_llama2-7b-hf.txt",
        "output_model_llama3-3b.txt",
        "output_model_qwen-0.5b.txt",
        "output_model_qwen-14b.txt",
        "output_model_qwen-1.8b.txt",
        "output_model_qwen-4b.txt",
        "output_model_qwen-7b.txt",
        "output_model_yi-6b.txt",
        "output_model_yi-9b.txt"
    ],
    "data": {
        "load_weights": [
            1.9,
            3.54,
            1.79,
            0.86,
            0.14,
            3.81,
            0.51,
            1.09,
            2.09,
            1.63,
            2.42
        ],
        "model_init": [
            0.12,
            0.13,
            0.12,
            0.13,
            0.1,
            0.13,
            0.11,
            0.12,
            0.12,
            0.12,
            0.13
        ],
        "model_loading": [
            2.015451,
            3.674652,
            1.909837,
            0.990741,
            0.242671,
            3.942123,
            0.617699,
            1.221149,
            2.209522,
            1.745431,
            2.561181
        ],
        "dynamo_transform_time": [
            4.01,
            5.89,
            4.85,
            4.11,
            3.67,
            6.17,
            3.67,
            6.47,
            4.95,
            5.04,
            7.08
        ],
        "graph_compile_general_shape": [
            null,
            null,
            null,
            null,
            null,
            null,
            null,
            null,
            null,
            null,
            null
        ],
        "graph_compile_cached": [
            3.6,
            4.614,
            3.623,
            3.243,
            2.572,
            4.547,
            2.741,
            4.67,
            3.65,
            3.847,
            5.584
        ],
        "torch.compile": [
            4.01,
            5.89,
            4.85,
            4.11,
            3.67,
            6.17,
            3.67,
            6.47,
            4.95,
            5.04,
            7.08
        ],
        "kv_cache_profiling": [
            9.75,
            12.83,
            9.85,
            8.8,
            7.61,
            13.05,
            7.8,
            12.7,
            10.01,
            10.26,
            14.67
        ],
        "graph_capturing": [
            1.12,
            1.44,
            1.09,
            1.0,
            0.9,
            1.48,
            0.91,
            1.29,
            1.12,
            1.1,
            1.45
        ],
        "init_engine": [
            11.3,
            14.71,
            11.36,
            10.22,
            8.92,
            14.98,
            9.11,
            14.42,
            11.54,
            11.78,
            16.57
        ],
        "tokenizer_init": [
            0.12,
            0.09,
            0.08,
            0.29,
            0.25,
            0.25,
            0.25,
            0.25,
            0.25,
            0.16,
            0.16
        ],
        "total_time": [
            13.435451,
            18.474652000000003,
            13.349836999999999,
            11.500741,
            9.412671,
            19.172123,
            9.977699,
            15.891149,
            13.999521999999999,
            13.685431,
            19.291181
        ],
        "actual_total_time": [
            24.3,
            28.62,
            23.46,
            21.82,
            19.7,
            29.52,
            20.25,
            26.16,
            24.25,
            23.91,
            29.49
        ]
    }
}