{
    "labels": [
        "output_model_falcon-7b.txt",
        "output_model_llama2-13b-hf.txt",
        "output_model_llama2-7b-hf.txt",
        "output_model_llama3-3b.txt",
        "output_model_qwen-0.5b.txt",
        "output_model_qwen-14b.txt",
        "output_model_qwen-1.8b.txt",
        "output_model_qwen-4b.txt",
        "output_model_qwen-7b.txt",
        "output_model_yi-6b.txt",
        "output_model_yi-9b.txt"
    ],
    "data": {
        "load_weights": [
            2.64,
            4.56,
            2.47,
            1.1,
            0.18,
            4.96,
            0.7,
            1.41,
            2.72,
            2.28,
            3.23
        ],
        "model_init": [
            0.58,
            0.11,
            0.11,
            0.13,
            0.09,
            0.12,
            0.32,
            0.25,
            0.11,
            0.1,
            0.12
        ],
        "model_loading": [
            3.7589,
            5.168327,
            3.25164,
            1.775022,
            0.833248,
            5.812717,
            1.498422,
            3.470854,
            3.350546,
            3.045589,
            4.276817
        ],
        "dynamo_transform_time": [
            3.8,
            5.28,
            4.38,
            3.79,
            3.35,
            5.49,
            3.38,
            5.41,
            4.49,
            4.38,
            6.22
        ],
        "graph_compile_general_shape": [
            null,
            null,
            null,
            null,
            null,
            null,
            null,
            null,
            null,
            null,
            null
        ],
        "graph_compile_cached": [
            3.683,
            5.519,
            4.186,
            3.36,
            2.78,
            6.021,
            2.933,
            4.845,
            4.331,
            3.973,
            5.808
        ],
        "torch.compile": [
            3.8,
            5.28,
            4.38,
            3.79,
            3.35,
            5.49,
            3.38,
            5.41,
            4.49,
            4.38,
            6.22
        ],
        "kv_cache_profiling": [
            9.41,
            12.94,
            9.85,
            8.69,
            7.39,
            13.78,
            7.55,
            11.72,
            10.34,
            9.66,
            13.75
        ],
        "graph_capturing": [
            1.32,
            1.61,
            1.43,
            1.24,
            0.81,
            1.64,
            1.11,
            1.43,
            1.53,
            1.31,
            1.81
        ],
        "init_engine": [
            10.96,
            14.76,
            11.51,
            10.14,
            8.77,
            15.77,
            8.87,
            13.41,
            12.11,
            11.19,
            15.79
        ],
        "tokenizer_init": [
            0.38,
            0.32,
            0.32,
            0.53,
            0.51,
            0.55,
            0.6,
            0.48,
            0.5,
            0.42,
            0.45
        ],
        "total_time": [
            15.098900000000002,
            20.248327,
            15.08164,
            12.445022,
            10.113247999999999,
            22.132717,
            10.968421999999999,
            17.360854,
            15.960545999999999,
            14.655588999999999,
            20.516817
        ],
        "actual_total_time": [
            27.58,
            30.28,
            24.96,
            22.86,
            20.85,
            33.04,
            20.64,
            27.85,
            26.03,
            24.53,
            31.41
        ]
    }
}