{
    "labels": [
        "output_model_deepseek-r1-distill-llama-8b.txt",
        "output_model_deepseek-r1-distill-qwen-7b.txt",
        "output_model_deepseek-v2-lite-16b.txt",
        "output_model_falcon-7b.txt",
        "output_model_gpt-oss-20b.txt",
        "output_model_llama2-13b-hf.txt",
        "output_model_llama2-7b-hf.txt",
        "output_model_llama3-3b.txt",
        "output_model_qwen-0.5b.txt",
        "output_model_qwen-14.3b.txt",
        "output_model_qwen-14b.txt",
        "output_model_qwen-1.8b.txt",
        "output_model_qwen-4b.txt",
        "output_model_qwen-7b.txt",
        "output_model_yi-6b.txt",
        "output_model_yi-9b.txt"
    ],
    "data": {
        "load_weights": [
            2.24,
            2.1,
            4.5,
            1.88,
            1.89,
            3.56,
            1.8,
            0.86,
            0.14,
            4.05,
            3.8,
            0.51,
            1.1,
            2.08,
            1.62,
            2.43
        ],
        "model_init": [
            0.14,
            0.11,
            0.16,
            0.12,
            0.13,
            0.13,
            0.12,
            0.13,
            0.1,
            0.12,
            0.13,
            0.1,
            0.12,
            0.12,
            0.12,
            0.13
        ],
        "model_loading": [
            2.381256,
            2.209204,
            4.667622,
            2.004084,
            2.289908,
            3.693589,
            1.915428,
            0.993483,
            0.244682,
            4.177224,
            3.933039,
            0.616948,
            1.231349,
            2.203145,
            1.739027,
            2.571645
        ],
        "dynamo_transform_time": [
            4.98,
            4.19,
            4.32,
            3.95,
            3.54,
            5.86,
            4.81,
            4.28,
            3.73,
            4.24,
            6.02,
            3.67,
            6.16,
            4.93,
            5.0,
            7.11
        ],
        "graph_compile_general_shape": [
            null,
            null,
            null,
            null,
            null,
            null,
            null,
            null,
            null,
            null,
            null,
            null,
            null,
            null,
            null,
            null
        ],
        "graph_compile_cached": [
            3.82,
            3.32,
            3.195,
            3.591,
            3.359,
            4.6,
            3.614,
            3.259,
            2.7,
            2.825,
            4.753,
            2.764,
            4.557,
            3.713,
            3.703,
            5.575
        ],
        "torch.compile": [
            4.98,
            4.19,
            4.32,
            3.95,
            3.54,
            5.86,
            4.81,
            4.28,
            3.73,
            4.24,
            6.02,
            3.67,
            6.16,
            4.93,
            5.0,
            7.11
        ],
        "kv_cache_profiling": [
            10.17,
            9.07,
            9.4,
            9.68,
            8.31,
            12.77,
            9.8,
            9.0,
            7.8,
            8.67,
            13.09,
            7.81,
            12.28,
            10.04,
            10.06,
            14.72
        ],
        "graph_capturing": [
            1.16,
            1.14,
            2.28,
            1.12,
            1.28,
            1.43,
            1.08,
            1.0,
            0.91,
            1.51,
            1.49,
            0.9,
            1.28,
            1.12,
            1.1,
            1.46
        ],
        "init_engine": [
            11.77,
            10.65,
            12.13,
            11.22,
            10.03,
            14.63,
            11.29,
            10.4,
            9.11,
            10.62,
            15.01,
            9.12,
            14.0,
            11.58,
            11.58,
            16.63
        ],
        "tokenizer_init": [
            0.37,
            0.33,
            0.21,
            0.12,
            0.68,
            0.08,
            0.08,
            0.29,
            0.25,
            0.25,
            0.25,
            0.25,
            0.25,
            0.25,
            0.16,
            0.16
        ],
        "total_time": [
            14.521256,
            13.189204,
            17.007622,
            13.344084,
            12.999908,
            18.403589,
            13.285428,
            11.683482999999999,
            9.604681999999999,
            15.047224,
            19.193039,
            9.986948,
            15.481349,
            14.033145000000001,
            13.479027,
            19.361645
        ],
        "actual_total_time": [
            25.51,
            24.14,
            27.9,
            24.15,
            27.46,
            28.5,
            23.39,
            22.02,
            19.91,
            25.92,
            29.46,
            20.29,
            25.79,
            24.32,
            23.66,
            29.5
        ]
    }
}