{
    "labels": [
        "output_model_falcon-7b.txt",
        "output_model_llama2-13b-hf.txt",
        "output_model_llama2-7b-hf.txt",
        "output_model_llama3-3b.txt",
        "output_model_qwen-0.5b.txt",
        "output_model_qwen-14b.txt",
        "output_model_qwen-1.8b.txt",
        "output_model_qwen-4b.txt",
        "output_model_qwen-7b.txt",
        "output_model_yi-6b.txt",
        "output_model_yi-9b.txt"
    ],
    "data": {
        "detect_platfrom": [
            0.0,
            0.0,
            1.0,
            0.0,
            0.0,
            0.0,
            1.0,
            0.0,
            0.0,
            0.0,
            0.0
        ],
        "llm_imports": [
            2.0,
            1.0,
            1.0,
            1.0,
            1.0,
            2.0,
            1.0,
            2.0,
            2.0,
            2.0,
            2.0
        ],
        "get_model_info": [
            7.0,
            7.0,
            7.0,
            7.0,
            7.0,
            7.0,
            7.0,
            6.0,
            6.0,
            7.0,
            7.0
        ],
        "worker_init": [
            3.0,
            2.0,
            3.0,
            2.0,
            2.0,
            2.0,
            2.0,
            2.0,
            2.0,
            2.0,
            3.0
        ],
        "framework_bootstrap": [
            12.0,
            10.0,
            12.0,
            10.0,
            10.0,
            11.0,
            11.0,
            10.0,
            10.0,
            11.0,
            12.0
        ],
        "load_weights": [
            3.49,
            6.03,
            3.4,
            1.4,
            0.22,
            6.33,
            0.81,
            1.69,
            3.37,
            2.67,
            3.85
        ],
        "model_init": [
            0.13,
            0.11,
            0.11,
            0.12,
            0.09,
            0.39,
            0.1,
            0.43,
            0.35,
            0.28,
            0.14
        ],
        "model_loading": [
            4.169148,
            6.803025,
            4.043069,
            2.060656,
            0.894552,
            7.253154,
            1.509216,
            2.643549,
            4.252403,
            3.590315,
            4.516103
        ],
        "dynamo_transform_time": [
            4.08,
            5.36,
            4.45,
            3.77,
            3.36,
            5.42,
            3.37,
            5.4,
            4.45,
            4.42,
            6.23
        ],
        "graph_compile_general_shape": [
            null,
            null,
            null,
            null,
            null,
            null,
            null,
            null,
            null,
            null,
            null
        ],
        "graph_compile_cached": [
            3.678,
            5.07,
            3.845,
            3.418,
            2.806,
            5.154,
            2.945,
            5.843,
            4.173,
            4.055,
            5.914
        ],
        "torch.compile": [
            4.08,
            5.36,
            4.45,
            3.77,
            3.36,
            5.42,
            3.37,
            5.4,
            4.45,
            4.42,
            6.23
        ],
        "kv_cache_profiling": [
            2.502,
            2.33,
            1.295,
            1.4819999999999993,
            1.1739999999999995,
            2.146000000000001,
            1.3050000000000006,
            1.626999999999999,
            1.4869999999999983,
            1.1950000000000003,
            1.725999999999999
        ],
        "graph_capturing": [
            1.33,
            1.62,
            1.27,
            1.19,
            1.11,
            2.11,
            0.79,
            1.41,
            1.44,
            0.97,
            1.59
        ],
        "init_engine": [
            11.92,
            14.62,
            11.09,
            10.09,
            8.66,
            15.06,
            8.65,
            14.54,
            11.77,
            11.16,
            15.95
        ],
        "tokenizer_init": [
            0.39,
            0.34,
            0.33,
            0.53,
            0.51,
            0.51,
            0.5,
            0.5,
            0.51,
            0.42,
            0.42
        ],
        "total_time": [
            28.479148000000002,
            31.763024999999995,
            27.463068999999997,
            22.680656,
            20.064552000000003,
            33.823154,
            21.659216,
            27.683549,
            26.532403000000002,
            26.170315000000002,
            32.886103000000006
        ],
        "actual_total_time": [
            29.0,
            33.0,
            28.0,
            24.0,
            22.0,
            35.0,
            23.0,
            29.0,
            28.0,
            27.0,
            34.0
        ]
    }
}