{
    "labels": [
        "output_model_falcon-7b.txt",
        "output_model_llama2-13b-hf.txt",
        "output_model_llama2-7b-hf.txt",
        "output_model_llama3-3b.txt",
        "output_model_qwen-0.5b.txt",
        "output_model_qwen-14b.txt",
        "output_model_qwen-1.8b.txt",
        "output_model_qwen-4b.txt",
        "output_model_qwen-7b.txt",
        "output_model_yi-6b.txt",
        "output_model_yi-9b.txt"
    ],
    "data": {
        "load_weights": [
            1.87,
            3.51,
            1.81,
            0.86,
            0.14,
            3.77,
            0.51,
            1.07,
            2.1,
            1.64,
            2.42
        ],
        "model_init": [
            0.11,
            0.12,
            0.11,
            0.13,
            0.09,
            0.12,
            0.1,
            0.12,
            0.11,
            0.11,
            0.13
        ],
        "model_loading": [
            1.980594,
            3.631148,
            1.92604,
            0.991561,
            0.239283,
            3.895512,
            0.616246,
            1.197066,
            2.220039,
            1.757857,
            2.551912
        ],
        "dynamo_transform_time": [
            4.0,
            6.06,
            5.02,
            4.12,
            3.67,
            5.95,
            3.79,
            5.98,
            4.94,
            4.87,
            6.9
        ],
        "graph_compile_general_shape": [
            null,
            null,
            null,
            null,
            null,
            null,
            null,
            null,
            null,
            null,
            null
        ],
        "graph_compile_cached": [
            3.471,
            4.445,
            3.439,
            3.309,
            2.56,
            4.591,
            2.683,
            4.578,
            3.657,
            3.805,
            5.729
        ],
        "torch.compile": [
            4.0,
            6.06,
            5.02,
            4.12,
            3.67,
            5.95,
            3.79,
            5.98,
            4.94,
            4.87,
            6.9
        ],
        "kv_cache_profiling": [
            9.09,
            12.28,
            9.93,
            8.97,
            7.63,
            12.31,
            7.88,
            12.17,
            10.09,
            10.12,
            14.79
        ],
        "graph_capturing": [
            1.46,
            2.32,
            1.46,
            1.01,
            0.63,
            2.33,
            0.72,
            1.18,
            1.49,
            1.37,
            1.96
        ],
        "init_engine": [
            10.98,
            15.07,
            11.82,
            10.39,
            8.66,
            15.11,
            9.01,
            13.79,
            12.01,
            11.92,
            17.24
        ],
        "tokenizer_init": [
            0.12,
            0.08,
            0.08,
            0.28,
            0.25,
            0.25,
            0.25,
            0.25,
            0.25,
            0.16,
            0.15
        ],
        "total_time": [
            13.080594,
            18.781147999999998,
            13.82604,
            11.661561,
            9.149283,
            19.255512,
            9.876246,
            15.237065999999999,
            14.480039,
            13.837857,
            19.941912
        ],
        "actual_total_time": [
            23.57,
            28.89,
            23.97,
            22.0,
            19.42,
            29.58,
            20.16,
            25.53,
            24.76,
            24.04,
            30.16
        ]
    }
}