{
    "labels": [
        "output_model_deepseek-r1-distill-llama-8b.txt",
        "output_model_deepseek-r1-distill-qwen-7b.txt",
        "output_model_deepseek-v2-lite-16b.txt",
        "output_model_falcon-7b.txt",
        "output_model_llama2-13b-hf.txt",
        "output_model_llama2-7b-hf.txt",
        "output_model_llama3-3b.txt",
        "output_model_qwen-0.5b.txt",
        "output_model_qwen-14.3b.txt",
        "output_model_qwen-14b.txt",
        "output_model_qwen-1.8b.txt",
        "output_model_qwen-4b.txt",
        "output_model_qwen-7b.txt",
        "output_model_yi-6b.txt",
        "output_model_yi-9b.txt"
    ],
    "data": {
        "detect_platfrom": [
            0.034,
            0.034,
            0.034,
            0.034,
            0.034,
            0.035,
            0.034,
            0.034,
            0.034,
            0.034,
            0.034,
            0.034,
            0.035,
            0.035,
            0.035
        ],
        "llm_imports": [
            1.364,
            1.366,
            1.412,
            1.371,
            1.372,
            1.429,
            1.361,
            1.417,
            1.368,
            1.369,
            1.352,
            1.399,
            1.362,
            1.375,
            1.367
        ],
        "get_model_info": [
            5.004,
            5.026,
            5.06,
            5.02,
            5.02,
            5.032,
            5.036,
            5.012,
            5.047,
            5.035,
            5.012,
            5.022,
            5.054,
            5.054,
            5.019
        ],
        "worker_init": [
            1.478,
            1.522,
            1.481,
            1.473,
            1.459,
            1.482,
            1.485,
            1.49,
            1.542,
            1.484,
            1.5,
            1.488,
            1.491,
            1.481,
            1.518
        ],
        "framework_bootstrap": [
            7.879999999999999,
            7.948,
            7.986999999999999,
            7.898,
            7.885,
            7.978000000000001,
            7.9159999999999995,
            7.952999999999999,
            7.991,
            7.922000000000001,
            7.898,
            7.943,
            7.942,
            7.945,
            7.939
        ],
        "load_weights": [
            3.1,
            2.99,
            6.02,
            15.89,
            37.18,
            19.71,
            8.9,
            1.24,
            7.77,
            39.75,
            5.01,
            11.7,
            20.77,
            17.25,
            11.79
        ],
        "model_init": [
            0.16,
            0.13,
            0.18,
            0.12,
            0.13,
            0.12,
            0.16,
            0.1,
            0.12,
            0.13,
            0.12,
            0.15,
            0.13,
            0.12,
            0.14
        ],
        "model_loading": [
            3.264148,
            3.123855,
            6.213782,
            16.006878,
            37.315973,
            19.831744,
            9.061356,
            1.343839,
            7.897005,
            39.883672,
            5.130757,
            11.84939,
            20.90599,
            17.370262,
            11.935279
        ],
        "dynamo_transform_time": [
            0,
            0,
            0,
            0,
            0,
            0,
            0,
            0,
            0,
            0,
            0,
            0,
            0,
            0,
            0
        ],
        "graph_compile_general_shape": [
            0,
            0,
            0,
            0,
            0,
            0,
            0,
            0,
            0,
            0,
            0,
            0,
            0,
            0,
            0
        ],
        "graph_compile_cached": [
            0,
            0,
            0,
            0,
            0,
            0,
            0,
            0,
            0,
            0,
            0,
            0,
            0,
            0,
            0
        ],
        "torch.compile": [
            0,
            0,
            0,
            0,
            0,
            0,
            0,
            0,
            0,
            0,
            0,
            0,
            0,
            0,
            0
        ],
        "kv_cache_profiling": [
            0.69,
            0.72,
            0.98,
            0.69,
            0.82,
            0.73,
            0.65,
            0.67,
            0.97,
            0.79,
            0.67,
            0.7,
            0.73,
            0.73,
            0.75
        ],
        "graph_capturing": [
            1.5,
            1.4,
            2.49,
            1.15,
            1.87,
            1.45,
            1.36,
            1.25,
            1.89,
            1.91,
            1.24,
            1.82,
            1.46,
            1.52,
            1.94
        ],
        "init_engine": [
            2.61,
            2.53,
            3.91,
            2.26,
            3.13,
            2.63,
            2.44,
            2.35,
            3.3,
            3.16,
            2.34,
            2.96,
            2.63,
            2.71,
            3.13
        ],
        "tokenizer_init": [
            0.37,
            0.33,
            0.21,
            0.12,
            0.09,
            0.09,
            0.29,
            0.26,
            0.25,
            0.25,
            0.25,
            0.25,
            0.25,
            0.16,
            0.16
        ],
        "total_time": [
            14.124147999999998,
            13.931854999999999,
            18.320782,
            26.284878000000003,
            48.420973000000004,
            30.529744,
            19.707356,
            11.906838999999998,
            19.438005,
            51.215672,
            15.618756999999999,
            23.00239,
            31.72799,
            28.185262,
            23.164279
        ],
        "actual_total_time": [
            15.299,
            15.054,
            19.337,
            27.877,
            49.275,
            31.384,
            20.796,
            12.946,
            20.482,
            52.272,
            16.666,
            24.053,
            32.78,
            29.172,
            24.13
        ]
    }
}