{
    "labels": [
        "output_model_llama2-13b-hf_workload_0.txt",
        "output_model_llama2-13b-hf_workload_10.txt",
        "output_model_llama2-13b-hf_workload_25.txt",
        "output_model_llama2-13b-hf_workload_50.txt",
        "output_model_llama2-13b-hf_workload_75.txt",
        "output_model_llama2-13b-hf_workload_90.txt",
        "output_model_qwen-4b_workload_0.txt",
        "output_model_qwen-4b_workload_10.txt",
        "output_model_qwen-4b_workload_25.txt",
        "output_model_qwen-4b_workload_50.txt",
        "output_model_qwen-4b_workload_75.txt",
        "output_model_qwen-4b_workload_90.txt"
    ],
    "data": {
        "detect_platfrom": [
            0.0378,
            0.037200000000000004,
            0.0378,
            0.0392,
            0.0416,
            0.0394,
            0.0378,
            0.0378,
            0.038,
            0.0388,
            0.040600000000000004,
            0.0372
        ],
        "llm_imports": [
            1.3611999999999997,
            1.3706,
            1.377,
            1.5024000000000002,
            1.6509999999999998,
            1.7369999999999997,
            1.3694,
            1.3694,
            1.4260000000000002,
            1.4554,
            1.6573999999999998,
            1.7114
        ],
        "get_model_info": [
            5.027000000000001,
            5.1576,
            5.2172,
            5.6861999999999995,
            6.1664,
            6.426,
            5.022,
            5.142999999999999,
            5.214799999999999,
            5.5982,
            6.2134,
            6.401000000000001
        ],
        "worker_init": [
            1.4682,
            1.4818,
            1.5788000000000002,
            1.6334,
            1.8227999999999998,
            1.89,
            1.4822,
            1.5064,
            1.5516,
            1.7402000000000002,
            1.8918,
            1.9546
        ],
        "framework_bootstrap": [
            7.894200000000001,
            8.0472,
            8.210799999999999,
            8.8612,
            9.681799999999999,
            10.092400000000001,
            7.9113999999999995,
            8.056599999999998,
            8.2304,
            8.832600000000001,
            9.8032,
            10.1042
        ],
        "load_weights": [
            3.688,
            3.6740000000000004,
            3.7359999999999998,
            4.094,
            4.176,
            4.336,
            1.144,
            1.142,
            1.17,
            1.2399999999999998,
            1.316,
            1.358
        ],
        "model_init": [
            0.15,
            0.14400000000000002,
            0.15,
            0.164,
            0.158,
            0.158,
            0.14,
            0.14200000000000002,
            0.15000000000000002,
            0.158,
            0.156,
            0.156
        ],
        "model_loading": [
            3.838,
            3.8180000000000005,
            3.8859999999999997,
            4.258,
            4.3340000000000005,
            4.494000000000001,
            1.2839999999999998,
            1.2839999999999998,
            1.3199999999999998,
            1.3979999999999997,
            1.472,
            1.514
        ],
        "dynamo_transform_time": [
            6.694,
            6.9159999999999995,
            6.776000000000001,
            7.364000000000002,
            7.87,
            8.17,
            6.909999999999999,
            6.8420000000000005,
            6.831999999999999,
            7.448,
            8.052000000000001,
            8.392000000000001
        ],
        "graph_compile_general_shape": [
            null,
            null,
            null,
            null,
            null,
            null,
            null,
            null,
            null,
            null,
            null,
            null
        ],
        "graph_compile_cached": [
            5.5851999999999995,
            5.886799999999999,
            5.8484,
            6.1857999999999995,
            6.7818,
            6.9826,
            5.4442,
            5.6008000000000004,
            5.686,
            6.0446,
            6.45,
            6.877799999999999
        ],
        "torch.compile": [
            6.694,
            6.9159999999999995,
            6.776000000000001,
            7.364000000000002,
            7.87,
            8.17,
            6.909999999999999,
            6.8420000000000005,
            6.831999999999999,
            7.448,
            8.052000000000001,
            8.392000000000001
        ],
        "kv_cache_profiling": [
            14.735999999999997,
            15.288,
            15.132000000000001,
            16.19,
            17.444000000000003,
            18.032,
            14.044,
            14.15,
            14.265999999999998,
            15.474,
            16.496000000000002,
            17.358
        ],
        "graph_capturing": [
            1.46,
            1.4780000000000002,
            1.514,
            1.658,
            1.722,
            1.7799999999999998,
            1.3080000000000003,
            1.35,
            1.408,
            1.48,
            1.642,
            1.704
        ],
        "init_engine": [
            16.195999999999998,
            16.766000000000002,
            16.646,
            17.848000000000003,
            19.166000000000004,
            19.812,
            15.352,
            15.5,
            15.673999999999998,
            16.954,
            18.138,
            19.062
        ],
        "tokenizer_init": [
            0.09,
            0.09,
            0.09,
            0.10400000000000001,
            0.10600000000000001,
            0.11199999999999999,
            0.28200000000000003,
            0.276,
            0.28800000000000003,
            0.314,
            0.318,
            0.336
        ],
        "total_time": [
            28.0182,
            28.721200000000003,
            28.8328,
            31.0712,
            33.287800000000004,
            34.510400000000004,
            24.8294,
            25.1166,
            25.512399999999996,
            27.498600000000003,
            29.731200000000005,
            31.016199999999998
        ],
        "actual_total_time": [
            28.8770858,
            29.589123800000003,
            29.732073999999997,
            32.014843,
            34.257966,
            35.52549080000001,
            25.872416,
            26.1735774,
            26.606659199999996,
            28.647283000000005,
            30.943274600000006,
            32.2510506
        ]
    }
}