{
    "labels": [
        "output_model_deepseek-r1-distill-llama-8b.txt",
        "output_model_deepseek-r1-distill-qwen-7b.txt",
        "output_model_falcon-7b.txt",
        "output_model_granite3.3-8b-instruct.txt",
        "output_model_llama2-13b-hf.txt",
        "output_model_llama2-7b-hf.txt",
        "output_model_llama3-3b.txt",
        "output_model_qwen-0.5b.txt",
        "output_model_qwen-14b.txt",
        "output_model_qwen-1.8b.txt",
        "output_model_qwen-4b.txt",
        "output_model_qwen-7b.txt",
        "output_model_yi-6b.txt",
        "output_model_yi-9b.txt"
    ],
    "data": {
        "detect_platfrom": [
            0.034,
            0.034,
            0.034,
            0.034,
            0.034,
            0.033,
            0.034,
            0.034,
            0.034,
            0.034,
            0.034,
            0.034,
            0.034,
            0.034
        ],
        "llm_imports": [
            1.36,
            1.364,
            1.363,
            1.361,
            1.367,
            1.34,
            1.352,
            1.362,
            1.36,
            1.366,
            1.375,
            1.368,
            1.365,
            1.364
        ],
        "get_model_info": [
            4.861,
            4.89,
            4.903,
            4.87,
            4.874,
            4.865,
            4.85,
            4.868,
            4.864,
            4.876,
            4.847,
            4.859,
            4.852,
            4.854
        ],
        "worker_init": [
            1.648,
            1.649,
            1.641,
            1.669,
            1.636,
            1.636,
            1.634,
            1.657,
            1.664,
            1.669,
            1.654,
            1.653,
            1.649,
            1.625
        ],
        "framework_bootstrap": [
            7.903,
            7.937,
            7.941,
            7.934000000000001,
            7.911,
            7.8740000000000006,
            7.869999999999999,
            7.921,
            7.922,
            7.945,
            7.91,
            7.914,
            7.9,
            7.877000000000001
        ],
        "load_weights": [
            2.29,
            2.15,
            7.96,
            14.96,
            4.13,
            4.01,
            1.45,
            0.22,
            4.95,
            1.37,
            1.13,
            8.13,
            2.01,
            7.51
        ],
        "model_init": [
            0.16,
            0.12,
            0.13,
            0.13,
            0.13,
            0.12,
            0.13,
            0.1,
            0.13,
            0.11,
            0.13,
            0.12,
            0.12,
            0.13
        ],
        "model_loading": [
            2.458682,
            2.273024,
            8.091426,
            15.090421,
            4.264666,
            4.134705,
            1.588261,
            0.326943,
            5.08252,
            1.481882,
            1.259466,
            8.25359,
            2.134066,
            7.65166
        ],
        "dynamo_transform_time": [
            5.75,
            4.79,
            4.75,
            6.35,
            6.49,
            5.13,
            4.52,
            4.32,
            6.83,
            4.07,
            6.97,
            5.36,
            5.27,
            7.6
        ],
        "graph_compile_general_shape": [
            17.53,
            15.49,
            null,
            19.98,
            null,
            null,
            null,
            null,
            null,
            null,
            null,
            14.28,
            null,
            24.03
        ],
        "graph_compile_cached": [
            null,
            null,
            4.08,
            null,
            5.454,
            4.254,
            3.928,
            3.782,
            5.772,
            3.451,
            5.403,
            null,
            4.518,
            null
        ],
        "torch.compile": [
            23.29,
            20.29,
            4.75,
            26.33,
            6.49,
            5.13,
            4.52,
            4.32,
            6.83,
            4.07,
            6.97,
            19.64,
            5.27,
            31.63
        ],
        "kv_cache_profiling": [
            27.15,
            23.88,
            11.09,
            30.59,
            14.34,
            11.13,
            10.02,
            9.34,
            15.0,
            8.75,
            14.02,
            23.12,
            11.51,
            36.5
        ],
        "graph_capturing": [
            1.25,
            1.24,
            1.15,
            1.43,
            1.46,
            1.11,
            1.02,
            0.93,
            1.51,
            0.92,
            1.3,
            1.2,
            1.14,
            1.58
        ],
        "init_engine": [
            28.94,
            25.63,
            12.71,
            32.57,
            16.3,
            12.72,
            11.51,
            10.72,
            17.01,
            10.12,
            15.8,
            24.83,
            13.13,
            38.64
        ],
        "tokenizer_init": [
            0.37,
            0.32,
            0.12,
            0.09,
            0.08,
            0.09,
            0.31,
            0.27,
            0.26,
            0.26,
            0.25,
            0.27,
            0.15,
            0.16
        ],
        "total_time": [
            39.671682,
            36.160024,
            28.862426000000003,
            55.684421,
            28.555666,
            24.818705,
            21.278260999999997,
            19.237942999999998,
            30.274520000000003,
            19.806882,
            25.219466,
            41.267590000000006,
            23.314065999999997,
            54.32866
        ],
        "actual_total_time": [
            40.87,
            37.302,
            30.493,
            56.574,
            29.414,
            25.67,
            22.35,
            20.267,
            31.301,
            20.841,
            26.235,
            42.302,
            24.273,
            55.276
        ]
    }
}