{
    "labels": [
        "output_model_llama2-13b-hf_workload_0.txt",
        "output_model_llama2-13b-hf_workload_10.txt",
        "output_model_llama2-13b-hf_workload_25.txt",
        "output_model_llama2-13b-hf_workload_50.txt",
        "output_model_llama2-13b-hf_workload_75.txt",
        "output_model_llama2-13b-hf_workload_90.txt",
        "output_model_qwen-4b_workload_0.txt",
        "output_model_qwen-4b_workload_10.txt",
        "output_model_qwen-4b_workload_25.txt",
        "output_model_qwen-4b_workload_50.txt",
        "output_model_qwen-4b_workload_75.txt",
        "output_model_qwen-4b_workload_90.txt"
    ],
    "data": {
        "detect_platfrom": [
            0.038,
            0.038,
            0.038,
            0.04,
            0.043,
            0.038,
            0.037,
            0.037,
            0.038,
            0.038,
            0.046,
            0.036
        ],
        "llm_imports": [
            1.355,
            1.354,
            1.371,
            1.571,
            1.662,
            1.717,
            1.408,
            1.369,
            1.439,
            1.423,
            1.639,
            1.708
        ],
        "get_model_info": [
            5.019,
            5.213,
            5.164,
            5.732,
            6.133,
            6.416,
            5.034,
            5.138,
            5.243,
            5.529,
            6.186,
            6.365
        ],
        "worker_init": [
            1.447,
            1.456,
            1.575,
            1.632,
            1.841,
            1.892,
            1.482,
            1.497,
            1.541,
            1.792,
            1.912,
            1.952
        ],
        "framework_bootstrap": [
            7.859,
            8.061,
            8.148,
            8.975,
            9.679,
            10.063,
            7.960999999999999,
            8.041,
            8.261000000000001,
            8.782,
            9.783000000000001,
            10.061
        ],
        "load_weights": [
            3.65,
            3.66,
            3.85,
            4.16,
            4.13,
            4.34,
            1.13,
            1.14,
            1.13,
            1.25,
            1.32,
            1.34
        ],
        "model_init": [
            0.15,
            0.14,
            0.15,
            0.16,
            0.16,
            0.16,
            0.14,
            0.15,
            0.15,
            0.16,
            0.16,
            0.15
        ],
        "model_loading": [
            3.798183,
            3.810563,
            4.009537,
            4.320968,
            4.297368,
            4.506753,
            1.276972,
            1.288648,
            1.283261,
            1.418154,
            1.484841,
            1.504069
        ],
        "dynamo_transform_time": [
            6.62,
            6.71,
            6.78,
            7.38,
            7.86,
            8.04,
            6.76,
            6.63,
            6.66,
            7.45,
            8.21,
            8.59
        ],
        "graph_compile_general_shape": [
            null,
            null,
            null,
            null,
            null,
            null,
            null,
            null,
            null,
            null,
            null,
            null
        ],
        "graph_compile_cached": [
            5.453,
            5.955,
            5.884,
            5.966,
            6.833,
            6.796,
            5.352,
            5.378,
            5.392,
            5.982,
            6.644,
            7.151
        ],
        "torch.compile": [
            6.62,
            6.71,
            6.78,
            7.38,
            7.86,
            8.04,
            6.76,
            6.63,
            6.66,
            7.45,
            8.21,
            8.59
        ],
        "kv_cache_profiling": [
            2.456999999999999,
            2.455,
            2.555999999999999,
            2.5540000000000003,
            2.8369999999999997,
            2.8640000000000008,
            1.677999999999999,
            1.6920000000000002,
            1.6780000000000008,
            1.8780000000000001,
            1.9759999999999973,
            2.0790000000000006
        ],
        "graph_capturing": [
            1.46,
            1.48,
            1.56,
            1.62,
            1.72,
            1.77,
            1.3,
            1.47,
            1.49,
            1.46,
            1.62,
            1.7
        ],
        "init_engine": [
            16.49,
            17.1,
            17.35,
            18.07,
            19.82,
            20.07,
            15.57,
            15.67,
            15.72,
            17.34,
            19.03,
            20.11
        ],
        "tokenizer_init": [
            0.09,
            0.09,
            0.09,
            0.11,
            0.11,
            0.11,
            0.27,
            0.27,
            0.3,
            0.31,
            0.32,
            0.34
        ],
        "total_time": [
            28.237182999999998,
            29.061563000000003,
            29.597537,
            31.475967999999998,
            33.906368,
            34.749753,
            25.077972,
            25.269648,
            25.564261000000002,
            27.850154,
            30.617841000000002,
            32.015069000000004
        ],
        "actual_total_time": [
            29.084,
            29.933,
            30.536,
            32.416,
            34.892,
            35.769,
            26.116,
            26.327,
            26.626,
            29.009,
            31.841,
            33.246
        ]
    }
}