{
    "labels": [
        "output_model_llama3-3b_max-model-len_16k.txt",
        "output_model_llama3-3b_max-model-len_32k.txt",
        "output_model_llama3-3b_max-model-len_64k.txt",
        "output_model_llama3-3b_max-seq-len-to-capture_1024.txt",
        "output_model_llama3-3b_max-seq-len-to-capture_2048.txt",
        "output_model_llama3-3b_max-seq-len-to-capture_4096.txt",
        "output_model_llama3-3b_offline_serving.txt",
        "output_model_llama3-3b_online-serving.txt"
    ],
    "data": {
        "detect_platform": [
            0.0,
            0.0,
            0.0,
            0.0,
            0.0,
            0.0,
            0.0,
            0.2
        ],
        "llm_imports": [
            1.2,
            1.4,
            1.2,
            1.4,
            1.6,
            1.2,
            2.0,
            1.8
        ],
        "get_model_info": [
            4.8,
            5.0,
            4.8,
            4.6,
            4.8,
            4.8,
            4.8,
            5.0
        ],
        "worker_init": [
            1.8,
            1.6,
            1.2,
            1.4,
            1.6,
            1.6,
            1.6,
            1.0
        ],
        "framework_bootstrap": [
            7.8,
            8.0,
            7.2,
            7.4,
            8.0,
            7.6,
            8.4,
            8.0
        ],
        "load_weights": [
            0.868,
            0.868,
            0.868,
            0.868,
            0.8699999999999999,
            0.868,
            0.8699999999999999,
            0.868
        ],
        "model_init": [
            0.13,
            0.13,
            0.13,
            0.13,
            0.13,
            0.13,
            0.13,
            0.13
        ],
        "model_loading": [
            0.998,
            0.998,
            0.998,
            0.998,
            0.9999999999999999,
            0.998,
            0.9999999999999999,
            0.998
        ],
        "dynamo_transform_time": [
            4.5760000000000005,
            4.548,
            4.606,
            4.602,
            4.608,
            4.618,
            4.59,
            4.396
        ],
        "graph_compile_general_shape": [
            null,
            null,
            null,
            null,
            null,
            null,
            null,
            null
        ],
        "graph_compile_cached": [
            3.912,
            3.9298,
            3.9852,
            3.9762,
            3.9861999999999993,
            3.9682000000000004,
            3.9484000000000004,
            3.0018000000000002
        ],
        "torch.compile": [
            4.5760000000000005,
            4.548,
            4.606,
            4.602,
            4.608,
            4.618,
            4.59,
            4.396
        ],
        "kv_cache_profiling": [
            1.5839999999999996,
            1.5801999999999992,
            1.5787999999999998,
            1.5718,
            1.5818,
            1.5758000000000003,
            1.5696000000000006,
            1.6741999999999997
        ],
        "graph_capturing": [
            1.0239999999999998,
            1.02,
            1.0219999999999998,
            1.02,
            1.02,
            1.018,
            1.018,
            1.042
        ],
        "init_engine": [
            11.096,
            11.078,
            11.192,
            11.17,
            11.195999999999998,
            11.18,
            11.126000000000001,
            10.114
        ],
        "tokenizer_init": [
            0.29,
            0.316,
            0.314,
            0.348,
            0.288,
            0.32,
            0.322,
            0.29
        ],
        "total_time": [
            20.183999999999997,
            20.392,
            19.704,
            19.915999999999997,
            20.483999999999998,
            20.098,
            20.848000000000003,
            19.402
        ],
        "actual_total_time": [
            21.125171199999997,
            21.3282266,
            21.3293638,
            21.530792999999996,
            21.5297314,
            21.1307686,
            21.527482400000004,
            20.303689000000002
        ]
    }
}