{
    "labels": [
        "output_model_llama3-3b_max-model-len_16k.txt",
        "output_model_llama3-3b_max-model-len_32k.txt",
        "output_model_llama3-3b_max-model-len_64k.txt",
        "output_model_llama3-3b_max-seq-len-to-capture_1024.txt",
        "output_model_llama3-3b_max-seq-len-to-capture_2048.txt",
        "output_model_llama3-3b_max-seq-len-to-capture_4096.txt",
        "output_model_llama3-3b_offline_serving.txt",
        "output_model_llama3-3b_online-serving.txt"
    ],
    "data": {
        "load_weights": [
            0.868,
            0.868,
            0.868,
            0.868,
            0.8699999999999999,
            0.868,
            0.8699999999999999,
            0.868
        ],
        "model_init": [
            0.13,
            0.13,
            0.13,
            0.13,
            0.13,
            0.13,
            0.13,
            0.13
        ],
        "model_loading": [
            0.998,
            0.998,
            0.998,
            0.998,
            0.9999999999999999,
            0.998,
            0.9999999999999999,
            0.998
        ],
        "dynamo_transform_time": [
            4.5760000000000005,
            4.548,
            4.606,
            4.602,
            4.608,
            4.618,
            4.59,
            4.396
        ],
        "graph_compile_general_shape": [
            null,
            null,
            null,
            null,
            null,
            null,
            null,
            null
        ],
        "graph_compile_cached": [
            3.912,
            3.9298,
            3.9852,
            3.9762,
            3.9861999999999993,
            3.9682000000000004,
            3.9484000000000004,
            3.0018000000000002
        ],
        "torch.compile": [
            4.5760000000000005,
            4.548,
            4.606,
            4.602,
            4.608,
            4.618,
            4.59,
            4.396
        ],
        "kv_cache_profiling": [
            10.072,
            10.058,
            10.17,
            10.15,
            10.175999999999998,
            10.162,
            10.108,
            9.072
        ],
        "graph_capturing": [
            1.0239999999999998,
            1.02,
            1.0219999999999998,
            1.02,
            1.02,
            1.018,
            1.018,
            1.042
        ],
        "init_engine": [
            11.095999999999998,
            11.078,
            11.192,
            11.17,
            11.195999999999998,
            11.180000000000001,
            11.126000000000001,
            10.113999999999999
        ],
        "tokenizer_init": [
            0.29,
            0.316,
            0.314,
            0.348,
            0.288,
            0.32,
            0.322,
            0.29
        ],
        "total_time": [
            12.383999999999997,
            12.392,
            12.504,
            12.516,
            12.483999999999998,
            12.498000000000001,
            12.448,
            11.401999999999997
        ],
        "actual_total_time": [
            19.8951712,
            19.866226599999997,
            19.9833638,
            19.962792999999998,
            20.005731399999995,
            19.9887686,
            19.9294824,
            20.303689
        ]
    }
}