{
    "labels": [
        "output_model_falcon-7b.txt",
        "output_model_llama2-13b-hf.txt",
        "output_model_llama2-7b-hf.txt",
        "output_model_llama3-3b.txt",
        "output_model_qwen-0.5b.txt",
        "output_model_qwen-14b.txt",
        "output_model_qwen-1.8b.txt",
        "output_model_qwen-4b.txt",
        "output_model_qwen-7b.txt",
        "output_model_yi-6b.txt",
        "output_model_yi-9b.txt"
    ],
    "data": {
        "detect_platform": [
            0.016,
            0.015,
            0.018,
            0.016,
            0.015,
            0.017,
            0.016,
            0.016,
            0.016,
            0.015,
            0.016
        ],
        "llm_imports": [
            1.39,
            1.395,
            1.583,
            1.403,
            1.388,
            1.581,
            1.389,
            1.38,
            1.397,
            1.393,
            1.386
        ],
        "get_model_info": [
            4.886,
            4.888,
            4.958,
            4.932,
            4.866,
            5.009,
            4.875,
            4.874,
            4.868,
            4.922,
            4.878
        ],
        "worker_init": [
            1.713,
            1.694,
            1.762,
            1.723,
            1.706,
            1.76,
            1.716,
            1.717,
            1.721,
            1.729,
            1.701
        ],
        "framework_bootstrap": [
            8.004999999999999,
            7.992,
            8.321,
            8.074000000000002,
            7.975,
            8.367,
            7.996,
            7.987,
            8.002,
            8.059000000000001,
            7.981
        ],
        "load_weights": [
            24.47,
            47.77,
            24.75,
            11.81,
            1.71,
            52.0,
            6.74,
            14.51,
            28.34,
            22.22,
            32.41
        ],
        "model_init": [
            0.12,
            0.13,
            0.12,
            0.14,
            0.1,
            0.14,
            0.11,
            0.13,
            0.12,
            0.12,
            0.14
        ],
        "model_loading": [
            24.595287,
            47.903755,
            24.880962,
            11.948297,
            1.813439,
            52.140053,
            6.853397,
            14.639379,
            28.46007,
            22.343924,
            32.552028
        ],
        "dynamo_transform_time": [
            4.76,
            6.86,
            6.47,
            4.79,
            4.3,
            6.98,
            4.29,
            6.95,
            6.55,
            5.63,
            7.95
        ],
        "graph_compile_general_shape": [
            null,
            null,
            null,
            null,
            null,
            null,
            null,
            null,
            null,
            null,
            null
        ],
        "graph_compile_cached": [
            4.373,
            5.898,
            4.574,
            4.261,
            3.361,
            5.918,
            3.447,
            5.741,
            4.575,
            4.824,
            7.248
        ],
        "torch.compile": [
            4.76,
            6.86,
            6.47,
            4.79,
            4.3,
            6.98,
            4.29,
            6.95,
            6.55,
            5.63,
            7.95
        ],
        "kv_cache_profiling": [
            2.4170000000000016,
            2.6020000000000003,
            1.686,
            1.6989999999999998,
            1.5790000000000006,
            2.622,
            1.6129999999999995,
            1.8290000000000006,
            1.6449999999999996,
            1.5859999999999985,
            2.0919999999999987
        ],
        "graph_capturing": [
            1.18,
            1.5,
            1.14,
            1.05,
            0.94,
            1.54,
            0.94,
            1.33,
            1.16,
            1.16,
            1.52
        ],
        "init_engine": [
            13.19,
            17.34,
            14.33,
            12.25,
            10.63,
            17.54,
            10.73,
            16.32,
            14.4,
            13.66,
            19.3
        ],
        "tokenizer_init": [
            0.13,
            0.09,
            0.09,
            0.3,
            0.27,
            0.26,
            0.26,
            0.27,
            0.27,
            0.17,
            0.16
        ],
        "total_time": [
            45.920286999999995,
            73.325755,
            47.621962,
            32.572297,
            20.688439,
            78.30705300000001,
            25.839397,
            39.216379,
            51.132070000000006,
            44.232924000000004,
            59.993027999999995
        ],
        "actual_total_time": [
            47.6,
            74.168,
            48.45,
            33.626,
            21.695,
            79.299,
            26.863,
            40.213,
            52.137,
            45.165,
            60.923
        ]
    }
}