{
    "labels": [
        "output_model_falcon-7b_load-format_runai_streamer.txt",
        "output_model_falcon-7b_load-format_safetensors.txt",
        "output_model_falcon-7b-tensorized_load-format_tensorizer.txt",
        "output_model_llama2-13b-hf_load-format_runai_streamer.txt",
        "output_model_llama2-13b-hf_load-format_safetensors.txt",
        "output_model_llama2-13b-hf-tensorized_load-format_tensorizer.txt",
        "output_model_llama2-7b-hf_load-format_runai_streamer.txt",
        "output_model_llama2-7b-hf_load-format_safetensors.txt",
        "output_model_llama2-7b-hf-tensorized_load-format_tensorizer.txt",
        "output_model_yi-6b_load-format_runai_streamer.txt",
        "output_model_yi-6b_load-format_safetensors.txt",
        "output_model_yi-6b-tensorized_load-format_tensorizer.txt"
    ],
    "data": {
        "detect_platform": [
            0.015,
            0.016,
            0.015,
            0.016,
            0.015,
            0.015,
            0.016,
            0.016,
            0.016,
            0.016,
            0.016,
            0.016
        ],
        "llm_imports": [
            1.458,
            1.454,
            1.469,
            1.487,
            1.46,
            1.478,
            1.46,
            1.468,
            1.462,
            1.466,
            1.453,
            1.459
        ],
        "get_model_info": [
            5.469,
            5.407,
            5.408,
            5.407,
            5.412,
            5.426,
            5.468,
            5.395,
            5.474,
            5.406,
            5.483,
            5.394
        ],
        "worker_init": [
            2.315,
            2.315,
            1.343,
            2.319,
            2.323,
            1.343,
            2.317,
            2.308,
            1.343,
            2.328,
            2.305,
            1.346
        ],
        "framework_bootstrap": [
            9.257,
            9.192,
            8.235,
            9.229,
            9.209999999999999,
            8.262,
            9.261,
            9.187,
            8.295,
            9.216,
            9.257,
            8.215
        ],
        "load_weights": [
            1.104806,
            1.76,
            1.8600949999999998,
            1.9146479999999997,
            3.16,
            2.9640210000000002,
            1.003441,
            1.71,
            1.6586910000000001,
            0.86981,
            1.48,
            1.617616
        ],
        "model_init": [
            0.13,
            0.13,
            0.13,
            0.14,
            0.14,
            0.15,
            0.13,
            0.13,
            0.14,
            0.13,
            0.13,
            0.14
        ],
        "model_loading": [
            1.234806,
            1.893908,
            1.990095,
            2.054648,
            3.306281,
            3.114021,
            1.133441,
            1.842221,
            1.798691,
            0.99981,
            1.609892,
            1.757616
        ],
        "dynamo_transform_time": [
            4.85,
            4.86,
            4.87,
            6.72,
            6.58,
            6.66,
            5.44,
            5.44,
            5.44,
            5.51,
            5.35,
            5.43
        ],
        "graph_compile_general_shape": [
            null,
            null,
            null,
            null,
            null,
            null,
            null,
            null,
            null,
            null,
            null,
            null
        ],
        "graph_compile_cached": [
            4.767,
            4.778,
            4.785,
            6.022,
            5.814,
            5.925,
            4.534,
            4.569,
            4.615,
            4.944,
            4.784,
            4.875
        ],
        "torch.compile": [
            4.85,
            4.86,
            4.87,
            6.72,
            6.58,
            6.66,
            5.44,
            5.44,
            5.44,
            5.51,
            5.35,
            5.43
        ],
        "kv_cache_profiling": [
            2.2329999999999988,
            2.2319999999999993,
            2.214999999999998,
            2.968,
            2.975999999999999,
            2.9849999999999994,
            1.9860000000000007,
            1.971,
            1.9749999999999996,
            1.9459999999999997,
            1.9459999999999997,
            1.9450000000000003
        ],
        "graph_capturing": [
            1.23,
            1.23,
            1.21,
            1.55,
            1.55,
            1.54,
            1.19,
            1.19,
            1.18,
            1.21,
            1.21,
            1.2
        ],
        "init_engine": [
            13.62,
            13.63,
            13.62,
            17.83,
            17.49,
            17.68,
            13.7,
            13.7,
            13.76,
            14.16,
            13.84,
            13.99
        ],
        "tokenizer_init": [
            0.12,
            0.12,
            0.12,
            0.09,
            0.08,
            0.08,
            0.08,
            0.08,
            0.08,
            0.16,
            0.16,
            0.15
        ],
        "total_time": [
            24.231806000000002,
            24.835908,
            23.965095,
            29.203647999999998,
            30.086280999999996,
            29.136021,
            24.174440999999995,
            24.809220999999997,
            23.933690999999996,
            24.53581,
            24.866892,
            24.112616
        ],
        "actual_total_time": [
            26.096,
            26.714,
            26.863,
            30.141,
            31.052,
            31.157,
            25.144,
            25.772,
            25.953,
            25.583,
            25.942,
            26.208
        ]
    }
}