{
    "labels": [
        "output_model_falcon-7b_load-format_runai_streamer.txt",
        "output_model_falcon-7b_load-format_safetensors.txt",
        "output_model_falcon-7b-tensorized_load-format_tensorizer.txt",
        "output_model_llama2-13b-hf_load-format_runai_streamer.txt",
        "output_model_llama2-13b-hf_load-format_safetensors.txt",
        "output_model_llama2-13b-hf-tensorized_load-format_tensorizer.txt",
        "output_model_llama2-7b-hf_load-format_runai_streamer.txt",
        "output_model_llama2-7b-hf_load-format_safetensors.txt",
        "output_model_llama2-7b-hf-tensorized_load-format_tensorizer.txt",
        "output_model_yi-6b_load-format_runai_streamer.txt",
        "output_model_yi-6b_load-format_safetensors.txt",
        "output_model_yi-6b-tensorized_load-format_tensorizer.txt"
    ],
    "data": {
        "detect_platform": [
            0.016,
            0.016,
            0.015,
            0.015,
            0.016,
            0.015,
            0.016,
            0.016,
            0.016,
            0.016,
            0.016,
            0.015
        ],
        "llm_imports": [
            1.473,
            1.465,
            1.449,
            1.46,
            1.472,
            1.477,
            1.477,
            1.472,
            1.471,
            1.479,
            1.478,
            1.459
        ],
        "get_model_info": [
            5.467,
            5.409,
            5.421,
            5.433,
            5.45,
            5.415,
            5.438,
            5.411,
            5.414,
            5.399,
            5.391,
            5.419
        ],
        "worker_init": [
            2.333,
            2.332,
            1.337,
            2.306,
            2.333,
            1.341,
            2.338,
            2.307,
            1.33,
            2.335,
            2.302,
            1.338
        ],
        "framework_bootstrap": [
            9.289,
            9.222,
            8.222,
            9.213999999999999,
            9.271,
            8.248,
            9.269,
            9.206,
            8.231,
            9.229,
            9.187,
            8.231
        ],
        "load_weights": [
            1.1322169999999998,
            1.76,
            1.805694,
            1.8717859999999997,
            3.14,
            2.954916,
            0.984331,
            1.71,
            1.4520119999999999,
            0.8785360000000001,
            1.48,
            1.6342400000000001
        ],
        "model_init": [
            0.13,
            0.13,
            0.13,
            0.14,
            0.14,
            0.15,
            0.13,
            0.13,
            0.13,
            0.13,
            0.13,
            0.13
        ],
        "model_loading": [
            1.262217,
            1.893594,
            1.935694,
            2.011786,
            3.280908,
            3.104916,
            1.114331,
            1.842346,
            1.582012,
            1.008536,
            1.611338,
            1.76424
        ],
        "dynamo_transform_time": [
            4.91,
            4.81,
            4.78,
            6.78,
            6.6,
            6.81,
            5.53,
            5.5,
            5.43,
            5.45,
            5.4,
            5.45
        ],
        "graph_compile_general_shape": [
            null,
            null,
            null,
            null,
            null,
            null,
            null,
            null,
            null,
            null,
            null,
            null
        ],
        "graph_compile_cached": [
            4.703,
            4.676,
            4.662,
            6.024,
            5.9,
            5.996,
            4.696,
            4.603,
            4.578,
            4.866,
            4.843,
            4.889
        ],
        "torch.compile": [
            4.91,
            4.81,
            4.78,
            6.78,
            6.6,
            6.81,
            5.53,
            5.5,
            5.43,
            5.45,
            5.4,
            5.45
        ],
        "kv_cache_profiling": [
            2.237,
            2.2139999999999986,
            2.218,
            2.9659999999999993,
            2.960000000000001,
            3.0039999999999996,
            1.9740000000000002,
            1.987,
            1.9520000000000017,
            1.934000000000001,
            1.9369999999999994,
            1.940999999999999
        ],
        "graph_capturing": [
            1.24,
            1.23,
            1.22,
            1.55,
            1.54,
            1.54,
            1.19,
            1.19,
            1.17,
            1.21,
            1.21,
            1.2
        ],
        "init_engine": [
            13.63,
            13.46,
            13.41,
            17.88,
            17.55,
            17.91,
            13.94,
            13.82,
            13.67,
            14.0,
            13.94,
            14.02
        ],
        "tokenizer_init": [
            0.13,
            0.13,
            0.12,
            0.09,
            0.09,
            0.08,
            0.08,
            0.09,
            0.09,
            0.16,
            0.16,
            0.15
        ],
        "total_time": [
            24.311217,
            24.705594,
            23.687694,
            29.195786,
            30.191908,
            29.342915999999995,
            24.403330999999998,
            24.958346,
            23.573012000000002,
            24.397536,
            24.898338,
            24.165239999999997
        ],
        "actual_total_time": [
            26.167,
            26.573,
            26.578,
            30.149,
            31.136,
            31.37,
            25.373,
            25.921,
            25.558,
            25.448,
            25.945,
            26.249
        ]
    }
}