{
    "labels": [
        "output_model_llama2-7b-hf_cuda-graph-sizes_1024.txt",
        "output_model_llama2-7b-hf_cuda-graph-sizes_128.txt",
        "output_model_llama2-7b-hf_cuda-graph-sizes_1.txt",
        "output_model_llama2-7b-hf_cuda-graph-sizes_256.txt",
        "output_model_llama2-7b-hf_cuda-graph-sizes_32.txt",
        "output_model_llama2-7b-hf_cuda-graph-sizes_512.txt",
        "output_model_llama2-7b-hf_cuda-graph-sizes_8.txt",
        "output_model_qwen-1.8b_cuda-graph-sizes_1024.txt",
        "output_model_qwen-1.8b_cuda-graph-sizes_128.txt",
        "output_model_qwen-1.8b_cuda-graph-sizes_1.txt",
        "output_model_qwen-1.8b_cuda-graph-sizes_256.txt",
        "output_model_qwen-1.8b_cuda-graph-sizes_32.txt",
        "output_model_qwen-1.8b_cuda-graph-sizes_512.txt",
        "output_model_qwen-1.8b_cuda-graph-sizes_8.txt"
    ],
    "data": {
        "detect_platform": [
            0.2,
            0.0,
            0.0,
            0.0,
            0.0,
            0.2,
            0.0,
            0.0,
            0.0,
            0.0,
            0.0,
            0.2,
            0.2,
            0.0
        ],
        "llm_imports": [
            1.6,
            1.8,
            1.8,
            2.0,
            1.4,
            1.6,
            1.4,
            1.8,
            1.8,
            2.0,
            1.8,
            1.6,
            1.8,
            1.4
        ],
        "get_model_info": [
            6.4,
            6.4,
            6.4,
            6.6,
            6.8,
            6.6,
            6.6,
            6.6,
            6.6,
            6.8,
            6.8,
            6.6,
            6.6,
            6.6
        ],
        "worker_init": [
            2.0,
            2.0,
            1.6,
            1.8,
            1.8,
            1.8,
            2.0,
            1.8,
            1.8,
            1.6,
            1.4,
            1.8,
            1.6,
            1.8
        ],
        "framework_bootstrap": [
            10.200000000000001,
            10.200000000000001,
            9.8,
            10.4,
            10.0,
            10.200000000000001,
            10.0,
            10.200000000000001,
            10.200000000000001,
            10.4,
            10.0,
            10.200000000000001,
            10.2,
            9.8
        ],
        "load_weights": [
            7.482000000000001,
            7.474000000000001,
            7.5040000000000004,
            7.4799999999999995,
            7.459999999999999,
            7.4159999999999995,
            7.422,
            2.088,
            2.104,
            2.096,
            2.0940000000000003,
            2.104,
            2.106,
            2.106
        ],
        "model_init": [
            0.20600000000000002,
            0.20800000000000002,
            0.21200000000000002,
            0.21000000000000002,
            0.20600000000000002,
            0.21200000000000002,
            0.20600000000000002,
            0.186,
            0.188,
            0.19,
            0.19,
            0.188,
            0.188,
            0.188
        ],
        "model_loading": [
            7.6880000000000015,
            7.682000000000001,
            7.716,
            7.6899999999999995,
            7.6659999999999995,
            7.627999999999999,
            7.628,
            2.274,
            2.2920000000000003,
            2.286,
            2.2840000000000003,
            2.2920000000000003,
            2.294,
            2.294
        ],
        "dynamo_transform_time": [
            8.276,
            8.254000000000001,
            8.342,
            8.226,
            8.303999999999998,
            8.318000000000001,
            8.254,
            6.708,
            6.767999999999999,
            6.775999999999999,
            6.736,
            6.790000000000001,
            6.726000000000001,
            6.773999999999999
        ],
        "graph_compile_general_shape": [
            null,
            null,
            null,
            null,
            null,
            null,
            null,
            null,
            null,
            null,
            null,
            null,
            null,
            null
        ],
        "graph_compile_cached": [
            7.4323999999999995,
            7.3018,
            7.4574,
            7.381,
            7.1684,
            7.497400000000001,
            7.5242,
            5.8027999999999995,
            5.897799999999999,
            5.901400000000001,
            5.792999999999999,
            5.9361999999999995,
            5.732799999999999,
            5.861199999999999
        ],
        "torch.compile": [
            8.276,
            8.254000000000001,
            8.342,
            8.226,
            8.303999999999998,
            8.318000000000001,
            8.254,
            6.708,
            6.767999999999999,
            6.775999999999999,
            6.736,
            6.790000000000001,
            6.726000000000001,
            6.773999999999999
        ],
        "kv_cache_profiling": [
            2.2295999999999996,
            2.2461999999999995,
            2.264600000000001,
            2.2649999999999992,
            2.2336,
            2.2645999999999993,
            2.2318,
            1.8112000000000001,
            1.8142,
            1.8185999999999996,
            1.8050000000000004,
            1.8198,
            1.8071999999999995,
            1.8248000000000004
        ],
        "graph_capturing": [
            7.624,
            0.826,
            0.34600000000000003,
            1.386,
            0.454,
            2.916,
            0.36199999999999993,
            3.4599999999999995,
            0.638,
            0.334,
            0.97,
            0.40800000000000003,
            1.714,
            0.352
        ],
        "init_engine": [
            25.561999999999998,
            18.628,
            18.410000000000004,
            19.258,
            18.16,
            20.996000000000002,
            18.372,
            17.782,
            15.117999999999999,
            14.829999999999998,
            15.303999999999998,
            14.954,
            15.98,
            14.812
        ],
        "tokenizer_init": [
            0.13,
            0.13,
            0.13,
            0.13,
            0.134,
            0.13,
            0.132,
            0.386,
            0.3960000000000001,
            0.386,
            0.38599999999999995,
            0.392,
            0.38800000000000007,
            0.384
        ],
        "total_time": [
            43.580000000000005,
            36.64000000000001,
            36.056000000000004,
            37.478,
            35.96,
            38.954,
            36.132,
            30.642,
            28.006,
            27.901999999999997,
            27.974,
            27.838,
            28.862000000000002,
            27.29
        ],
        "actual_total_time": [
            50.9525272,
            43.939612600000004,
            43.340577599999996,
            44.3502584,
            43.5525002,
            46.1482764,
            43.94908219999999,
            37.9643182,
            35.759822,
            34.7729588,
            35.7772278,
            35.1679262,
            36.572806,
            35.176398999999996
        ]
    }
}