{
    "labels": [
        "output_model_llama2-7b-hf_cuda-graph-sizes_1.txt",
        "output_model_llama2-7b-hf_cuda-graph-sizes_1024.txt",
        "output_model_llama2-7b-hf_cuda-graph-sizes_128.txt",
        "output_model_llama2-7b-hf_cuda-graph-sizes_256.txt",
        "output_model_llama2-7b-hf_cuda-graph-sizes_32.txt",
        "output_model_llama2-7b-hf_cuda-graph-sizes_512.txt",
        "output_model_llama2-7b-hf_cuda-graph-sizes_8.txt",
        "output_model_qwen-1.8b_cuda-graph-sizes_1.txt",
        "output_model_qwen-1.8b_cuda-graph-sizes_1024.txt",
        "output_model_qwen-1.8b_cuda-graph-sizes_128.txt",
        "output_model_qwen-1.8b_cuda-graph-sizes_256.txt",
        "output_model_qwen-1.8b_cuda-graph-sizes_32.txt",
        "output_model_qwen-1.8b_cuda-graph-sizes_512.txt",
        "output_model_qwen-1.8b_cuda-graph-sizes_8.txt"
    ],
    "data": {
        "load_weights": [
            7.5040000000000004,
            7.482000000000001,
            7.474000000000001,
            7.4799999999999995,
            7.459999999999999,
            7.4159999999999995,
            7.422,
            2.096,
            2.088,
            2.104,
            2.0940000000000003,
            2.104,
            2.106,
            2.106
        ],
        "model_init": [
            0.21200000000000002,
            0.20600000000000002,
            0.20800000000000002,
            0.21000000000000002,
            0.20600000000000002,
            0.21200000000000002,
            0.20600000000000002,
            0.19,
            0.186,
            0.188,
            0.19,
            0.188,
            0.188,
            0.188
        ],
        "model_loading": [
            7.7234224,
            7.6934728,
            7.688387400000001,
            7.6957416,
            7.671499799999999,
            7.6357236,
            7.6329177999999995,
            2.2950412,
            2.2796818,
            2.298178,
            2.2887722,
            2.2980738,
            2.299194,
            2.299601
        ],
        "dynamo_transform_time": [
            8.342,
            8.276,
            8.254000000000001,
            8.226,
            8.303999999999998,
            8.318000000000001,
            8.254,
            6.775999999999999,
            6.708,
            6.767999999999999,
            6.736,
            6.790000000000001,
            6.726000000000001,
            6.773999999999999
        ],
        "graph_compile_general_shape": [
            null,
            null,
            null,
            null,
            null,
            null,
            null,
            null,
            null,
            null,
            null,
            null,
            null,
            null
        ],
        "graph_compile_cached": [
            7.4574,
            7.4323999999999995,
            7.3018,
            7.381,
            7.1684,
            7.497400000000001,
            7.5242,
            5.901400000000001,
            5.8027999999999995,
            5.897799999999999,
            5.792999999999999,
            5.9361999999999995,
            5.732799999999999,
            5.861199999999999
        ],
        "torch.compile": [
            8.342,
            8.276,
            8.254000000000001,
            8.226,
            8.303999999999998,
            8.318000000000001,
            8.254,
            6.775999999999999,
            6.708,
            6.767999999999999,
            6.736,
            6.790000000000001,
            6.726000000000001,
            6.773999999999999
        ],
        "kv_cache_profiling": [
            18.064,
            17.938,
            17.802,
            17.872,
            17.706,
            18.080000000000002,
            18.009999999999998,
            14.496,
            14.322,
            14.48,
            14.334,
            14.546000000000001,
            14.266,
            14.460000000000003
        ],
        "graph_capturing": [
            0.34600000000000003,
            7.624,
            0.826,
            1.386,
            0.454,
            2.916,
            0.36199999999999993,
            0.334,
            3.4599999999999995,
            0.638,
            0.97,
            0.40800000000000003,
            1.714,
            0.352
        ],
        "init_engine": [
            18.862000000000002,
            26.003999999999998,
            19.082,
            19.701999999999998,
            18.601999999999997,
            21.439999999999998,
            18.818,
            15.248,
            18.212,
            15.552000000000001,
            15.722,
            15.38,
            16.401999999999997,
            15.23
        ],
        "tokenizer_init": [
            0.13,
            0.13,
            0.13,
            0.13,
            0.134,
            0.13,
            0.132,
            0.386,
            0.386,
            0.3960000000000001,
            0.38599999999999995,
            0.392,
            0.38800000000000007,
            0.384
        ],
        "total_time": [
            26.7154224,
            33.8274728,
            26.9003874,
            27.527741600000002,
            26.4074998,
            29.2057236,
            26.582917799999997,
            17.9290412,
            20.877681799999998,
            18.246178000000004,
            18.396772199999997,
            18.070073800000003,
            19.089194,
            17.913601
        ],
        "actual_total_time": [
            41.458,
            48.556,
            41.69799999999999,
            42.35600000000001,
            41.244,
            43.93599999999999,
            41.446,
            32.790000000000006,
            35.766,
            33.21,
            33.474000000000004,
            33.07000000000001,
            34.006,
            32.88
        ]
    },
    "data_variance": {
        "load_weights": [
            0.008104000000000023,
            0.005016000000000005,
            0.0026640000000000223,
            0.007240000000000001,
            0.000680000000000003,
            0.0010640000000000046,
            0.005775999999999984,
            0.00046399999999999946,
            0.0002959999999999984,
            0.0013039999999999979,
            0.0005440000000000013,
            0.0010640000000000063,
            0.00034400000000000316,
            0.0003439999999999995
        ],
        "model_init": [
            5.599999999999997e-05,
            2.399999999999991e-05,
            5.599999999999993e-05,
            3.999999999999996e-05,
            2.399999999999991e-05,
            0.00021599999999999978,
            2.399999999999991e-05,
            0.0,
            2.4000000000000048e-05,
            1.6000000000000026e-05,
            0.0,
            5.60000000000001e-05,
            1.600000000000003e-05,
            1.6000000000000026e-05
        ],
        "model_loading": [
            0.007943113784239963,
            0.00473324610335998,
            0.0032763590830400006,
            0.008051591787440027,
            0.0008070132389600053,
            0.0016197644862400128,
            0.006237717396159999,
            0.00047424436656000205,
            0.00034309378216000185,
            0.0017139041339999945,
            0.0004894427205600016,
            0.0015255934589600017,
            0.00033686972519999874,
            0.00040303262760000083
        ],
        "dynamo_transform_time": [
            0.002456000000000025,
            0.005383999999999978,
            0.0029839999999999936,
            0.006743999999999931,
            0.0055440000000000255,
            0.006535999999999978,
            0.008984000000000093,
            0.001504000000000004,
            0.001336,
            0.0023759999999999853,
            0.013263999999999974,
            0.0020399999999999837,
            0.007464000000000008,
            0.00222399999999999
        ],