{
    "labels": [
        "output_model_falcon-7b.txt",
        "output_model_llama2-13b-hf.txt",
        "output_model_llama2-7b-hf.txt",
        "output_model_llama3-3b.txt",
        "output_model_qwen-0.5b.txt",
        "output_model_qwen-14b.txt",
        "output_model_qwen-1.8b.txt",
        "output_model_qwen-4b.txt",
        "output_model_qwen-7b.txt",
        "output_model_yi-6b.txt",
        "output_model_yi-9b.txt"
    ],
    "data": {
        "detect_platfrom": [
            0.35459999999999997,
            0.39059999999999995,
            0.34120000000000006,
            0.40840000000000004,
            0.4104,
            0.37899999999999995,
            0.4122,
            0.4084,
            0.40779999999999994,
            0.4786,
            0.39740000000000003
        ],
        "llm_imports": [
            1.2765999999999997,
            1.2828000000000002,
            1.4018000000000002,
            1.3028,
            1.334,
            1.3222,
            1.2906,
            1.3302,
            1.3326,
            1.2766,
            1.2650000000000001
        ],
        "get_model_info": [
            6.7914,
            6.627799999999999,
            6.682600000000001,
            6.6462,
            6.828,
            6.8116,
            6.828399999999999,
            6.8334,
            6.916200000000001,
            7.5611999999999995,
            6.8192
        ],
        "worker_init": [
            2.1971999999999996,
            2.1399999999999997,
            2.1952,
            2.2818,
            2.2584000000000004,
            2.2342,
            2.2443999999999997,
            2.1912000000000003,
            2.2116,
            2.1713999999999998,
            2.1719999999999997
        ],
        "framework_bootstrap": [
            10.619799999999998,
            10.441199999999998,
            10.620800000000001,
            10.6392,
            10.8308,
            10.747,
            10.775599999999997,
            10.7632,
            10.868200000000002,
            11.4878,
            10.6536
        ],
        "load_weights": [
            2.202,
            3.8299999999999996,
            2.064,
            1.044,
            0.156,
            4.546,
            0.6040000000000001,
            1.13,
            2.1740000000000004,
            1.834,
            2.478
        ],
        "model_init": [
            0.1,
            0.11000000000000001,
            0.10600000000000001,
            0.12,
            0.09,
            0.11000000000000001,
            0.1,
            0.13,
            0.10600000000000001,
            0.10400000000000001,
            0.12
        ],
        "model_loading": [
            2.302,
            3.9399999999999995,
            2.17,
            1.1640000000000001,
            0.246,
            4.656000000000001,
            0.7040000000000001,
            1.2599999999999998,
            2.2800000000000002,
            1.9380000000000002,
            2.5980000000000003
        ],
        "dynamo_transform_time": [
            3.836,
            5.36,
            4.444,
            3.78,
            3.402,
            5.51,
            3.3900000000000006,
            5.468,
            4.537999999999999,
            4.442,
            6.292
        ],
        "graph_compile_general_shape": [
            null,
            null,
            null,
            null,
            null,
            null,
            null,
            null,
            null,
            null,
            null
        ],
        "graph_compile_cached": [
            3.3129999999999997,
            4.4972,
            3.5212000000000003,
            3.2294000000000005,
            2.572,
            4.574,
            2.6048,
            4.425600000000001,
            3.5211999999999994,
            3.6338,
            5.4766
        ],
        "torch.compile": [
            3.836,
            5.36,
            4.444,
            3.78,
            3.402,
            5.51,
            3.3900000000000006,
            5.468,
            4.537999999999999,
            4.442,
            6.292
        ],
        "kv_cache_profiling": [
            1.999,
            2.2347999999999995,
            1.2307999999999997,
            1.2806000000000002,
            1.194,
            2.1879999999999993,
            1.2092,
            1.4023999999999996,
            1.2068,
            1.1782000000000006,
            1.8494
        ],
        "graph_capturing": [
            1.168,
            1.446,
            1.082,
            0.9620000000000001,
            0.85,
            1.482,
            0.9560000000000001,
            1.272,
            1.1119999999999999,
            1.1,
            1.4259999999999997
        ],
        "init_engine": [
            10.315999999999999,
            13.538,
            10.277999999999999,
            9.252,
            8.018,
            13.753999999999998,
            8.16,
            12.568000000000001,
            10.378,
            10.354000000000001,
            15.044
        ],
        "tokenizer_init": [
            0.392,
            0.332,
            0.35,
            0.518,
            0.4779999999999999,
            0.514,
            0.48200000000000004,
            0.522,
            0.48599999999999993,
            0.41000000000000003,
            0.41600000000000004
        ],
        "total_time": [
            23.629799999999996,
            28.251199999999997,
            23.4188,
            21.5732,
            19.5728,
            29.670999999999996,
            20.121599999999997,
            25.1132,
            24.012200000000004,
            24.1898,
            28.7116
        ],
        "actual_total_time": [
            25.152541999999997,
            29.270311,
            24.3652502,
            22.7184882,
            20.663689400000003,
            30.796583999999996,
            21.2291326,
            26.1996498,
            25.1659872,
            25.228088200000002,
            29.8129282
        ]
    }
}