{
    "labels": [
        "output_model_falcon-7b.txt",
        "output_model_llama2-13b-hf.txt",
        "output_model_llama2-7b-hf.txt",
        "output_model_llama3-3b.txt",
        "output_model_qwen-0.5b.txt",
        "output_model_qwen-14b.txt",
        "output_model_qwen-1.8b.txt",
        "output_model_qwen-4b.txt",
        "output_model_qwen-7b.txt",
        "output_model_yi-6b.txt",
        "output_model_yi-9b.txt"
    ],
    "data": {
        "detect_platfrom": [
            1.0,
            0.0,
            0.0,
            0.0,
            0.0,
            1.0,
            1.0,
            1.0,
            0.0,
            0.0,
            1.0
        ],
        "llm_imports": [
            1.0,
            1.0,
            2.0,
            1.0,
            2.0,
            1.0,
            1.0,
            1.0,
            2.0,
            2.0,
            1.0
        ],
        "get_model_info": [
            8.0,
            7.0,
            7.0,
            7.0,
            7.0,
            7.0,
            7.0,
            7.0,
            7.0,
            7.0,
            7.0
        ],
        "worker_init": [
            3.0,
            2.0,
            2.0,
            2.0,
            3.0,
            2.0,
            3.0,
            2.0,
            3.0,
            2.0,
            2.0
        ],
        "framework_bootstrap": [
            13.0,
            10.0,
            11.0,
            10.0,
            12.0,
            11.0,
            12.0,
            11.0,
            12.0,
            11.0,
            11.0
        ],
        "load_weights": [
            3.6,
            6.13,
            3.03,
            1.6,
            0.23,
            6.07,
            0.92,
            1.75,
            3.3,
            2.59,
            3.74
        ],
        "model_init": [
            0.14,
            0.12,
            0.1,
            0.14,
            0.09,
            0.11,
            0.26,
            0.12,
            0.11,
            0.11,
            0.12
        ],
        "model_loading": [
            4.292973,
            6.85023,
            3.689834,
            2.275404,
            1.068228,
            6.723579,
            1.767151,
            2.42337,
            3.950254,
            3.241703,
            5.210879
        ],
        "dynamo_transform_time": [
            4.11,
            5.35,
            4.44,
            3.81,
            3.39,
            5.33,
            3.38,
            5.53,
            4.52,
            4.4,
            6.29
        ],
        "graph_compile_general_shape": [
            null,
            null,
            null,
            null,
            null,
            null,
            null,
            null,
            null,
            null,
            null
        ],
        "graph_compile_cached": [
            3.167,
            4.57,
            3.565,
            3.125,
            2.648,
            4.544,
            2.663,
            4.61,
            3.59,
            3.441,
            5.482
        ],
        "torch.compile": [
            4.11,
            5.35,
            4.44,
            3.81,
            3.39,
            5.33,
            3.38,
            5.53,
            4.52,
            4.4,
            6.29
        ],
        "kv_cache_profiling": [
            9.58,
            12.24,
            9.29,
            8.32,
            7.15,
            12.16,
            7.31,
            11.55,
            9.29,
            9.0,
            13.58
        ],
        "graph_capturing": [
            1.24,
            1.5,
            0.95,
            1.04,
            0.97,
            1.49,
            0.98,
            1.31,
            1.15,
            1.16,
            1.45
        ],
        "init_engine": [
            11.08,
            14.01,
            10.64,
            9.57,
            8.34,
            13.88,
            8.5,
            13.1,
            10.67,
            10.42,
            15.27
        ],
        "tokenizer_init": [
            0.38,
            0.38,
            0.33,
            0.51,
            0.48,
            0.49,
            0.49,
            0.52,
            0.49,
            0.41,
            0.41
        ],
        "total_time": [
            28.752973,
            31.24023,
            25.659833999999996,
            22.355404000000004,
            21.888228,
            32.093579000000005,
            22.757150999999997,
            27.04337,
            27.110254,
            25.071703,
            31.890878999999998
        ],
        "actual_total_time": [
            29.0,
            33.0,
            26.0,
            24.0,
            22.0,
            34.0,
            24.0,
            29.0,
            28.0,
            26.0,
            34.0
        ]
    }
}