{
    "labels": [
        "output_model_deepseek-v2-lite-16b.txt",
        "output_model_gpt-oss-20b_cuda-graph-sizes_1_2_4_8_16_24_32_40_48_56_64_72_80_88_96_104_112_120_128_136_144_152_160_168_176_184_192_200_208_216_224_232_240_248_256.txt",
        "output_model_llama2-13b-hf.txt",
        "output_model_llama2-7b-hf.txt",
        "output_model_llama3-3b.txt",
        "output_model_qwen-14.3b.txt",
        "output_model_qwen-14b.txt",
        "output_model_qwen-4b.txt",
        "output_model_yi-6b.txt",
        "output_model_yi-9b.txt"
    ],
    "data": {
        "detect_platform": [
            0.017,
            0.017,
            0.017,
            0.016,
            0.016,
            0.016,
            0.016,
            0.017,
            0.016,
            0.017
        ],
        "llm_imports": [
            1.405,
            1.434,
            1.422,
            1.435,
            1.428,
            1.42,
            1.393,
            1.42,
            1.426,
            1.419
        ],
        "get_model_info": [
            5.302,
            8.278,
            5.279,
            5.316,
            5.279,
            5.285,
            5.268,
            5.312,
            5.298,
            5.275
        ],
        "worker_init": [
            2.047,
            1.116,
            2.045,
            2.012,
            2.059,
            2.027,
            2.031,
            2.037,
            2.027,
            2.021
        ],
        "framework_bootstrap": [
            8.770999999999999,
            10.845,
            8.763,
            8.779,
            8.782,
            8.748000000000001,
            8.708,
            8.786000000000001,
            8.767,
            8.732
        ],
        "load_weights": [
            4.14,
            1.72,
            3.19,
            1.7,
            0.8,
            3.74,
            3.47,
            0.98,
            1.48,
            2.18
        ],
        "model_init": [
            0.17,
            0.18,
            0.14,
            0.13,
            0.14,
            0.13,
            0.14,
            0.14,
            0.13,
            0.15
        ],
        "model_loading": [
            4.326296,
            2.186668,
            3.332491,
            1.827278,
            0.944103,
            3.87992,
            3.610629,
            1.124751,
            1.609277,
            2.328658
        ],
        "dynamo_transform_time": [
            4.24,
            4.18,
            6.67,
            5.43,
            4.86,
            4.83,
            7.1,
            7.08,
            5.4,
            8.1
        ],
        "graph_compile_general_shape": [
            13.79,
            12.41,
            18.6,
            14.92,
            13.03,
            12.17,
            18.79,
            18.63,
            15.04,
            22.86
        ],
        "graph_compile_cached": [
            null,
            null,
            null,
            null,
            null,
            null,
            null,
            null,
            null,
            null
        ],
        "torch.compile": [
            18.03,
            16.59,
            25.27,
            20.35,
            17.89,
            17.0,
            25.89,
            25.7,
            20.44,
            30.96
        ],
        "kv_cache_profiling": [
            2.0,
            1.5300000000000011,
            3.1000000000000014,
            2.039999999999999,
            1.629999999999999,
            2.3299999999999983,
            2.84,
            2.030000000000001,
            2.0199999999999996,
            2.259999999999998
        ],
        "graph_capturing": [
            2.45,
            1.45,
            1.6,
            1.23,
            1.13,
            1.67,
            1.65,
            1.47,
            1.26,
            1.66
        ],
        "init_engine": [
            23.04,
            20.13,
            30.55,
            24.17,
            21.2,
            21.55,
            30.96,
            29.78,
            24.28,
            35.47
        ],
        "tokenizer_init": [
            0.21,
            0.67,
            0.09,
            0.09,
            0.29,
            0.26,
            0.25,
            0.26,
            0.16,
            0.16
        ],
        "total_time": [
            36.347296,
            33.831668,
            42.735491,
            34.86627800000001,
            31.216102999999997,
            34.43792,
            43.528629,
            39.950751000000004,
            34.816277,
            46.690658
        ],
        "actual_total_time": [
            37.429,
            35.831,
            43.671,
            35.807,
            32.373,
            35.541,
            44.618,
            41.044,
            35.861,
            47.731
        ]
    }
}