{
    "labels": [
        "output_model_deepseek-r1-distill-llama-8b.txt",
        "output_model_deepseek-v2-lite-16b.txt",
        "output_model_llama2-13b-hf.txt",
        "output_model_llama3-3b.txt",
        "output_model_qwen-0.5b.txt",
        "output_model_qwen-14.3b.txt",
        "output_model_qwen-1.8b.txt",
        "output_model_qwen-4b.txt",
        "output_model_qwen-7b.txt",
        "output_model_yi-9b.txt"
    ],
    "data": {
        "detect_platform": [
            0.016,
            0.016,
            0.016,
            0.016,
            0.016,
            0.017,
            0.016,
            0.016,
            0.016,
            0.016
        ],
        "llm_imports": [
            1.414,
            1.4,
            1.422,
            1.419,
            1.407,
            1.402,
            1.429,
            1.418,
            1.414,
            1.415
        ],
        "get_model_info": [
            5.207,
            5.222,
            5.186,
            5.23,
            5.196,
            5.266,
            5.227,
            5.273,
            5.215,
            5.25
        ],
        "worker_init": [
            2.029,
            2.031,
            1.995,
            2.019,
            2.041,
            2.033,
            2.024,
            2.026,
            2.023,
            2.02
        ],
        "framework_bootstrap": [
            8.666,
            8.669,
            8.619,
            8.684000000000001,
            8.66,
            8.718,
            8.696000000000002,
            8.733,
            8.668,
            8.701
        ],
        "load_weights": [
            1.96,
            4.17,
            3.2,
            0.8,
            0.13,
            3.72,
            0.46,
            0.98,
            1.91,
            2.18
        ],
        "model_init": [
            0.15,
            0.18,
            0.14,
            0.14,
            0.11,
            0.13,
            0.11,
            0.13,
            0.13,
            0.15
        ],
        "model_loading": [
            2.111437,
            4.360903,
            3.344718,
            0.944662,
            0.241483,
            3.86064,
            0.580904,
            1.121278,
            2.036537,
            2.336212
        ],
        "dynamo_transform_time": [
            null,
            null,
            null,
            null,
            null,
            null,
            null,
            null,
            null,
            null
        ],
        "graph_compile_general_shape": [
            null,
            null,
            null,
            null,
            null,
            null,
            null,
            null,
            null,
            null
        ],
        "graph_compile_cached": [
            null,
            null,
            null,
            null,
            null,
            null,
            null,
            null,
            null,
            null
        ],
        "torch.compile": [
            null,
            null,
            null,
            null,
            null,
            null,
            null,
            null,
            null,
            null
        ],
        "kv_cache_profiling": [
            0.7,
            0.95,
            0.8,
            0.67,
            0.67,
            0.96,
            0.67,
            0.69,
            0.72,
            0.74
        ],
        "graph_capturing": [
            1.51,
            2.58,
            1.9,
            1.39,
            1.28,
            1.94,
            1.28,
            1.84,
            1.5,
            2.0
        ],
        "init_engine": [
            2.69,
            4.02,
            3.19,
            2.54,
            2.42,
            3.39,
            2.43,
            3.01,
            2.7,
            3.23
        ],
        "tokenizer_init": [
            0.37,
            0.21,
            0.08,
            0.28,
            0.25,
            0.25,
            0.25,
            0.25,
            0.25,
            0.16
        ],
        "total_time": [
            13.837437,
            17.259903,
            15.233718,
            12.448662,
            11.571483,
            16.21864,
            11.956904000000002,
            13.114278,
            13.654536999999998,
            14.427212
        ],
        "actual_total_time": [
            15.053,
            18.326,
            16.179,
            13.608,
            12.69,
            17.33,
            13.062,
            14.213,
            14.752,
            15.444
        ]
    }
}