{
    "labels": [
        "output_model_falcon-7b_container.txt",
        "output_model_falcon-7b_default.txt",
        "output_model_llama2-13b-hf_container.txt",
        "output_model_llama2-13b-hf_default.txt",
        "output_model_llama2-7b-hf_container.txt",
        "output_model_llama2-7b-hf_default.txt",
        "output_model_llama3-3b_container.txt",
        "output_model_llama3-3b_default.txt",
        "output_model_qwen-14.3b_container.txt",
        "output_model_qwen-14.3b_default.txt",
        "output_model_qwen-14b_container.txt",
        "output_model_qwen-14b_default.txt",
        "output_model_qwen-1.8b_container.txt",
        "output_model_qwen-1.8b_default.txt",
        "output_model_qwen-7b_container.txt",
        "output_model_qwen-7b_default.txt",
        "output_model_yi-9b_container.txt",
        "output_model_yi-9b_default.txt"
    ],
    "data": {
        "load_weights": [
            1.87,
            1.94,
            3.68,
            3.56,
            1.94,
            1.81,
            0.87,
            0.87,
            4.08,
            4.16,
            3.82,
            3.82,
            0.51,
            0.5,
            2.09,
            2.09,
            2.36,
            2.36
        ],
        "model_init": [
            0.11,
            0.12,
            0.13,
            0.13,
            0.12,
            0.12,
            0.13,
            0.13,
            0.12,
            0.12,
            0.12,
            0.13,
            0.1,
            0.1,
            0.12,
            0.12,
            0.13,
            0.13
        ],
        "model_loading": [
            1.989659,
            2.055573,
            3.809155,
            3.688728,
            2.056102,
            1.932454,
            1.002788,
            1.002274,
            4.20172,
            4.284932,
            3.948916,
            3.950114,
            0.613738,
            0.610489,
            2.212994,
            2.214777,
            2.499406,
            2.492651
        ],
        "dynamo_transform_time": [
            4.27,
            4.63,
            5.71,
            6.51,
            4.44,
            5.4,
            3.96,
            4.59,
            4.03,
            4.58,
            5.84,
            6.72,
            3.55,
            4.11,
            4.62,
            5.27,
            6.67,
            7.67
        ],
        "graph_compile_general_shape": [
            null,
            null,
            null,
            null,
            null,
            null,
            null,
            null,
            null,
            null,
            null,
            null,
            null,
            null,
            null,
            null,
            null,
            null
        ],
        "graph_compile_cached": [
            3.81,
            4.266,
            5.206,
            5.44,
            4.029,
            4.602,
            3.695,
            3.925,
            2.815,
            3.393,
            5.277,
            5.475,
            3.326,
            3.466,
            4.09,
            4.285,
            6.423,
            6.785
        ],
        "torch.compile": [
            4.27,
            4.63,
            5.71,
            6.51,
            4.44,
            5.4,
            3.96,
            4.59,
            4.03,
            4.58,
            5.84,
            6.72,
            3.55,
            4.11,
            4.62,
            5.27,
            6.67,
            7.67
        ],
        "kv_cache_profiling": [
            10.31,
            11.14,
            13.29,
            14.35,
            10.16,
            11.72,
            9.21,
            10.11,
            8.49,
            9.65,
            13.51,
            14.58,
            8.11,
            8.81,
            10.43,
            11.28,
            14.94,
            16.29
        ],
        "graph_capturing": [
            1.18,
            1.15,
            1.46,
            1.46,
            1.11,
            1.1,
            1.05,
            1.02,
            1.57,
            1.52,
            1.53,
            1.51,
            0.95,
            0.92,
            1.14,
            1.13,
            1.5,
            1.47
        ],
        "init_engine": [
            11.94,
            12.76,
            15.23,
            16.31,
            11.73,
            13.3,
            10.71,
            11.59,
            10.53,
            11.64,
            15.52,
            16.58,
            9.51,
            10.18,
            12.04,
            12.88,
            16.93,
            18.26
        ],
        "tokenizer_init": [
            0.13,
            0.12,
            0.09,
            0.09,
            0.09,
            0.08,
            0.28,
            0.29,
            0.25,
            0.25,
            0.25,
            0.25,
            0.26,
            0.25,
            0.24,
            0.25,
            0.16,
            0.16
        ],
        "total_time": [
            14.059659,
            14.935573,
            19.129155,
            20.088728,
            13.876102,
            15.312454,
            11.992788000000001,
            12.882273999999999,
            14.98172,
            16.174932000000002,
            19.718916,
            20.780113999999998,
            10.383738,
            11.040488999999999,
            14.492994,
            15.344777,
            19.589406,
            20.912651
        ],
        "actual_total_time": [
            22.24,
            23.03,
            26.59,
            27.33,
            21.37,
            22.59,
            19.7,
            20.41,
            22.55,
            23.66,
            27.25,
            28.25,
            17.9,
            18.52,
            22.03,
            22.82,
            27.15,
            28.32
        ]
    }
}