{
    "labels": [
        "output_model_falcon-7b.txt",
        "output_model_llama2-13b-hf.txt",
        "output_model_llama2-7b-hf.txt",
        "output_model_llama3-3b.txt",
        "output_model_qwen-0.5b.txt",
        "output_model_qwen-14b_max_model_len_16752.txt",
        "output_model_qwen-1.8b.txt",
        "output_model_qwen-4b.txt",
        "output_model_qwen-7b.txt",
        "output_model_yi-6b.txt",
        "output_model_yi-9b.txt"
    ],
    "data": {
        "detect_platfrom": [
            0.046,
            0.046,
            0.046,
            0.047,
            0.047,
            0.046,
            0.046,
            0.046,
            0.047,
            0.046,
            0.046
        ],
        "llm_imports": [
            1.365,
            1.318,
            1.319,
            1.315,
            1.315,
            1.319,
            1.324,
            1.307,
            1.318,
            1.322,
            1.316
        ],
        "get_model_info": [
            4.675,
            4.676,
            4.684,
            4.7,
            4.688,
            4.69,
            4.674,
            4.714,
            4.688,
            4.692,
            4.697
        ],
        "worker_init": [
            1.526,
            1.549,
            1.552,
            1.565,
            1.555,
            1.567,
            1.581,
            1.557,
            1.542,
            1.542,
            1.578
        ],
        "framework_bootstrap": [
            7.612,
            7.589,
            7.601000000000001,
            7.627000000000001,
            7.6049999999999995,
            7.622000000000001,
            7.625,
            7.6240000000000006,
            7.595,
            7.602,
            7.6370000000000005
        ],
        "load_weights": [
            1.89,
            3.47,
            1.75,
            0.85,
            0.14,
            3.71,
            0.49,
            1.05,
            2.05,
            1.64,
            2.37
        ],
        "model_init": [
            0.11,
            0.12,
            0.11,
            0.13,
            0.09,
            0.12,
            0.1,
            0.12,
            0.11,
            0.11,
            0.13
        ],
        "model_loading": [
            2.006461,
            3.601127,
            1.866986,
            0.984433,
            0.236658,
            3.831814,
            0.597413,
            1.170416,
            2.16762,
            1.750919,
            2.500443
        ],
        "dynamo_transform_time": [
            null,
            null,
            null,
            null,
            null,
            null,
            null,
            null,
            null,
            null,
            null
        ],
        "graph_compile_general_shape": [
            null,
            null,
            null,
            null,
            null,
            null,
            null,
            null,
            null,
            null,
            null
        ],
        "graph_compile_cached": [
            null,
            null,
            null,
            null,
            null,
            null,
            null,
            null,
            null,
            null,
            null
        ],
        "torch.compile": [
            null,
            null,
            null,
            null,
            null,
            null,
            null,
            null,
            null,
            null,
            null
        ],
        "kv_cache_profiling": [
            0.71,
            0.89,
            0.75,
            0.65,
            0.6,
            0.87,
            0.62,
            0.67,
            0.74,
            0.72,
            0.79
        ],
        "graph_capturing": [
            2.0,
            3.7,
            2.13,
            1.2,
            0.95,
            3.68,
            0.94,
            1.45,
            2.14,
            1.9,
            2.73
        ],
        "init_engine": [
            3.13,
            5.04,
            3.29,
            2.26,
            1.95,
            5.0,
            1.96,
            2.54,
            3.3,
            3.03,
            3.96
        ],
        "tokenizer_init": [
            0.12,
            0.08,
            0.08,
            0.28,
            0.25,
            0.25,
            0.25,
            0.25,
            0.25,
            0.15,
            0.15
        ],
        "total_time": [
            12.868460999999998,
            16.310126999999998,
            12.837986000000003,
            11.151432999999999,
            10.041658,
            16.703814,
            10.432413,
            11.584416000000001,
            13.312619999999999,
            12.532919,
            14.247443000000002
        ],
        "actual_total_time": [
            14.019,
            17.151,
            13.663,
            12.188,
            11.023,
            17.686,
            11.417,
            12.563,
            14.293,
            13.445,
            15.155
        ]
    }
}