{
    "labels": [
        "output_model_falcon-7b.txt",
        "output_model_llama2-13b-hf.txt",
        "output_model_llama2-7b-hf.txt",
        "output_model_llama3-3b.txt",
        "output_model_qwen-0.5b.txt",
        "output_model_qwen-14b.txt",
        "output_model_qwen-1.8b.txt",
        "output_model_qwen-4b.txt",
        "output_model_qwen-7b.txt",
        "output_model_yi-6b.txt",
        "output_model_yi-9b.txt"
    ],
    "data": {
        "detect_platfrom": [
            1.0,
            1.0,
            1.0,
            1.0,
            0.0,
            0.0,
            0.0,
            1.0,
            0.0,
            1.0,
            0.0
        ],
        "llm_imports": [
            1.0,
            1.0,
            1.0,
            1.0,
            2.0,
            2.0,
            1.0,
            1.0,
            1.0,
            1.0,
            1.0
        ],
        "get_model_info": [
            7.0,
            7.0,
            6.0,
            7.0,
            6.0,
            7.0,
            7.0,
            7.0,
            7.0,
            7.0,
            8.0
        ],
        "worker_init": [
            2.0,
            2.0,
            2.0,
            2.0,
            2.0,
            2.0,
            2.0,
            2.0,
            2.0,
            2.0,
            2.0
        ],
        "framework_bootstrap": [
            11.0,
            11.0,
            10.0,
            11.0,
            10.0,
            11.0,
            10.0,
            11.0,
            10.0,
            11.0,
            11.0
        ],
        "load_weights": [
            3.54,
            6.22,
            3.03,
            1.44,
            0.21,
            6.29,
            0.84,
            1.74,
            3.38,
            2.64,
            3.88
        ],
        "model_init": [
            0.14,
            0.12,
            0.29,
            0.12,
            0.09,
            0.86,
            0.26,
            0.11,
            0.11,
            0.12,
            0.12
        ],
        "model_loading": [
            4.32468,
            7.058765,
            3.871799,
            2.160202,
            0.822274,
            8.958235,
            1.757241,
            2.467099,
            4.022803,
            3.368398,
            4.532245
        ],
        "dynamo_transform_time": [
            4.13,
            5.33,
            4.39,
            3.73,
            3.35,
            5.36,
            3.35,
            5.45,
            4.52,
            4.41,
            6.29
        ],
        "graph_compile_general_shape": [
            null,
            null,
            null,
            null,
            null,
            null,
            null,
            null,
            null,
            null,
            null
        ],
        "graph_compile_cached": [
            3.78,
            4.877,
            3.907,
            3.329,
            2.805,
            4.751,
            3.49,
            5.238,
            3.606,
            3.812,
            6.961
        ],
        "torch.compile": [
            4.13,
            5.33,
            4.39,
            3.73,
            3.35,
            5.36,
            3.35,
            5.45,
            4.52,
            4.41,
            6.29
        ],
        "kv_cache_profiling": [
            2.4000000000000004,
            2.3329999999999984,
            1.2429999999999986,
            1.2909999999999995,
            1.1449999999999996,
            2.318999999999999,
            1.1999999999999993,
            1.6920000000000002,
            1.2640000000000011,
            1.258000000000001,
            1.988999999999999
        ],
        "graph_capturing": [
            1.25,
            1.61,
            1.26,
            1.17,
            1.02,
            1.6,
            0.95,
            1.46,
            1.29,
            1.25,
            1.59
        ],
        "init_engine": [
            12.0,
            14.42,
            11.02,
            9.73,
            8.53,
            14.26,
            9.2,
            14.06,
            10.89,
            10.95,
            17.08
        ],
        "tokenizer_init": [
            0.38,
            0.34,
            0.35,
            0.52,
            0.51,
            0.5,
            0.5,
            0.51,
            0.48,
            0.41,
            0.43
        ],
        "total_time": [
            27.70468,
            32.818765000000006,
            25.241799,
            23.410202,
            19.862274000000003,
            34.718235,
            21.457241,
            28.037099,
            25.392803,
            25.728398,
            33.042245
        ],
        "actual_total_time": [
            30.0,
            34.0,
            27.0,
            25.0,
            22.0,
            35.0,
            23.0,
            30.0,
            27.0,
            27.0,
            34.0
        ]
    }
}