{
    "labels": [
        "output_model_falcon-7b.txt",
        "output_model_llama2-13b-hf.txt",
        "output_model_llama2-7b-hf.txt",
        "output_model_llama3-3b.txt",
        "output_model_qwen-0.5b.txt",
        "output_model_qwen-14b.txt",
        "output_model_qwen-1.8b.txt",
        "output_model_qwen-4b.txt",
        "output_model_qwen-7b.txt",
        "output_model_yi-6b.txt",
        "output_model_yi-9b.txt"
    ],
    "data": {
        "load_weights": [
            3.54,
            6.22,
            3.03,
            1.44,
            0.21,
            6.29,
            0.84,
            1.74,
            3.38,
            2.64,
            3.88
        ],
        "model_init": [
            0.14,
            0.12,
            0.29,
            0.12,
            0.09,
            0.86,
            0.26,
            0.11,
            0.11,
            0.12,
            0.12
        ],
        "model_loading": [
            4.32468,
            7.058765,
            3.871799,
            2.160202,
            0.822274,
            8.958235,
            1.757241,
            2.467099,
            4.022803,
            3.368398,
            4.532245
        ],
        "dynamo_transform_time": [
            4.13,
            5.33,
            4.39,
            3.73,
            3.35,
            5.36,
            3.35,
            5.45,
            4.52,
            4.41,
            6.29
        ],
        "graph_compile_general_shape": [
            null,
            null,
            null,
            null,
            null,
            null,
            null,
            null,
            null,
            null,
            null
        ],
        "graph_compile_cached": [
            3.78,
            4.877,
            3.907,
            3.329,
            2.805,
            4.751,
            3.49,
            5.238,
            3.606,
            3.812,
            6.961
        ],
        "torch.compile": [
            4.13,
            5.33,
            4.39,
            3.73,
            3.35,
            5.36,
            3.35,
            5.45,
            4.52,
            4.41,
            6.29
        ],
        "kv_cache_profiling": [
            10.31,
            12.54,
            9.54,
            8.35,
            7.3,
            12.43,
            8.04,
            12.38,
            9.39,
            9.48,
            15.24
        ],
        "graph_capturing": [
            1.25,
            1.61,
            1.26,
            1.17,
            1.02,
            1.6,
            0.95,
            1.46,
            1.29,
            1.25,
            1.59
        ],
        "init_engine": [
            12.0,
            14.42,
            11.02,
            9.73,
            8.53,
            14.26,
            9.2,
            14.06,
            10.89,
            10.95,
            17.08
        ],
        "tokenizer_init": [
            0.38,
            0.34,
            0.35,
            0.52,
            0.51,
            0.5,
            0.5,
            0.51,
            0.48,
            0.41,
            0.43
        ],
        "total_time": [
            16.70468,
            21.818765,
            15.241798999999999,
            12.410202,
            9.862274,
            23.718235,
            11.457241,
            17.037099,
            15.392803,
            14.728397999999999,
            22.042244999999998
        ],
        "actual_total_time": [
            27.49,
            31.89,
            24.9,
            23.19,
            20.14,
            33.64,
            21.89,
            27.4,
            25.68,
            25.18,
            32.77
        ]
    }
}