{
    "labels": [
        "output_model_falcon-7b.txt",
        "output_model_llama2-13b-hf.txt",
        "output_model_llama2-7b-hf.txt",
        "output_model_llama3-3b.txt",
        "output_model_qwen-0.5b.txt",
        "output_model_qwen-14b_max_model_len_16752.txt",
        "output_model_qwen-1.8b.txt",
        "output_model_qwen-4b.txt",
        "output_model_qwen-7b.txt",
        "output_model_yi-6b.txt",
        "output_model_yi-9b.txt"
    ],
    "data": {
        "detect_platform": [
            0.046,
            0.046,
            0.046,
            0.045,
            0.046,
            0.045,
            0.045,
            0.045,
            0.045,
            0.046,
            0.046
        ],
        "llm_imports": [
            1.388,
            1.396,
            1.391,
            1.375,
            1.389,
            1.392,
            1.395,
            1.4,
            1.387,
            1.39,
            1.387
        ],
        "get_model_info": [
            4.978,
            5.03,
            4.979,
            4.992,
            5.003,
            4.97,
            4.983,
            4.962,
            5.023,
            5.009,
            4.992
        ],
        "worker_init": [
            1.939,
            1.956,
            1.962,
            1.977,
            1.951,
            1.98,
            1.967,
            1.973,
            1.992,
            1.961,
            1.96
        ],
        "framework_bootstrap": [
            8.350999999999999,
            8.428,
            8.378,
            8.389,
            8.389000000000001,
            8.387,
            8.39,
            8.38,
            8.447,
            8.406,
            8.385
        ],
        "load_weights": [
            1.73,
            3.16,
            1.62,
            0.78,
            0.13,
            3.41,
            0.45,
            0.97,
            1.88,
            1.47,
            2.15
        ],
        "model_init": [
            0.12,
            0.13,
            0.12,
            0.14,
            0.1,
            0.13,
            0.11,
            0.13,
            0.12,
            0.12,
            0.14
        ],
        "model_loading": [
            1.850359,
            3.294829,
            1.747994,
            0.923505,
            0.238057,
            3.544969,
            0.565619,
            1.105684,
            2.013254,
            1.597971,
            2.295914
        ],
        "dynamo_transform_time": [
            4.8,
            6.95,
            5.41,
            4.79,
            4.32,
            7.01,
            4.3,
            7.0,
            5.52,
            5.43,
            8.05
        ],
        "graph_compile_general_shape": [
            null,
            null,
            null,
            null,
            null,
            null,
            null,
            null,
            null,
            null,
            null
        ],
        "graph_compile_cached": [
            4.493,
            5.713,
            4.441,
            4.385,
            3.552,
            5.598,
            3.641,
            5.598,
            4.462,
            4.715,
            7.063
        ],
        "torch.compile": [
            4.8,
            6.95,
            5.41,
            4.79,
            4.32,
            7.01,
            4.3,
            7.0,
            5.52,
            5.43,
            8.05
        ],
        "kv_cache_profiling": [
            1.6370000000000005,
            2.0869999999999997,
            2.0290000000000017,
            1.5350000000000001,
            1.388,
            2.1020000000000003,
            1.4189999999999996,
            1.9120000000000008,
            2.0180000000000007,
            2.0150000000000006,
            2.237000000000002
        ],
        "graph_capturing": [
            1.52,
            2.39,
            1.53,
            1.04,
            0.69,
            2.39,
            0.77,
            1.24,
            1.55,
            1.44,
            2.02
        ],
        "init_engine": [
            12.96,
            17.69,
            13.94,
            12.25,
            10.43,
            17.66,
            10.62,
            16.27,
            14.07,
            14.12,
            19.92
        ],
        "tokenizer_init": [
            0.12,
            0.08,
            0.08,
            0.29,
            0.25,
            0.25,
            0.25,
            0.25,
            0.25,
            0.15,
            0.16
        ],
        "total_time": [
            23.281359000000002,
            29.492829,
            24.145993999999998,
            21.852505,
            19.307057,
            29.841969,
            19.825619,
            26.005684000000002,
            24.780254,
            24.273970999999996,
            30.760914000000003
        ],
        "actual_total_time": [
            24.593,
            30.404,
            25.044,
            22.947,
            20.368,
            30.908,
            20.868,
            27.07,
            25.842,
            25.273,
            31.744
        ]
    }
}