{
    "labels": [
        "output_model_falcon-7b.txt",
        "output_model_llama2-13b-hf.txt",
        "output_model_llama2-7b-hf.txt",
        "output_model_llama3-3b.txt",
        "output_model_qwen-0.5b.txt",
        "output_model_qwen-14b_max_model_len_16752.txt",
        "output_model_qwen-1.8b.txt",
        "output_model_qwen-4b.txt",
        "output_model_qwen-7b.txt",
        "output_model_yi-6b.txt",
        "output_model_yi-9b.txt"
    ],
    "data": {
        "detect_platform": [
            0.045599999999999995,
            0.045599999999999995,
            0.045799999999999993,
            0.045399999999999996,
            0.045599999999999995,
            0.046,
            0.045799999999999993,
            0.045799999999999993,
            0.045599999999999995,
            0.045599999999999995,
            0.045399999999999996
        ],
        "llm_imports": [
            1.3931999999999998,
            1.3818,
            1.3896,
            1.3858000000000001,
            1.3922,
            1.3894,
            1.384,
            1.3934000000000002,
            1.3934,
            1.3916,
            1.3934000000000002
        ],
        "get_model_info": [
            5.0004,
            4.9882,
            4.9978,
            4.9794,
            4.9978,
            4.9856,
            4.991,
            4.984999999999999,
            4.984800000000001,
            4.992400000000001,
            4.9814
        ],
        "worker_init": [
            1.9425999999999999,
            1.9462,
            1.9598,
            1.964,
            1.964,
            1.9778000000000002,
            1.9655999999999998,
            1.9704000000000002,
            1.9844000000000002,
            1.9512,
            1.9619999999999997
        ],
        "framework_bootstrap": [
            8.3818,
            8.361799999999999,
            8.392999999999999,
            8.374600000000001,
            8.3996,
            8.3988,
            8.3864,
            8.3946,
            8.4082,
            8.3808,
            8.3822
        ],
        "load_weights": [
            1.7399999999999998,
            3.156,
            1.6280000000000001,
            0.78,
            0.13,
            3.4120000000000004,
            0.454,
            0.9719999999999999,
            1.8799999999999997,
            1.472,
            2.144
        ],
        "model_init": [
            0.12,
            0.13,
            0.12,
            0.14,
            0.10200000000000001,
            0.13,
            0.11000000000000001,
            0.13,
            0.12,
            0.12,
            0.14
        ],
        "model_loading": [
            1.8599999999999999,
            3.286,
            1.7480000000000002,
            0.92,
            0.232,
            3.5420000000000003,
            0.5640000000000001,
            1.1019999999999999,
            1.9999999999999996,
            1.592,
            2.2840000000000003
        ],
        "dynamo_transform_time": [
            4.764,
            6.859999999999999,
            5.426,
            4.808,
            4.33,
            7.016,
            4.294,
            6.998,
            5.553999999999999,
            5.422,
            8.092
        ],
        "graph_compile_general_shape": [
            null,
            null,
            null,
            null,
            null,
            null,
            null,
            null,
            null,
            null,
            null
        ],
        "graph_compile_cached": [
            4.4206,
            5.5734,
            4.4532,
            4.4016,
            3.5635999999999997,
            5.6331999999999995,
            3.6206000000000005,
            5.6057999999999995,
            4.5186,
            4.728800000000001,
            7.1016
        ],
        "torch.compile": [
            4.764,
            6.859999999999999,
            5.426,
            4.808,
            4.33,
            7.016,
            4.294,
            6.998,
            5.553999999999999,
            5.422,
            8.092
        ],
        "kv_cache_profiling": [
            1.6393999999999997,
            2.0826000000000002,
            2.0248,
            1.5384,
            1.3904,
            2.0868,
            1.4094000000000002,
            1.9102000000000003,
            2.0254000000000003,
            2.0052,
            2.2424
        ],
        "graph_capturing": [
            1.528,
            2.38,
            1.5220000000000002,
            1.036,
            0.692,
            2.394,
            0.77,
            1.2440000000000002,
            1.546,
            1.4319999999999997,
            2.0279999999999996
        ],
        "init_engine": [
            12.352,
            16.896,
            13.426,
            11.784,
            9.975999999999999,
            17.130000000000003,
            10.094000000000001,
            15.758,
            13.643999999999998,
            13.588000000000001,
            19.464
        ],
        "tokenizer_init": [
            0.12,
            0.08,
            0.08600000000000001,
            0.28400000000000003,
            0.25,
            0.25,
            0.25,
            0.25,
            0.25,
            0.152,
            0.158
        ],
        "total_time": [
            22.713800000000003,
            28.623799999999996,
            23.653,
            21.3626,
            18.857599999999998,
            29.320800000000002,
            19.294400000000003,
            25.5046,
            24.3022,
            23.7128,
            30.2882
        ],
        "actual_total_time": [
            24.0314,
            29.525367199999998,
            24.5486166,
            22.4663684,
            19.926036199999995,
            30.3819504,
            20.360987600000005,
            26.5669866,
            25.364439,
            24.696623600000002,
            31.2708154
        ]
    }
}