{
    "labels": [
        "output_model_deepseek-v2-lite-16b.txt",
        "output_model_gpt-oss-20b_cuda-graph-sizes_1_2_4_8_16_24_32_40_48_56_64_72_80_88_96_104_112_120_128_136_144_152_160_168_176_184_192_200_208_216_224_232_240_248_256.txt",
        "output_model_llama2-13b-hf.txt",
        "output_model_llama2-7b-hf.txt",
        "output_model_llama3-3b.txt",
        "output_model_qwen-14.3b.txt",
        "output_model_qwen-14b.txt",
        "output_model_qwen-4b.txt",
        "output_model_yi-6b.txt",
        "output_model_yi-9b.txt"
    ],
    "data": {
        "detect_platform": [
            0.017,
            0.016,
            0.017,
            0.017,
            0.016,
            0.016,
            0.016,
            0.016,
            0.017,
            0.016
        ],
        "llm_imports": [
            1.408,
            1.419,
            1.425,
            1.426,
            1.401,
            1.417,
            1.435,
            1.417,
            1.433,
            1.417
        ],
        "get_model_info": [
            5.272,
            8.254,
            5.223,
            5.243,
            5.258,
            5.276,
            5.283,
            5.3,
            5.266,
            5.264
        ],
        "worker_init": [
            2.03,
            1.106,
            2.003,
            2.008,
            2.023,
            2.009,
            2.035,
            2.046,
            2.043,
            2.035
        ],
        "framework_bootstrap": [
            8.727,
            10.795,
            8.668,
            8.693999999999999,
            8.698,
            8.718,
            8.769,
            8.779,
            8.759,
            8.732
        ],
        "load_weights": [
            4.33,
            1.71,
            4.42,
            1.7,
            0.85,
            4.05,
            3.49,
            0.99,
            1.47,
            2.52
        ],
        "model_init": [
            0.17,
            0.17,
            0.13,
            0.13,
            0.14,
            0.13,
            0.14,
            0.13,
            0.13,
            0.14
        ],
        "model_loading": [
            4.510907,
            2.176525,
            4.555859,
            1.83087,
            0.9974,
            4.187002,
            3.627808,
            1.128702,
            1.594952,
            2.669831
        ],
        "dynamo_transform_time": [
            4.21,
            4.18,
            6.72,
            5.41,
            4.81,
            4.86,
            7.01,
            7.05,
            5.51,
            8.01
        ],
        "graph_compile_general_shape": [
            13.64,
            12.46,
            18.59,
            14.72,
            13.08,
            12.31,
            18.81,
            18.69,
            15.26,
            22.46
        ],
        "graph_compile_cached": [
            null,
            null,
            null,
            null,
            null,
            null,
            null,
            null,
            null,
            null
        ],
        "torch.compile": [
            17.85,
            16.64,
            25.3,
            20.13,
            17.88,
            17.17,
            25.82,
            25.74,
            20.76,
            30.47
        ],
        "kv_cache_profiling": [
            1.9899999999999984,
            1.5399999999999991,
            3.09,
            2.0,
            1.6099999999999994,
            2.3299999999999983,
            2.789999999999999,
            2.020000000000003,
            2.0199999999999996,
            2.280000000000001
        ],
        "graph_capturing": [
            2.45,
            1.44,
            1.58,
            1.21,
            1.13,
            1.67,
            1.63,
            1.46,
            1.24,
            1.66
        ],
        "init_engine": [
            22.84,
            20.18,
            30.55,
            23.89,
            21.16,
            21.72,
            30.82,
            29.8,
            24.58,
            35.02
        ],
        "tokenizer_init": [
            0.21,
            0.71,
            0.09,
            0.09,
            0.3,
            0.27,
            0.25,
            0.26,
            0.16,
            0.19
        ],
        "total_time": [
            36.287907,
            33.861525,
            43.863859000000005,
            34.504870000000004,
            31.155400000000004,
            34.895002,
            43.466808,
            39.967701999999996,
            35.093951999999994,
            46.611831
        ],
        "actual_total_time": [
            37.351,
            35.862,
            44.796,
            35.443,
            32.309,
            36.002,
            44.561,
            41.064,
            36.118,
            47.643
        ]
    }
}