{
    "labels": [
        "output_model_falcon-7b.txt",
        "output_model_llama2-13b-hf.txt",
        "output_model_llama2-7b-hf.txt",
        "output_model_llama3-3b.txt",
        "output_model_qwen-0.5b.txt",
        "output_model_qwen-14b_max_model_len_16752.txt",
        "output_model_qwen-1.8b.txt",
        "output_model_qwen-4b.txt",
        "output_model_qwen-7b.txt",
        "output_model_yi-6b.txt",
        "output_model_yi-9b.txt"
    ],
    "data": {
        "detect_platform": [
            0.034,
            0.035,
            0.034,
            0.034,
            0.035,
            0.035,
            0.035,
            0.035,
            0.034,
            0.034,
            0.034
        ],
        "llm_imports": [
            1.491,
            1.585,
            1.49,
            1.469,
            1.481,
            1.486,
            1.472,
            1.481,
            1.475,
            1.482,
            1.476
        ],
        "get_model_info": [
            5.383,
            5.394,
            5.446,
            5.388,
            5.419,
            5.437,
            5.438,
            5.482,
            5.429,
            5.39,
            5.437
        ],
        "worker_init": [
            1.772,
            1.745,
            1.759,
            1.78,
            1.769,
            1.814,
            1.784,
            1.778,
            1.763,
            1.753,
            1.759
        ],
        "framework_bootstrap": [
            8.68,
            8.759,
            8.729,
            8.671,
            8.703999999999999,
            8.772,
            8.729,
            8.776,
            8.701,
            8.658999999999999,
            8.706
        ],
        "load_weights": [
            1.73,
            3.14,
            1.63,
            0.78,
            0.13,
            3.42,
            0.45,
            0.97,
            1.89,
            1.48,
            2.14
        ],
        "model_init": [
            0.12,
            0.13,
            0.12,
            0.14,
            0.1,
            0.13,
            0.11,
            0.13,
            0.13,
            0.12,
            0.14
        ],
        "model_loading": [
            1.855177,
            3.275813,
            1.749408,
            0.92298,
            0.235189,
            3.555643,
            0.56718,
            1.106214,
            2.02143,
            1.601993,
            2.290722
        ],
        "dynamo_transform_time": [
            4.78,
            6.83,
            5.4,
            4.81,
            4.29,
            7.01,
            4.32,
            6.97,
            5.51,
            5.4,
            8.08
        ],
        "graph_compile_general_shape": [
            null,
            null,
            null,
            null,
            null,
            null,
            null,
            null,
            null,
            null,
            null
        ],
        "graph_compile_cached": [
            4.26,
            5.705,
            4.453,
            4.168,
            3.578,
            5.777,
            3.622,
            5.631,
            4.51,
            4.758,
            7.129
        ],
        "torch.compile": [
            4.78,
            6.83,
            5.4,
            4.81,
            4.29,
            7.01,
            4.32,
            6.97,
            5.51,
            5.4,
            8.08
        ],
        "kv_cache_profiling": [
            2.450000000000001,
            2.664999999999999,
            1.9269999999999978,
            1.782,
            1.4019999999999992,
            2.6830000000000016,
            1.3979999999999997,
            1.8690000000000015,
            1.9700000000000006,
            1.9219999999999988,
            2.151
        ],
        "graph_capturing": [
            1.17,
            1.48,
            1.13,
            1.05,
            0.96,
            1.54,
            0.95,
            1.33,
            1.17,
            1.15,
            1.51
        ],
        "init_engine": [
            13.16,
            17.19,
            13.41,
            12.31,
            10.73,
            17.54,
            10.77,
            16.31,
            13.67,
            13.73,
            19.4
        ],
        "tokenizer_init": [
            0.12,
            0.09,
            0.08,
            0.28,
            0.25,
            0.24,
            0.24,
            0.27,
            0.25,
            0.16,
            0.16
        ],
        "total_time": [
            23.815177000000002,
            29.314813,
            23.968407999999997,
            22.183980000000002,
            19.919189,
            30.107643,
            20.306179999999998,
            26.462214,
            24.64243,
            24.150993,
            30.556721999999997
        ],
        "actual_total_time": [
            25.585,
            30.193,
            24.854,
            23.295,
            20.995,
            31.187,
            21.374,
            27.52,
            25.706,
            25.127,
            31.532
        ]
    }
}