{
    "labels": [
        "output_model_falcon-7b.txt",
        "output_model_llama2-13b-hf.txt",
        "output_model_llama2-7b-hf.txt",
        "output_model_llama3-3b.txt",
        "output_model_qwen-0.5b.txt",
        "output_model_qwen-14b.txt",
        "output_model_qwen-1.8b.txt",
        "output_model_qwen-4b.txt",
        "output_model_qwen-7b.txt",
        "output_model_yi-6b.txt",
        "output_model_yi-9b.txt"
    ],
    "data": {
        "load_weights": [
            2.03,
            3.54,
            1.8,
            0.86,
            0.15,
            3.79,
            0.51,
            1.09,
            2.08,
            1.62,
            2.44
        ],
        "model_init": [
            0.12,
            0.12,
            0.12,
            0.13,
            0.1,
            0.13,
            0.11,
            0.13,
            0.12,
            0.12,
            0.14
        ],
        "model_loading": [
            2.148279,
            3.667446,
            1.924406,
            0.995974,
            0.247981,
            3.925534,
            0.62018,
            1.217854,
            2.205083,
            1.742398,
            2.581799
        ],
        "dynamo_transform_time": [
            4.01,
            6.09,
            4.87,
            4.13,
            3.84,
            6.19,
            3.67,
            5.94,
            4.93,
            5.01,
            7.05
        ],
        "graph_compile_general_shape": [
            null,
            null,
            null,
            null,
            null,
            null,
            null,
            null,
            null,
            null,
            null
        ],
        "graph_compile_cached": [
            3.445,
            4.659,
            3.626,
            3.322,
            2.584,
            4.662,
            2.759,
            4.447,
            3.698,
            3.78,
            5.547
        ],
        "torch.compile": [
            4.01,
            6.09,
            4.87,
            4.13,
            3.84,
            6.19,
            3.67,
            5.94,
            4.93,
            5.01,
            7.05
        ],
        "kv_cache_profiling": [
            9.58,
            13.08,
            9.88,
            8.92,
            7.79,
            13.18,
            7.79,
            11.92,
            10.04,
            10.17,
            14.62
        ],
        "graph_capturing": [
            1.12,
            1.43,
            1.09,
            1.0,
            0.9,
            1.48,
            0.9,
            1.27,
            1.11,
            1.11,
            1.46
        ],
        "init_engine": [
            11.12,
            14.95,
            11.39,
            10.34,
            9.09,
            15.1,
            9.09,
            13.62,
            11.57,
            11.7,
            16.53
        ],
        "tokenizer_init": [
            0.13,
            0.08,
            0.08,
            0.29,
            0.25,
            0.25,
            0.25,
            0.25,
            0.25,
            0.16,
            0.16
        ],
        "total_time": [
            13.398279,
            18.697446,
            13.394406,
            11.625974,
            9.587981,
            19.275534,
            9.96018,
            15.087854,
            14.025083,
            13.602397999999999,
            19.271799
        ],
        "actual_total_time": [
            24.23,
            28.81,
            23.54,
            21.92,
            19.85,
            29.57,
            20.22,
            25.33,
            24.25,
            23.8,
            29.47
        ]
    }
}