{
    "labels": [
        "output_model_deepseek-r1-distill-llama-8b.txt",
        "output_model_deepseek-r1-distill-qwen-7b.txt",
        "output_model_falcon-11b.txt",
        "output_model_falcon-7b.txt",
        "output_model_gemma-7b.txt",
        "output_model_granite3.3-8b-instruct.txt",
        "output_model_llama2-13b-hf.txt",
        "output_model_llama2-7b-hf.txt",
        "output_model_llama3-3b.txt",
        "output_model_mistral-7b.txt",
        "output_model_qwen-0.5b.txt",
        "output_model_qwen-14b.txt",
        "output_model_qwen-1.8b.txt",
        "output_model_qwen-4b.txt",
        "output_model_qwen-7b.txt",
        "output_model_yi-6b.txt",
        "output_model_yi-9b.txt"
    ],
    "data": {
        "detect_platform": [
            0.034,
            0.034,
            0.034,
            0.034,
            0.034,
            0.034,
            0.034,
            0.034,
            0.034,
            0.034,
            0.034,
            0.034,
            0.034,
            0.034,
            0.034,
            0.035,
            0.034
        ],
        "llm_imports": [
            1.368,
            1.36,
            1.361,
            1.358,
            1.352,
            1.419,
            1.368,
            1.378,
            1.371,
            1.36,
            1.382,
            1.372,
            1.367,
            1.367,
            1.373,
            1.375,
            1.383
        ],
        "get_model_info": [
            4.89,
            4.878,
            4.86,
            4.874,
            4.873,
            4.876,
            4.871,
            4.86,
            4.863,
            4.864,
            4.858,
            4.889,
            4.886,
            4.885,
            4.895,
            4.884,
            4.876
        ],
        "worker_init": [
            1.698,
            1.646,
            1.641,
            1.648,
            1.68,
            1.676,
            1.652,
            1.653,
            1.659,
            1.624,
            1.696,
            1.66,
            1.686,
            1.676,
            1.644,
            1.706,
            1.637
        ],
        "framework_bootstrap": [
            7.99,
            7.918,
            7.896000000000001,
            7.914,
            7.939,
            8.005,
            7.925000000000001,
            7.925000000000001,
            7.9270000000000005,
            7.882,
            7.969999999999999,
            7.955,
            7.973,
            7.962,
            7.946,
            8.0,
            7.93
        ],
        "load_weights": [
            2.29,
            2.15,
            3.78,
            2.66,
            2.34,
            2.5,
            3.78,
            8.97,
            9.12,
            2.01,
            1.06,
            23.95,
            1.25,
            1.48,
            4.39,
            2.39,
            8.97
        ],
        "model_init": [
            0.17,
            0.13,
            0.15,
            0.12,
            0.13,
            0.15,
            0.13,
            0.12,
            0.16,
            0.13,
            0.11,
            0.15,
            0.13,
            0.14,
            0.13,
            0.12,
            0.14
        ],
        "model_loading": [
            2.4572,
            2.281442,
            3.935792,
            2.780658,
            2.475726,
            2.648703,
            3.909867,
            9.092625,
            9.281952,
            2.145183,
            1.176272,
            24.103728,
            1.375437,
            1.624926,
            4.527108,
            2.51115,
            9.115744
        ],
        "dynamo_transform_time": [
            5.28,
            4.64,
            8.76,
            4.58,
            4.71,
            6.36,
            6.71,
            5.29,
            4.7,
            5.16,
            4.06,
            6.63,
            4.06,
            6.83,
            5.38,
            5.1,
            7.66
        ],
        "graph_compile_general_shape": [
            null,
            null,
            null,
            null,
            null,
            null,
            null,
            null,
            null,
            null,
            null,
            null,
            null,
            null,
            null,
            null,
            null
        ],
        "graph_compile_cached": [
            4.509,
            3.939,
            7.967,
            4.094,
            3.674,
            5.458,
            5.712,
            4.468,
            4.138,
            4.493,
            3.382,
            5.526,
            3.458,
            5.593,
            4.519,
            4.52,
            6.745
        ],
        "torch.compile": [
            5.28,
            4.64,
            8.76,
            4.58,
            4.71,
            6.36,
            6.71,
            5.29,
            4.7,
            5.16,
            4.06,
            6.63,
            4.06,
            6.83,
            5.38,
            5.1,
            7.66
        ],
        "kv_cache_profiling": [
            1.730999999999998,
            1.6809999999999992,
            2.0730000000000004,
            2.296000000000001,
            1.6559999999999988,
            1.7219999999999978,
            2.4479999999999986,
            1.782,
            1.6419999999999995,
            1.7469999999999999,
            1.2780000000000005,
            2.474000000000002,
            1.2920000000000007,
            1.6769999999999996,
            1.7909999999999986,
            1.7600000000000016,
            1.9149999999999991
        ],
        "graph_capturing": [
            1.18,
            1.18,
            1.69,
            1.15,
            1.18,
            1.34,
            1.46,
            1.11,
            1.03,
            1.18,
            0.95,
            1.54,
            0.93,
            1.32,
            1.14,
            1.13,
            1.5
        ],
        "init_engine": [
            13.17,
            11.91,
            21.0,
            12.59,
            11.69,
            15.37,
            16.84,
            13.14,
            11.98,
            13.06,
            10.13,
            16.66,
            10.19,
            15.92,
            13.3,
            12.99,
            18.33
        ],
        "tokenizer_init": [
            0.37,
            0.32,
            0.09,
            0.12,
            0.68,
            0.1,
            0.08,
            0.09,
            0.3,
            0.07,
            0.26,
            0.25,
            0.26,
            0.25,
            0.25,
            0.16,
            0.16
        ],
        "total_time": [
            23.9872,
            22.429442,
            32.921792,
            23.404658,
            22.784726,
            26.123703,
            28.754866999999997,
            30.247625000000003,
            29.488952,
            23.157183,
            19.536272,
            48.968728,
            19.798437000000003,
            25.756926,
            26.023108,
            23.661150000000003,
            35.535743999999994
        ],
        "actual_total_time": [
            25.17,
            23.556,
            33.817,
            25.065,
            24.249,
            27.018,
            29.631,
            31.114,
            30.6,
            24.01,
            20.59,
            50.018,
            20.849,
            26.812,
            27.073,
            24.627,
            36.49
        ]
    }
}