{
    "labels": [
        "output_model_falcon-7b.txt",
        "output_model_llama2-13b-hf.txt",
        "output_model_llama2-7b-hf.txt",
        "output_model_llama3-3b.txt",
        "output_model_qwen-0.5b.txt",
        "output_model_qwen-14b.txt",
        "output_model_qwen-1.8b.txt",
        "output_model_qwen-4b.txt",
        "output_model_qwen-7b.txt",
        "output_model_yi-6b.txt",
        "output_model_yi-9b.txt"
    ],
    "data": {
        "detect_platfrom": [
            0.0,
            0.0,
            0.0,
            0.0,
            0.0,
            0.0,
            0.0,
            0.0,
            0.0,
            0.0,
            0.0
        ],
        "llm_imports": [
            1.0,
            1.0,
            1.0,
            0.8,
            1.0,
            0.6,
            1.0,
            0.8,
            1.0,
            1.0,
            0.8
        ],
        "get_model_info": [
            4.2,
            4.2,
            4.2,
            4.4,
            4.6,
            4.6,
            4.0,
            4.4,
            4.2,
            4.2,
            4.4
        ],
        "worker_init": [
            1.2,
            1.2,
            1.2,
            1.8,
            1.6,
            1.6,
            1.4,
            1.8,
            1.4,
            1.4,
            1.8
        ],
        "framework_bootstrap": [
            6.4,
            6.4,
            6.4,
            7.0,
            7.199999999999999,
            6.799999999999999,
            6.4,
            7.0,
            6.6,
            6.6,
            7.0
        ],
        "load_weights": [
            1.8780000000000001,
            3.5060000000000002,
            1.81,
            0.866,
            0.14400000000000002,
            3.772,
            0.506,
            1.0740000000000003,
            2.098,
            1.64,
            2.4
        ],
        "model_init": [
            0.11000000000000001,
            0.12,
            0.11000000000000001,
            0.13,
            0.092,
            0.12,
            0.1,
            0.12,
            0.11000000000000001,
            0.11000000000000001,
            0.13
        ],
        "model_loading": [
            1.9880000000000002,
            3.6260000000000003,
            1.9200000000000002,
            0.996,
            0.23600000000000002,
            3.892,
            0.606,
            1.1940000000000004,
            2.2079999999999997,
            1.75,
            2.53
        ],
        "dynamo_transform_time": [
            4.023999999999999,
            5.932,
            4.955999999999999,
            4.152,
            3.71,
            6.16,
            3.752,
            6.000000000000001,
            4.984,
            4.906000000000001,
            6.984
        ],
        "graph_compile_general_shape": [
            null,
            null,
            null,
            null,
            null,
            null,
            null,
            null,
            null,
            null,
            null
        ],
        "graph_compile_cached": [
            3.4396,
            4.471400000000001,
            3.5135999999999994,
            3.2598,
            2.6206000000000005,
            4.5124,
            2.6654,
            4.5526,
            3.6438,
            3.7769999999999997,
            5.6638
        ],
        "torch.compile": [
            4.023999999999999,
            5.932,
            4.955999999999999,
            4.152,
            3.71,
            6.16,
            3.752,
            6.000000000000001,
            4.984,
            4.906000000000001,
            6.984
        ],
        "kv_cache_profiling": [
            1.6263999999999998,
            1.7706000000000004,
            1.4723999999999997,
            1.5261999999999998,
            1.4053999999999998,
            1.7916,
            1.4126,
            1.6214,
            1.4942,
            1.4569999999999996,
            2.148199999999999
        ],
        "graph_capturing": [
            1.4679999999999997,
            2.316,
            1.462,
            0.986,
            0.63,
            2.332,
            0.712,
            1.182,
            1.4920000000000002,
            1.3760000000000001,
            1.9619999999999997
        ],
        "init_engine": [
            10.558,
            14.49,
            11.403999999999996,
            9.924,
            8.366,
            14.796,
            8.542,
            13.356000000000002,
            11.614,
            11.516,
            16.758
        ],
        "tokenizer_init": [
            0.12,
            0.08,
            0.08,
            0.28400000000000003,
            0.248,
            0.246,
            0.248,
            0.25,
            0.248,
            0.154,
            0.15
        ],
        "total_time": [
            19.066,
            24.595999999999997,
            19.803999999999995,
            18.204,
            16.05,
            25.733999999999998,
            15.796,
            21.800000000000004,
            20.67,
            20.02,
            26.437999999999995
        ],
        "actual_total_time": [
            24.566447599999996,
            29.9253966,
            25.359703999999997,
            23.1779516,
            20.5935384,
            30.5219474,
            21.3894418,
            26.554461600000003,
            26.158320200000002,
            25.157664,
            30.915059199999995
        ]
    }
}