{
    "labels": [
        "output_model_falcon-7b.txt",
        "output_model_llama2-13b-hf.txt",
        "output_model_llama2-7b-hf.txt",
        "output_model_llama3-3b.txt",
        "output_model_qwen-0.5b.txt",
        "output_model_qwen-14b.txt",
        "output_model_qwen-1.8b.txt",
        "output_model_qwen-4b.txt",
        "output_model_qwen-7b.txt",
        "output_model_yi-6b.txt",
        "output_model_yi-9b.txt"
    ],
    "data": {
        "load_weights": [
            1.8780000000000001,
            3.5060000000000002,
            1.81,
            0.866,
            0.14400000000000002,
            3.772,
            0.506,
            1.0740000000000003,
            2.098,
            1.64,
            2.4
        ],
        "model_init": [
            0.11000000000000001,
            0.12,
            0.11000000000000001,
            0.13,
            0.092,
            0.12,
            0.1,
            0.12,
            0.11000000000000001,
            0.11000000000000001,
            0.13
        ],
        "model_loading": [
            1.9880000000000002,
            3.6260000000000003,
            1.9200000000000002,
            0.996,
            0.23600000000000002,
            3.892,
            0.606,
            1.1940000000000004,
            2.2079999999999997,
            1.75,
            2.53
        ],
        "dynamo_transform_time": [
            4.023999999999999,
            5.932,
            4.955999999999999,
            4.152,
            3.71,
            6.16,
            3.752,
            6.000000000000001,
            4.984,
            4.906000000000001,
            6.984
        ],
        "graph_compile_general_shape": [
            null,
            null,
            null,
            null,
            null,
            null,
            null,
            null,
            null,
            null,
            null
        ],
        "graph_compile_cached": [
            3.4396,
            4.471400000000001,
            3.5135999999999994,
            3.2598,
            2.6206000000000005,
            4.5124,
            2.6654,
            4.5526,
            3.6438,
            3.7769999999999997,
            5.6638
        ],
        "torch.compile": [
            4.023999999999999,
            5.932,
            4.955999999999999,
            4.152,
            3.71,
            6.16,
            3.752,
            6.000000000000001,
            4.984,
            4.906000000000001,
            6.984
        ],
        "kv_cache_profiling": [
            9.09,
            12.174000000000001,
            9.941999999999997,
            8.937999999999999,
            7.736,
            12.464,
            7.83,
            12.174,
            10.122,
            10.14,
            14.796
        ],
        "graph_capturing": [
            1.4679999999999997,
            2.316,
            1.462,
            0.986,
            0.63,
            2.332,
            0.712,
            1.182,
            1.4920000000000002,
            1.3760000000000001,
            1.9619999999999997
        ],
        "init_engine": [
            10.558,
            14.490000000000002,
            11.403999999999996,
            9.924,
            8.366,
            14.796,
            8.542,
            13.356,
            11.614,
            11.516,
            16.758
        ],
        "tokenizer_init": [
            0.12,
            0.08,
            0.08,
            0.28400000000000003,
            0.248,
            0.246,
            0.248,
            0.25,
            0.248,
            0.154,
            0.15
        ],
        "total_time": [
            12.665999999999999,
            18.196,
            13.403999999999996,
            11.204,
            8.85,
            18.933999999999997,
            9.395999999999999,
            14.8,
            14.07,
            13.42,
            19.438
        ],
        "actual_total_time": [
            23.166447599999998,
            28.321396600000003,
            23.545703999999997,
            21.5499516,
            19.1455384,
            29.253947399999998,
            19.6814418,
            25.1104616,
            24.370320200000002,
            23.633664,
            29.6570592
        ]
    }
}