{
    "labels": [
        "output_model_falcon-7b.txt",
        "output_model_llama2-13b-hf.txt",
        "output_model_llama2-7b-hf.txt",
        "output_model_llama3-3b.txt",
        "output_model_qwen-0.5b.txt",
        "output_model_qwen-14b.txt",
        "output_model_qwen-1.8b.txt",
        "output_model_qwen-4b.txt",
        "output_model_qwen-7b.txt",
        "output_model_yi-6b.txt",
        "output_model_yi-9b.txt"
    ],
    "data": {
        "load_weights": [
            8.14,
            14.35,
            7.578,
            3.618,
            0.584,
            15.478,
            2.178,
            4.524,
            8.736,
            6.756,
            9.713999999999999
        ],
        "model_init": [
            0.20400000000000001,
            0.22000000000000003,
            0.20800000000000002,
            0.244,
            0.18,
            0.22600000000000003,
            0.192,
            0.22200000000000003,
            0.20800000000000002,
            0.20800000000000002,
            0.23199999999999998
        ],
        "model_loading": [
            8.344000000000001,
            14.57,
            7.7860000000000005,
            3.862,
            0.764,
            15.704,
            2.37,
            4.746,
            8.944,
            6.964,
            9.945999999999998
        ],
        "dynamo_transform_time": [
            7.2440000000000015,
            9.988,
            8.296,
            7.44,
            6.494,
            10.184,
            6.736,
            10.309999999999999,
            8.506,
            8.303999999999998,
            11.652000000000001
        ],
        "graph_compile_general_shape": [
            null,
            null,
            null,
            null,
            null,
            null,
            null,
            null,
            null,
            null,
            null
        ],
        "graph_compile_cached": [
            6.906000000000001,
            9.521,
            7.521000000000001,
            6.7104,
            5.3926,
            9.8712,
            5.9184,
            9.4036,
            7.6659999999999995,
            7.1049999999999995,
            10.003400000000001
        ],
        "torch.compile": [
            7.2440000000000015,
            9.988,
            8.296,
            7.44,
            6.494,
            10.184,
            6.736,
            10.309999999999999,
            8.506,
            8.303999999999998,
            11.652000000000001
        ],
        "kv_cache_profiling": [
            17.418000000000003,
            24.454,
            18.08,
            16.79,
            13.905999999999999,
            25.016,
            14.474,
            23.22,
            18.406,
            17.58,
            24.532000000000004
        ],
        "graph_capturing": [
            1.374,
            1.9799999999999998,
            1.388,
            1.102,
            0.938,
            1.9920000000000002,
            0.97,
            1.394,
            1.374,
            1.346,
            1.8699999999999999
        ],
        "init_engine": [
            18.792,
            26.434,
            19.467999999999996,
            17.892,
            14.844,
            27.008,
            15.444,
            24.613999999999997,
            19.779999999999998,
            18.926,
            26.402000000000005
        ],
        "tokenizer_init": [
            0.182,
            0.134,
            0.132,
            0.454,
            0.39,
            0.384,
            0.38999999999999996,
            0.386,
            0.38400000000000006,
            0.246,
            0.25
        ],
        "total_time": [
            27.318,
            41.138000000000005,
            27.386,
            22.208,
            15.998,
            43.096000000000004,
            18.204,
            29.746,
            29.107999999999997,
            26.136,
            36.598
        ],
        "actual_total_time": [
            42.636699,
            55.9113788,
            42.1544298,
            37.356303,
            31.122531600000002,
            58.1938058,
            33.2986158,
            44.793050799999996,
            44.07228979999999,
            41.0668654,
            51.5858384
        ]
    }
}