{
    "labels": [
        "output_model_falcon-7b.txt",
        "output_model_llama2-13b-hf.txt",
        "output_model_llama2-7b-hf.txt",
        "output_model_llama3-3b.txt",
        "output_model_qwen-0.5b.txt",
        "output_model_qwen-14b.txt",
        "output_model_qwen-1.8b.txt",
        "output_model_qwen-4b.txt",
        "output_model_qwen-7b.txt",
        "output_model_yi-6b.txt",
        "output_model_yi-9b.txt"
    ],
    "data": {
        "detect_platfrom": [
            0.2,
            0.2,
            0.2,
            0.0,
            0.0,
            0.0,
            0.0,
            0.0,
            0.2,
            0.0,
            0.0
        ],
        "llm_imports": [
            1.6,
            1.6,
            1.6,
            1.6,
            1.8,
            1.6,
            1.8,
            1.2,
            1.4,
            1.6,
            1.6
        ],
        "get_model_info": [
            6.8,
            6.4,
            6.8,
            6.6,
            6.6,
            6.6,
            6.6,
            6.4,
            6.6,
            6.8,
            6.6
        ],
        "worker_init": [
            2.0,
            2.0,
            1.8,
            2.0,
            2.0,
            1.8,
            2.0,
            2.0,
            2.0,
            2.0,
            1.8
        ],
        "framework_bootstrap": [
            10.6,
            10.200000000000001,
            10.4,
            10.2,
            10.4,
            10.0,
            10.4,
            9.600000000000001,
            10.2,
            10.4,
            10.0
        ],
        "load_weights": [
            8.14,
            14.35,
            7.578,
            3.618,
            0.584,
            15.478,
            2.178,
            4.524,
            8.736,
            6.756,
            9.713999999999999
        ],
        "model_init": [
            0.20400000000000001,
            0.22000000000000003,
            0.20800000000000002,
            0.244,
            0.18,
            0.22600000000000003,
            0.192,
            0.22200000000000003,
            0.20800000000000002,
            0.20800000000000002,
            0.23199999999999998
        ],
        "model_loading": [
            8.344000000000001,
            14.57,
            7.7860000000000005,
            3.862,
            0.764,
            15.704,
            2.37,
            4.746,
            8.944,
            6.964,
            9.945999999999998
        ],
        "dynamo_transform_time": [
            7.2440000000000015,
            9.988,
            8.296,
            7.44,
            6.494,
            10.184,
            6.736,
            10.309999999999999,
            8.506,
            8.303999999999998,
            11.652000000000001
        ],
        "graph_compile_general_shape": [
            null,
            null,
            null,
            null,
            null,
            null,
            null,
            null,
            null,
            null,
            null
        ],
        "graph_compile_cached": [
            6.906000000000001,
            9.521,
            7.521000000000001,
            6.7104,
            5.3926,
            9.8712,
            5.9184,
            9.4036,
            7.6659999999999995,
            7.1049999999999995,
            10.003400000000001
        ],
        "torch.compile": [
            7.2440000000000015,
            9.988,
            8.296,
            7.44,
            6.494,
            10.184,
            6.736,
            10.309999999999999,
            8.506,
            8.303999999999998,
            11.652000000000001
        ],
        "kv_cache_profiling": [
            3.2680000000000007,
            4.9449999999999985,
            2.2630000000000003,
            2.6395999999999997,
            2.0193999999999996,
            4.960800000000002,
            1.8195999999999994,
            3.5064,
            2.233999999999999,
            2.1709999999999994,
            2.876600000000001
        ],
        "graph_capturing": [
            1.374,
            1.9799999999999998,
            1.388,
            1.102,
            0.938,
            1.9920000000000002,
            0.97,
            1.394,
            1.374,
            1.346,
            1.8699999999999999
        ],
        "init_engine": [
            18.792,
            26.433999999999997,
            19.468,
            17.892,
            14.844,
            27.008000000000003,
            15.443999999999999,
            24.613999999999997,
            19.78,
            18.926,
            26.402
        ],
        "tokenizer_init": [
            0.182,
            0.134,
            0.132,
            0.454,
            0.39,
            0.384,
            0.38999999999999996,
            0.386,
            0.38400000000000006,
            0.246,
            0.25
        ],
        "total_time": [
            37.918000000000006,
            51.338,
            37.785999999999994,
            32.408,
            26.398,
            53.096000000000004,
            28.604,
            39.346000000000004,
            39.308,
            36.536,
            46.598
        ],
        "actual_total_time": [
            45.152699000000005,
            58.709378799999996,
            44.95242979999999,
            40.368303000000004,
            33.7725316,
            60.9158058,
            35.5746158,
            47.1230508,
            46.7462898,
            43.7548654,
            54.3138384
        ]
    }
}