{
    "labels": [
        "output_model_deepseek-r1-distill-llama-8b.txt",
        "output_model_deepseek-v2-lite-16b.txt",
        "output_model_llama2-13b-hf.txt",
        "output_model_llama3-3b.txt",
        "output_model_qwen-0.5b.txt",
        "output_model_qwen-14.3b.txt",
        "output_model_qwen-1.8b.txt",
        "output_model_qwen-4b.txt",
        "output_model_qwen-7b.txt",
        "output_model_yi-9b.txt"
    ],
    "data": {
        "detect_platform": [
            0.016,
            0.016,
            0.017,
            0.017,
            0.017,
            0.016,
            0.02,
            0.016,
            0.016,
            0.016
        ],
        "llm_imports": [
            1.432,
            1.412,
            1.421,
            1.414,
            1.394,
            1.403,
            1.416,
            1.423,
            1.41,
            1.418
        ],
        "get_model_info": [
            5.218,
            5.26,
            5.227,
            5.262,
            5.198,
            5.246,
            5.211,
            5.267,
            5.265,
            5.233
        ],
        "worker_init": [
            2.033,
            2.026,
            2.017,
            2.024,
            2.031,
            2.044,
            2.042,
            2.018,
            2.019,
            2.019
        ],
        "framework_bootstrap": [
            8.699,
            8.713999999999999,
            8.682,
            8.716999999999999,
            8.64,
            8.709000000000001,
            8.689,
            8.724,
            8.71,
            8.686
        ],
        "load_weights": [
            1.94,
            4.18,
            3.18,
            0.79,
            0.13,
            3.71,
            0.46,
            0.98,
            1.89,
            2.18
        ],
        "model_init": [
            0.15,
            0.17,
            0.14,
            0.15,
            0.11,
            0.13,
            0.11,
            0.14,
            0.13,
            0.15
        ],
        "model_loading": [
            2.096495,
            4.36474,
            3.322353,
            0.940483,
            0.240184,
            3.851685,
            0.576055,
            1.124136,
            2.025358,
            2.329309
        ],
        "dynamo_transform_time": [
            null,
            null,
            null,
            null,
            null,
            null,
            null,
            null,
            null,
            null
        ],
        "graph_compile_general_shape": [
            null,
            null,
            null,
            null,
            null,
            null,
            null,
            null,
            null,
            null
        ],
        "graph_compile_cached": [
            null,
            null,
            null,
            null,
            null,
            null,
            null,
            null,
            null,
            null
        ],
        "torch.compile": [
            null,
            null,
            null,
            null,
            null,
            null,
            null,
            null,
            null,
            null
        ],
        "kv_cache_profiling": [
            0.71,
            0.97,
            0.8,
            0.66,
            0.65,
            0.96,
            0.67,
            0.69,
            0.72,
            0.75
        ],
        "graph_capturing": [
            1.52,
            2.57,
            1.9,
            1.38,
            1.27,
            1.95,
            1.26,
            1.83,
            1.49,
            2.0
        ],
        "init_engine": [
            2.7,
            4.04,
            3.19,
            2.52,
            2.4,
            3.4,
            2.4,
            3.0,
            2.69,
            3.24
        ],
        "tokenizer_init": [
            0.36,
            0.21,
            0.09,
            0.29,
            0.25,
            0.25,
            0.25,
            0.26,
            0.25,
            0.15
        ],
        "total_time": [
            13.855494999999998,
            17.32874,
            15.284353,
            12.467482999999998,
            11.530184,
            16.210685,
            11.915055,
            13.108136,
            13.675358000000001,
            14.405309
        ],
        "actual_total_time": [
            15.059,
            18.407,
            16.202,
            13.596,
            12.643,
            17.309,
            13.021,
            14.215,
            14.771,
            15.425
        ]
    }
}