{
    "labels": [
        "output_model_falcon-7b.txt",
        "output_model_llama2-13b-hf.txt",
        "output_model_llama2-7b-hf.txt",
        "output_model_llama3-3b.txt",
        "output_model_qwen-0.5b.txt",
        "output_model_qwen-14b.txt",
        "output_model_qwen-1.8b.txt",
        "output_model_qwen-4b.txt",
        "output_model_qwen-7b.txt",
        "output_model_yi-6b.txt",
        "output_model_yi-9b.txt"
    ],
    "data": {
        "load_weights": [
            3.5200000000000005,
            6.046000000000001,
            3.0700000000000003,
            1.448,
            0.21200000000000002,
            6.272,
            0.826,
            1.714,
            3.372,
            2.692,
            3.9379999999999997
        ],
        "model_init": [
            0.134,
            0.16199999999999998,
            0.144,
            0.122,
            0.094,
            0.35000000000000003,
            0.15799999999999997,
            0.176,
            0.22999999999999998,
            0.188,
            0.174
        ],
        "model_loading": [
            3.6540000000000004,
            6.208000000000001,
            3.2140000000000004,
            1.5699999999999998,
            0.30600000000000005,
            6.622,
            0.984,
            1.89,
            3.602,
            2.8800000000000003,
            4.112
        ],
        "dynamo_transform_time": [
            4.098,
            5.3420000000000005,
            4.406,
            3.7599999999999993,
            3.368,
            5.402000000000001,
            3.3620000000000005,
            5.4719999999999995,
            4.498,
            4.394,
            6.292
        ],
        "graph_compile_general_shape": [
            null,
            null,
            null,
            null,
            null,
            null,
            null,
            null,
            null,
            null,
            null
        ],
        "graph_compile_cached": [
            3.7174,
            4.8256,
            3.8996000000000004,
            3.4656000000000007,
            2.9648,
            5.0272,
            2.9617999999999998,
            5.5612,
            3.8998,
            4.067200000000001,
            6.195799999999999
        ],
        "torch.compile": [
            4.098,
            5.3420000000000005,
            4.406,
            3.7599999999999993,
            3.368,
            5.402000000000001,
            3.3620000000000005,
            5.4719999999999995,
            4.498,
            4.394,
            6.292
        ],
        "kv_cache_profiling": [
            10.134,
            12.42,
            9.559999999999999,
            8.54,
            7.584,
            12.758000000000001,
            7.622,
            12.606,
            9.771999999999998,
            9.724,
            14.392
        ],
        "graph_capturing": [
            1.384,
            1.7420000000000002,
            1.278,
            1.174,
            1.006,
            1.8239999999999998,
            1.018,
            1.55,
            1.454,
            1.3139999999999998,
            1.59
        ],
        "init_engine": [
            11.518,
            14.162,
            10.838,
            9.713999999999999,
            8.59,
            14.582,
            8.64,
            14.156,
            11.225999999999999,
            11.038,
            15.982
        ],
        "tokenizer_init": [
            0.43,
            0.374,
            0.336,
            0.536,
            0.5039999999999999,
            0.51,
            0.502,
            0.528,
            0.5,
            0.41600000000000004,
            0.426
        ],
        "total_time": [
            15.602,
            20.744,
            14.388,
            11.819999999999999,
            9.4,
            21.714000000000002,
            10.126000000000001,
            16.573999999999998,
            15.328,
            14.334000000000001,
            20.52
        ],
        "actual_total_time": [
            26.9837024,
            30.8045696,
            24.335975,
            22.439039599999997,
            20.0609208,
            31.794304400000005,
            20.552373600000003,
            26.9349298,
            25.272398599999995,
            24.5077886,
            30.917998400000002
        ]
    }
}