{
    "labels": [
        "output_model_falcon-7b.txt",
        "output_model_llama2-13b-hf.txt",
        "output_model_llama2-7b-hf.txt",
        "output_model_llama3-3b.txt",
        "output_model_qwen-0.5b.txt",
        "output_model_qwen-14b.txt",
        "output_model_qwen-1.8b.txt",
        "output_model_qwen-4b.txt",
        "output_model_qwen-7b.txt",
        "output_model_yi-6b.txt",
        "output_model_yi-9b.txt"
    ],
    "data": {
        "detect_platfrom": [
            0.4,
            0.6,
            0.8,
            0.4,
            0.4,
            0.2,
            0.2,
            0.4,
            0.2,
            0.4,
            0.0
        ],
        "llm_imports": [
            1.6,
            1.2,
            1.0,
            1.4,
            1.4,
            1.6,
            1.2,
            1.2,
            1.2,
            1.6,
            1.4
        ],
        "get_model_info": [
            7.2,
            6.8,
            6.8,
            6.8,
            7.0,
            7.0,
            7.0,
            6.8,
            6.8,
            6.8,
            7.2
        ],
        "worker_init": [
            2.6,
            2.2,
            2.4,
            2.4,
            2.4,
            2.2,
            2.2,
            2.0,
            2.0,
            2.2,
            2.4
        ],
        "framework_bootstrap": [
            11.799999999999999,
            10.8,
            11.0,
            11.0,
            11.200000000000001,
            11.0,
            10.600000000000001,
            10.4,
            10.2,
            11.0,
            11.0
        ],
        "load_weights": [
            3.5200000000000005,
            6.046000000000001,
            3.0700000000000003,
            1.448,
            0.21200000000000002,
            6.272,
            0.826,
            1.714,
            3.372,
            2.692,
            3.9379999999999997
        ],
        "model_init": [
            0.134,
            0.16199999999999998,
            0.144,
            0.122,
            0.094,
            0.35000000000000003,
            0.15799999999999997,
            0.176,
            0.22999999999999998,
            0.188,
            0.174
        ],
        "model_loading": [
            3.6540000000000004,
            6.208000000000001,
            3.2140000000000004,
            1.5699999999999998,
            0.30600000000000005,
            6.622,
            0.984,
            1.89,
            3.602,
            2.8800000000000003,
            4.112
        ],
        "dynamo_transform_time": [
            4.098,
            5.3420000000000005,
            4.406,
            3.7599999999999993,
            3.368,
            5.402000000000001,
            3.3620000000000005,
            5.4719999999999995,
            4.498,
            4.394,
            6.292
        ],
        "graph_compile_general_shape": [
            null,
            null,
            null,
            null,
            null,
            null,
            null,
            null,
            null,
            null,
            null
        ],
        "graph_compile_cached": [
            3.7174,
            4.8256,
            3.8996000000000004,
            3.4656000000000007,
            2.9648,
            5.0272,
            2.9617999999999998,
            5.5612,
            3.8998,
            4.067200000000001,
            6.195799999999999
        ],
        "torch.compile": [
            4.098,
            5.3420000000000005,
            4.406,
            3.7599999999999993,
            3.368,
            5.402000000000001,
            3.3620000000000005,
            5.4719999999999995,
            4.498,
            4.394,
            6.292
        ],
        "kv_cache_profiling": [
            2.3186000000000004,
            2.2523999999999993,
            1.2544,
            1.3143999999999996,
            1.2511999999999996,
            2.3287999999999998,
            1.2982,
            1.5727999999999998,
            1.3741999999999996,
            1.2628,
            1.9042
        ],
        "graph_capturing": [
            1.384,
            1.7420000000000002,
            1.278,
            1.174,
            1.006,
            1.8239999999999998,
            1.018,
            1.55,
            1.454,
            1.3139999999999998,
            1.59
        ],
        "init_engine": [
            11.518,
            14.162,
            10.838000000000001,
            9.714,
            8.59,
            14.582,
            8.64,
            14.156,
            11.225999999999999,
            11.038,
            15.982
        ],
        "tokenizer_init": [
            0.43,
            0.374,
            0.336,
            0.536,
            0.5039999999999999,
            0.51,
            0.502,
            0.528,
            0.5,
            0.41600000000000004,
            0.426
        ],
        "total_time": [
            27.402,
            31.544,
            25.387999999999998,
            22.82,
            20.6,
            32.714,
            20.726000000000003,
            26.974,
            25.528,
            25.334,
            31.52
        ],
        "actual_total_time": [
            29.0897024,
            32.5345696,
            26.209975,
            24.1510396,
            21.990920799999998,
            33.5363044,
            22.140373600000004,
            28.6129298,
            26.7983986,
            26.4997886,
            32.4959984
        ]
    }
}