{
    "labels": [
        "output_model_falcon-7b.txt",
        "output_model_llama2-13b-hf.txt",
        "output_model_llama2-7b-hf.txt",
        "output_model_llama3-3b.txt",
        "output_model_qwen-0.5b.txt",
        "output_model_qwen-14b_max_model_len_16752.txt",
        "output_model_qwen-1.8b.txt",
        "output_model_qwen-4b.txt",
        "output_model_qwen-7b.txt",
        "output_model_yi-6b.txt",
        "output_model_yi-9b.txt"
    ],
    "data": {
        "detect_platform": [
            0.034,
            0.0342,
            0.0344,
            0.0342,
            0.0342,
            0.0342,
            0.0342,
            0.0342,
            0.034,
            0.0344,
            0.034
        ],
        "llm_imports": [
            1.4771999999999998,
            1.494,
            1.4862000000000002,
            1.481,
            1.4842,
            1.4768,
            1.4815999999999998,
            1.4846,
            1.4814,
            1.4856000000000003,
            1.481
        ],
        "get_model_info": [
            5.399,
            5.396800000000001,
            5.4178,
            5.3952,
            5.4068000000000005,
            5.4054,
            5.4184,
            5.4328,
            5.411800000000001,
            5.4028,
            5.4142
        ],
        "worker_init": [
            1.7530000000000001,
            1.7478000000000002,
            1.7672,
            1.7675999999999998,
            1.7643999999999997,
            1.7814,
            1.7692,
            1.7842000000000002,
            1.7566000000000002,
            1.7808,
            1.7568000000000001
        ],
        "framework_bootstrap": [
            8.6632,
            8.6728,
            8.7056,
            8.678,
            8.6896,
            8.6978,
            8.7034,
            8.735800000000001,
            8.683800000000002,
            8.7036,
            8.686
        ],
        "load_weights": [
            1.7220000000000002,
            3.16,
            1.6320000000000001,
            0.78,
            0.13,
            3.4159999999999995,
            0.454,
            0.976,
            1.888,
            1.48,
            2.146
        ],
        "model_init": [
            0.12,
            0.13,
            0.12,
            0.14,
            0.1,
            0.13,
            0.11000000000000001,
            0.13,
            0.122,
            0.12,
            0.14
        ],
        "model_loading": [
            1.842,
            3.29,
            1.7520000000000002,
            0.92,
            0.23,
            3.5459999999999994,
            0.5640000000000001,
            1.1059999999999999,
            2.01,
            1.6,
            2.286
        ],
        "dynamo_transform_time": [
            4.772,
            6.876,
            5.4399999999999995,
            4.815999999999999,
            4.308,
            7.014,
            4.298,
            7.029999999999999,
            5.508,
            5.395999999999999,
            8.07
        ],
        "graph_compile_general_shape": [
            null,
            null,
            null,
            null,
            null,
            null,
            null,
            null,
            null,
            null,
            null
        ],
        "graph_compile_cached": [
            4.2792,
            5.718999999999999,
            4.5036,
            4.1652000000000005,
            3.5772,
            5.7876,
            3.6410000000000005,
            5.675400000000001,
            4.501399999999999,
            4.7424,
            7.152200000000001
        ],
        "torch.compile": [
            4.772,
            6.876,
            5.4399999999999995,
            4.815999999999999,
            4.308,
            7.014,
            4.298,
            7.029999999999999,
            5.508,
            5.395999999999999,
            8.07
        ],
        "kv_cache_profiling": [
            2.4448000000000008,
            2.657,
            1.9423999999999992,
            1.7788000000000004,
            1.3908,
            2.6724,
            1.4069999999999996,
            1.8765999999999998,
            1.9665999999999997,
            1.9276000000000004,
            2.1478000000000006
        ],
        "graph_capturing": [
            1.172,
            1.484,
            1.1359999999999997,
            1.0499999999999998,
            0.962,
            1.54,
            0.9479999999999998,
            1.3359999999999999,
            1.1640000000000001,
            1.154,
            1.512
        ],
        "init_engine": [
            12.668000000000001,
            16.736,
            13.021999999999998,
            11.809999999999999,
            10.238,
            17.014,
            10.294,
            15.918,
            13.14,
            13.219999999999999,
            18.882
        ],
        "tokenizer_init": [
            0.12,
            0.082,
            0.08,
            0.28200000000000003,
            0.248,
            0.246,
            0.242,
            0.252,
            0.246,
            0.16,
            0.16
        ],
        "total_time": [
            23.293200000000002,
            28.780800000000003,
            23.559599999999996,
            21.69,
            19.405600000000003,
            29.5038,
            19.8034,
            26.011799999999997,
            24.079800000000002,
            23.6836,
            30.014
        ],
        "actual_total_time": [
            25.0454242,
            29.677932200000004,
            24.4564082,
            22.8016784,
            20.472301800000004,
            30.5682866,
            20.8712454,
            27.077162799999996,
            25.141537000000003,
            24.669989599999997,
            30.991045399999997
        ]
    }
}