{
    "labels": [
        "output_model_deepseek-r1-distill-llama-8b.txt",
        "output_model_deepseek-v2-lite-16b.txt",
        "output_model_llama2-13b-hf.txt",
        "output_model_llama3-3b.txt",
        "output_model_qwen-0.5b.txt",
        "output_model_qwen-14.3b.txt",
        "output_model_qwen-1.8b.txt",
        "output_model_qwen-4b.txt",
        "output_model_qwen-7b.txt",
        "output_model_yi-9b.txt"
    ],
    "data": {
        "detect_platform": [
            0.016,
            0.016,
            0.017,
            0.016,
            0.016,
            0.017,
            0.016,
            0.016,
            0.016,
            0.017
        ],
        "llm_imports": [
            1.428,
            1.413,
            1.417,
            1.421,
            1.419,
            1.413,
            1.414,
            1.422,
            1.419,
            1.407
        ],
        "get_model_info": [
            5.258,
            5.245,
            5.276,
            5.216,
            5.219,
            5.308,
            5.225,
            5.225,
            5.219,
            5.225
        ],
        "worker_init": [
            2.035,
            2.038,
            1.993,
            2.037,
            2.04,
            2.052,
            2.022,
            2.036,
            2.034,
            2.018
        ],
        "framework_bootstrap": [
            8.737,
            8.712,
            8.703,
            8.690000000000001,
            8.693999999999999,
            8.79,
            8.677,
            8.699,
            8.687999999999999,
            8.666999999999998
        ],
        "load_weights": [
            1.97,
            4.16,
            3.17,
            0.8,
            0.13,
            3.74,
            0.46,
            0.99,
            1.92,
            2.19
        ],
        "model_init": [
            0.14,
            0.17,
            0.14,
            0.14,
            0.11,
            0.13,
            0.12,
            0.14,
            0.13,
            0.15
        ],
        "model_loading": [
            2.122477,
            4.348464,
            3.314364,
            0.939938,
            0.240467,
            3.875506,
            0.581862,
            1.129852,
            2.045956,
            2.34733
        ],
        "dynamo_transform_time": [
            null,
            null,
            null,
            null,
            null,
            null,
            null,
            null,
            null,
            null
        ],
        "graph_compile_general_shape": [
            null,
            null,
            null,
            null,
            null,
            null,
            null,
            null,
            null,
            null
        ],
        "graph_compile_cached": [
            null,
            null,
            null,
            null,
            null,
            null,
            null,
            null,
            null,
            null
        ],
        "torch.compile": [
            null,
            null,
            null,
            null,
            null,
            null,
            null,
            null,
            null,
            null
        ],
        "kv_cache_profiling": [
            0.7,
            0.96,
            0.8,
            0.67,
            0.66,
            0.95,
            0.67,
            0.69,
            0.73,
            0.75
        ],
        "graph_capturing": [
            1.5,
            2.57,
            1.9,
            1.4,
            1.29,
            1.94,
            1.28,
            1.83,
            1.49,
            1.99
        ],
        "init_engine": [
            2.67,
            4.03,
            3.18,
            2.55,
            2.43,
            3.37,
            2.42,
            3.0,
            2.71,
            3.24
        ],
        "tokenizer_init": [
            0.36,
            0.21,
            0.09,
            0.29,
            0.25,
            0.25,
            0.26,
            0.25,
            0.25,
            0.16
        ],
        "total_time": [
            13.889477,
            17.300464,
            15.287363999999998,
            12.469937999999999,
            11.614467,
            16.285505999999998,
            11.938861999999999,
            13.078852,
            13.693956,
            14.414329999999998
        ],
        "actual_total_time": [
            15.102,
            18.381,
            16.218,
            13.626,
            12.743,
            17.395,
            13.056,
            14.195,
            14.813,
            15.444
        ]
    }
}