{
    "labels": [
        "output_model_granite4.0-h-32b_no-enable-prefix-caching_.txt",
        "output_model_granite4.0-h-3b_no-enable-prefix-caching_.txt"
    ],
    "data": {
        "detect_platform": [
            0.0152,
            0.0152
        ],
        "llm_imports": [
            1.3798,
            1.3886
        ],
        "get_model_info": [
            4.9332,
            4.9346
        ],
        "worker_init": [
            0.9405999999999999,
            0.9789999999999999
        ],
        "framework_bootstrap": [
            7.268800000000001,
            7.3174
        ],
        "load_weights": [
            8.134,
            0.8100000000000002
        ],
        "model_init": [
            0.11000000000000001,
            0.09
        ],
        "model_loading": [
            8.244,
            0.9000000000000001
        ],
        "dynamo_transform_time": [
            3.254,
            2.5919999999999996
        ],
        "graph_compile_general_shape": [
            null,
            null
        ],
        "graph_compile_cached": [
            3.1118,
            2.353
        ],
        "torch.compile": [
            3.254,
            2.5919999999999996
        ],
        "kv_cache_profiling": [
            1.6641999999999997,
            1.3569999999999995
        ],
        "graph_capturing": [
            2.768,
            1.656
        ],
        "init_engine": [
            10.798,
            7.957999999999999
        ],
        "tokenizer_init": [
            0.198,
            0.198
        ],
        "total_time": [
            26.5088,
            16.3734
        ],
        "actual_total_time": [
            28.545119600000003,
            18.4126962
        ]
    }
}