{
    "labels": [
        "output_model_qwen-4b_load-format_safetensors.txt",
        "output_model_qwen-4b_load-format_runai_streamer.txt",
        "output_model_qwen-4b-tensorized_load-format_tensorizer.txt",
        "output_model_yi-6b_load-format_safetensors.txt",
        "output_model_yi-6b_load-format_runai_streamer.txt",
        "output_model_yi-6b-tensorized_load-format_tensorizer.txt",
        "output_model_llama2-13b-hf_load-format_safetensors.txt",
        "output_model_llama2-13b-hf_load-format_runai_streamer.txt",
        "output_model_llama2-13b-hf-tensorized_load-format_tensorizer.txt",
        "output_model_llama2-7b-hf_load-format_safetensors.txt",
        "output_model_llama2-7b-hf_load-format_runai_streamer.txt",
        "output_model_llama2-7b-hf-tensorized_load-format_tensorizer.txt",
        "output_model_falcon-7b_load-format_safetensors.txt",
        "output_model_falcon-7b_load-format_runai_streamer.txt",
        "output_model_falcon-7b-tensorized_load-format_tensorizer.txt"
    ],
    "data": {
        "detect_platfrom": [
            0.034,
            0.0344,
            0.034,
            0.034,
            0.0342,
            0.034,
            0.034,
            0.034,
            0.0342,
            0.034,
            0.0344,
            0.034,
            0.0342,
            0.034,
            0.034
        ],
        "llm_imports": [
            1.3984,
            1.3840000000000001,
            1.3840000000000003,
            1.3692,
            1.3818,
            1.3768,
            1.381,
            1.3750000000000002,
            1.3746,
            1.3746,
            1.4094000000000002,
            1.3632,
            1.3614000000000002,
            1.3716000000000002,
            1.3923999999999999
        ],
        "get_model_info": [
            5.0132,
            5.014799999999999,
            5.0296,
            5.0200000000000005,
            5.0344,
            5.0194,
            5.0108,
            5.0344,
            5.0322000000000005,
            5.015199999999999,
            5.0144,
            5.0226,
            5.0132,
            5.019,
            5.021800000000001
        ],
        "worker_init": [
            1.4782,
            1.4948000000000001,
            0.7786000000000001,
            1.4933999999999998,
            1.4764000000000002,
            0.7608,
            1.4808,
            1.4918,
            0.7624000000000001,
            1.4776,
            1.4698,
            0.7698,
            1.4842,
            1.4918,
            0.7732
        ],
        "framework_bootstrap": [
            7.923800000000001,
            7.927999999999999,
            7.2262,
            7.916600000000001,
            7.9268,
            7.191,
            7.906599999999999,
            7.9352,
            7.203400000000001,
            7.901399999999999,
            7.928000000000001,
            7.1895999999999995,
            7.893000000000001,
            7.916399999999999,
            7.221400000000001
        ],
        "load_weights": [
            1.118,
            0.5787158000000001,
            1.5761935999999999,
            1.674,
            0.8622664,
            1.5666927999999998,
            3.596,
            1.8515402,
            2.6856761999999996,
            1.858,
            0.953718,
            1.3744703999999999,
            1.902,
            1.1001471999999999,
            1.7159166
        ],
        "model_init": [
            0.13,
            0.13,
            0.138,
            0.12,
            0.12,
            0.13,
            0.13,
            0.13,
            0.14,
            0.12,
            0.12,
            0.128,
            0.12,
            0.12,
            0.126
        ],
        "model_loading": [
            1.2480000000000002,
            0.7087158000000001,
            1.7141935999999998,
            1.794,
            0.9822664,
            1.6966927999999997,
            3.726,
            1.9815402,
            2.8256761999999997,
            1.9780000000000002,
            1.073718,
            1.5024704,
            2.022,
            1.2201472,
            1.8419165999999998
        ],
        "dynamo_transform_time": [
            6.468000000000001,
            6.6,
            6.4879999999999995,
            4.999999999999999,
            4.956,
            4.958,
            6.398,
            6.378,
            6.300000000000002,
            4.976,
            4.996,
            4.962,
            4.534,
            4.608,
            4.576
        ],
        "graph_compile_general_shape": [
            null,
            null,
            null,
            null,
            null,
            null,
            null,
            null,
            null,
            null,
            null,
            null,
            null,
            null,
            null
        ],
        "graph_compile_cached": [
            5.344399999999999,
            5.464799999999999,
            5.3902,
            4.5822,
            4.5632,
            4.4642,
            5.502,
            5.578200000000001,
            5.3948,
            4.2826,
            4.2581999999999995,
            4.2196,
            4.036,
            4.1122,
            4.0526
        ],
        "torch.compile": [
            6.468000000000001,
            6.6,
            6.4879999999999995,
            4.999999999999999,
            4.956,
            4.958,
            6.398,
            6.378,
            6.300000000000002,
            4.976,
            4.996,
            4.962,
            4.534,
            4.608,
            4.576
        ],
        "kv_cache_profiling": [
            13.448,
            13.691999999999998,
            13.514,
            11.299999999999999,
            11.21,
            11.134,
            14.315999999999999,
            14.370000000000001,
            14.110000000000001,
            10.988,
            10.969999999999999,
            10.91,
            10.826,
            10.969999999999999,
            10.878
        ],
        "graph_capturing": [
            1.3060000000000003,
            1.31,
            1.314,
            1.1359999999999997,
            1.1439999999999997,
            1.1359999999999997,
            1.464,
            1.46,
            1.46,
            1.1120000000000003,
            1.112,
            1.1019999999999999,
            1.152,
            1.154,
            1.1460000000000001
        ],
        "init_engine": [
            14.754000000000001,
            15.001999999999999,
            14.828,
            12.435999999999998,
            12.354000000000001,
            12.27,
            15.78,
            15.830000000000002,
            15.57,
            12.1,
            12.081999999999999,
            12.012,
            11.978,
            12.123999999999999,
            12.024000000000001
        ],
        "tokenizer_init": [
            0.258,
            0.254,
            0.252,
            0.16,
            0.16,
            0.156,
            0.08600000000000001,
            0.08800000000000001,
            0.084,
            0.088,
            0.09,
            0.08,
            0.122,
            0.124,
            0.126
        ],
        "total_time": [
            24.1838,
            23.8927158,
            24.0203936,
            22.3066,
            21.4230664,
            21.3136928,
            27.498599999999996,
            25.834740200000002,
            25.6830762,
            22.0674,
            21.173717999999997,
            20.784070399999997,
            22.015,
            21.384547199999997,
            21.213316600000002
        ],