{
    "labels": [
        "output_model_llama2-7b-hf_cuda-graph-sizes_136.txt",
        "output_model_llama2-7b-hf_cuda-graph-sizes_1.txt",
        "output_model_llama2-7b-hf_cuda-graph-sizes_216.txt",
        "output_model_llama2-7b-hf_cuda-graph-sizes_296.txt",
        "output_model_llama2-7b-hf_cuda-graph-sizes_376.txt",
        "output_model_llama2-7b-hf_cuda-graph-sizes_456.txt",
        "output_model_llama2-7b-hf_cuda-graph-sizes_56.txt"
    ],
    "data": {
        "detect_platform": [
            0.016,
            0.016,
            0.016,
            0.016,
            0.017,
            0.016,
            0.017
        ],
        "llm_imports": [
            1.416,
            1.418,
            1.407,
            1.415,
            1.413,
            1.412,
            1.437
        ],
        "get_model_info": [
            5.19,
            5.227,
            5.229,
            5.198,
            5.222,
            5.201,
            5.205
        ],
        "worker_init": [
            2.03,
            1.992,
            2.008,
            2.008,
            1.994,
            2.0,
            2.003
        ],
        "framework_bootstrap": [
            8.652,
            8.653,
            8.66,
            8.637,
            8.646,
            8.629,
            8.661999999999999
        ],
        "load_weights": [
            1.69,
            1.68,
            1.69,
            1.68,
            1.69,
            1.69,
            1.68
        ],
        "model_init": [
            0.13,
            0.13,
            0.13,
            0.12,
            0.13,
            0.13,
            0.13
        ],
        "model_loading": [
            1.820202,
            1.807392,
            1.820485,
            1.812095,
            1.82161,
            1.818973,
            1.810655
        ],
        "dynamo_transform_time": [
            5.54,
            5.38,
            5.42,
            5.43,
            5.41,
            5.39,
            5.42
        ],
        "graph_compile_general_shape": [
            null,
            null,
            null,
            null,
            null,
            null,
            null
        ],
        "graph_compile_cached": [
            4.693,
            4.563,
            4.556,
            4.59,
            4.549,
            4.555,
            4.534
        ],
        "torch.compile": [
            5.54,
            5.38,
            5.42,
            5.43,
            5.41,
            5.39,
            5.42
        ],
        "kv_cache_profiling": [
            1.9469999999999992,
            1.9269999999999996,
            1.9440000000000008,
            1.950000000000001,
            1.931000000000001,
            1.9350000000000005,
            1.9260000000000002
        ],
        "graph_capturing": [
            0.78,
            0.36,
            1.04,
            1.31,
            1.58,
            1.88,
            0.52
        ],
        "init_engine": [
            13.49,
            12.76,
            13.49,
            13.81,
            14.0,
            14.29,
            12.93
        ],
        "tokenizer_init": [
            0.09,
            0.09,
            0.09,
            0.08,
            0.08,
            0.09,
            0.09
        ],
        "total_time": [
            24.052201999999998,
            23.310392,
            24.060485,
            24.339095,
            24.54761,
            24.827972999999997,
            23.492655
        ],
        "actual_total_time": [
            24.995,
            24.23,
            24.988,
            25.277,
            25.494,
            25.763,
            24.419
        ]
    }
}