{
    "labels": [
        "output_model_falcon-7b_container.txt",
        "output_model_falcon-7b_default.txt",
        "output_model_llama2-13b-hf_container.txt",
        "output_model_llama2-13b-hf_default.txt",
        "output_model_llama2-7b-hf_container.txt",
        "output_model_llama2-7b-hf_default.txt",
        "output_model_llama3-3b_container.txt",
        "output_model_llama3-3b_default.txt",
        "output_model_qwen-14.3b_container.txt",
        "output_model_qwen-14.3b_default.txt",
        "output_model_qwen-14b_container.txt",
        "output_model_qwen-14b_default.txt",
        "output_model_qwen-1.8b_container.txt",
        "output_model_qwen-1.8b_default.txt",
        "output_model_qwen-7b_container.txt",
        "output_model_qwen-7b_default.txt",
        "output_model_yi-9b_container.txt",
        "output_model_yi-9b_default.txt"
    ],
    "data": {
        "load_weights": [
            1.86,
            1.86,
            3.54,
            3.51,
            1.89,
            1.81,
            0.89,
            0.87,
            4.1,
            4.08,
            3.76,
            3.75,
            0.5,
            0.5,
            2.12,
            2.09,
            2.35,
            2.35
        ],
        "model_init": [
            0.12,
            0.11,
            0.12,
            0.12,
            0.12,
            0.12,
            0.13,
            0.13,
            0.12,
            0.12,
            0.13,
            0.13,
            0.1,
            0.1,
            0.12,
            0.12,
            0.13,
            0.13
        ],
        "model_loading": [
            1.975509,
            1.981312,
            3.664643,
            3.635597,
            2.01044,
            1.926984,
            1.024756,
            1.006248,
            4.231872,
            4.205123,
            3.892075,
            3.88515,
            0.609068,
            0.608683,
            2.241948,
            2.213811,
            2.485582,
            2.485946
        ],
        "dynamo_transform_time": [
            4.22,
            4.58,
            5.57,
            6.47,
            4.48,
            5.11,
            3.93,
            4.55,
            4.13,
            4.73,
            5.77,
            6.62,
            3.56,
            4.07,
            4.57,
            5.22,
            6.51,
            7.62
        ],
        "graph_compile_general_shape": [
            null,
            null,
            null,
            null,
            null,
            null,
            null,
            null,
            null,
            null,
            null,
            null,
            null,
            null,
            null,
            null,
            null,
            null
        ],
        "graph_compile_cached": [
            3.818,
            4.13,
            4.872,
            5.465,
            4.092,
            4.246,
            3.441,
            3.962,
            2.969,
            3.551,
            4.945,
            5.456,
            3.321,
            3.463,
            4.107,
            4.279,
            5.962,
            6.755
        ],
        "torch.compile": [
            4.22,
            4.58,
            5.57,
            6.47,
            4.48,
            5.11,
            3.93,
            4.55,
            4.13,
            4.73,
            5.77,
            6.62,
            3.56,
            4.07,
            4.57,
            5.22,
            6.51,
            7.62
        ],
        "kv_cache_profiling": [
            10.26,
            10.94,
            12.81,
            14.32,
            10.28,
            11.07,
            8.92,
            10.08,
            8.76,
            9.95,
            13.1,
            14.45,
            8.1,
            8.78,
            10.39,
            11.21,
            14.3,
            16.21
        ],
        "graph_capturing": [
            1.18,
            1.15,
            1.47,
            1.46,
            1.11,
            1.11,
            1.05,
            1.02,
            1.56,
            1.52,
            1.52,
            1.5,
            0.95,
            0.92,
            1.14,
            1.13,
            1.47,
            1.47
        ],
        "init_engine": [
            11.89,
            12.55,
            14.75,
            16.26,
            11.86,
            12.66,
            10.42,
            11.56,
            10.78,
            11.93,
            15.1,
            16.44,
            9.49,
            10.16,
            12.0,
            12.81,
            16.26,
            18.19
        ],
        "tokenizer_init": [
            0.13,
            0.12,
            0.09,
            0.08,
            0.09,
            0.08,
            0.3,
            0.29,
            0.25,
            0.25,
            0.25,
            0.26,
            0.25,
            0.25,
            0.25,
            0.24,
            0.16,
            0.16
        ],
        "total_time": [
            13.995509000000002,
            14.651311999999999,
            18.504642999999998,
            19.975597,
            13.960439999999998,
            14.666984000000001,
            11.744756,
            12.856247999999999,
            15.261872,
            16.385123,
            19.242075,
            20.585150000000002,
            10.349068,
            11.018683,
            14.491948,
            15.263811,
            18.905582000000003,
            20.835946000000003
        ],
        "actual_total_time": [
            22.14,
            22.73,
            25.96,
            27.26,
            21.44,
            21.94,
            19.43,
            20.38,
            22.88,
            23.84,
            26.75,
            28.03,
            17.86,
            18.5,
            21.99,
            22.73,
            26.45,
            28.17
        ]
    }
}