{
    "labels": [
        "output_model_deepseek-r1-distill-llama-8b.txt",
        "output_model_deepseek-v2-lite-16b.txt",
        "output_model_llama2-13b-hf.txt",
        "output_model_llama3-3b.txt",
        "output_model_qwen-0.5b.txt",
        "output_model_qwen-14.3b.txt",
        "output_model_qwen-1.8b.txt",
        "output_model_qwen-4b.txt",
        "output_model_qwen-7b.txt",
        "output_model_yi-9b.txt"
    ],
    "data": {
        "detect_platform": [
            0.016,
            0.017,
            0.016,
            0.016,
            0.016,
            0.016,
            0.016,
            0.017,
            0.016,
            0.016
        ],
        "llm_imports": [
            1.411,
            1.42,
            1.415,
            1.41,
            1.436,
            1.412,
            1.413,
            1.426,
            1.415,
            1.425
        ],
        "get_model_info": [
            5.259,
            5.268,
            5.239,
            5.246,
            5.243,
            5.236,
            5.242,
            5.228,
            5.217,
            5.218
        ],
        "worker_init": [
            2.014,
            2.04,
            1.987,
            2.024,
            2.046,
            2.016,
            2.022,
            2.043,
            2.076,
            2.011
        ],
        "framework_bootstrap": [
            8.7,
            8.745000000000001,
            8.657,
            8.696000000000002,
            8.741,
            8.68,
            8.693,
            8.713999999999999,
            8.724,
            8.67
        ],
        "load_weights": [
            1.95,
            4.18,
            3.18,
            0.8,
            0.13,
            3.73,
            0.46,
            0.98,
            1.9,
            2.17
        ],
        "model_init": [
            0.15,
            0.17,
            0.13,
            0.14,
            0.11,
            0.13,
            0.12,
            0.13,
            0.13,
            0.14
        ],
        "model_loading": [
            2.106674,
            4.358675,
            3.320875,
            0.942173,
            0.242057,
            3.867984,
            0.576559,
            1.121958,
            2.025726,
            2.321157
        ],
        "dynamo_transform_time": [
            null,
            null,
            null,
            null,
            null,
            null,
            null,
            null,
            null,
            null
        ],
        "graph_compile_general_shape": [
            null,
            null,
            null,
            null,
            null,
            null,
            null,
            null,
            null,
            null
        ],
        "graph_compile_cached": [
            null,
            null,
            null,
            null,
            null,
            null,
            null,
            null,
            null,
            null
        ],
        "torch.compile": [
            null,
            null,
            null,
            null,
            null,
            null,
            null,
            null,
            null,
            null
        ],
        "kv_cache_profiling": [
            0.71,
            0.95,
            0.81,
            0.66,
            0.67,
            0.96,
            0.66,
            0.7,
            0.72,
            0.75
        ],
        "graph_capturing": [
            1.52,
            2.57,
            1.89,
            1.38,
            1.29,
            1.96,
            1.26,
            1.84,
            1.48,
            1.97
        ],
        "init_engine": [
            2.7,
            4.01,
            3.17,
            2.52,
            2.44,
            3.41,
            2.39,
            3.03,
            2.68,
            3.21
        ],
        "tokenizer_init": [
            0.36,
            0.21,
            0.08,
            0.29,
            0.25,
            0.26,
            0.25,
            0.26,
            0.25,
            0.16
        ],
        "total_time": [
            13.866674,
            17.323675,
            15.227875000000001,
            12.448173,
            11.673057,
            16.217984,
            11.909559,
            13.125957999999997,
            13.679726,
            14.361156999999999
        ],
        "actual_total_time": [
            15.072,
            18.419,
            16.164,
            13.588,
            12.81,
            17.317,
            13.03,
            14.24,
            14.772,
            15.374
        ]
    }
}