{
    "labels": [
        "output_model_llama2-7b-hf_cuda-graph-sizes_1.txt",
        "output_model_llama2-7b-hf_cuda-graph-sizes_8.txt",
        "output_model_llama2-7b-hf_cuda-graph-sizes_32.txt",
        "output_model_llama2-7b-hf_cuda-graph-sizes_128.txt",
        "output_model_llama2-7b-hf_cuda-graph-sizes_256.txt",
        "output_model_llama2-7b-hf_cuda-graph-sizes_512.txt",
        "output_model_llama2-7b-hf_cuda-graph-sizes_1024.txt",
        "output_model_qwen-1.8b_cuda-graph-sizes_1.txt",
        "output_model_qwen-1.8b_cuda-graph-sizes_8.txt",
        "output_model_qwen-1.8b_cuda-graph-sizes_32.txt",
        "output_model_qwen-1.8b_cuda-graph-sizes_128.txt",
        "output_model_qwen-1.8b_cuda-graph-sizes_256.txt",
        "output_model_qwen-1.8b_cuda-graph-sizes_512.txt",
        "output_model_qwen-1.8b_cuda-graph-sizes_1024.txt"
    ],
    "data": {
        "load_weights": [
            4.984,
            1.8619999999999997,
            1.77,
            1.768,
            1.7719999999999998,
            1.77,
            1.768,
            1.3679999999999999,
            0.524,
            0.5,
            0.5,
            0.5,
            0.5,
            0.49800000000000005
        ],
        "model_init": [
            0.122,
            0.11400000000000002,
            0.11199999999999999,
            0.11000000000000001,
            0.11200000000000002,
            0.11399999999999999,
            0.11200000000000002,
            0.1,
            0.1,
            0.1,
            0.1,
            0.1,
            0.1,
            0.1
        ],
        "model_loading": [
            5.106,
            1.9759999999999998,
            1.8820000000000001,
            1.8780000000000001,
            1.884,
            1.884,
            1.8800000000000001,
            1.468,
            0.624,
            0.6,
            0.6,
            0.6,
            0.6,
            0.5980000000000001
        ],
        "dynamo_transform_time": [
            5.0840000000000005,
            4.852,
            4.884,
            4.9399999999999995,
            4.898,
            4.872,
            4.902,
            3.714,
            3.6760000000000006,
            3.7379999999999995,
            3.7020000000000004,
            3.694,
            3.682,
            3.7199999999999998
        ],
        "graph_compile_general_shape": [
            null,
            null,
            null,
            null,
            null,
            null,
            null,
            null,
            null,
            null,
            null,
            null,
            null,
            null
        ],
        "graph_compile_cached": [
            3.5644,
            3.5501999999999994,
            3.586,
            3.5814,
            3.595,
            3.5549999999999997,
            3.5686,
            2.7339999999999995,
            2.7169999999999996,
            2.7388,
            2.7079999999999997,
            2.7302,
            2.7066000000000003,
            2.715
        ],
        "torch.compile": [
            5.0840000000000005,
            4.852,
            4.884,
            4.9399999999999995,
            4.898,
            4.872,
            4.902,
            3.714,
            3.6760000000000006,
            3.7379999999999995,
            3.7020000000000004,
            3.694,
            3.682,
            3.7199999999999998
        ],
        "kv_cache_profiling": [
            10.036000000000001,
            9.766,
            9.84,
            9.892,
            9.864,
            9.792,
            9.835999999999999,
            7.811999999999999,
            7.756,
            7.845999999999999,
            7.779999999999999,
            7.79,
            7.756,
            7.812
        ],
        "graph_capturing": [
            0.3,
            0.312,
            0.38400000000000006,
            0.6719999999999999,
            1.08,
            1.964,
            4.408,
            0.27,
            0.28200000000000003,
            0.342,
            0.5879999999999999,
            0.8940000000000001,
            1.4679999999999997,
            2.754
        ],
        "init_engine": [
            10.336000000000002,
            10.078,
            10.224,
            10.564,
            10.944,
            11.756,
            14.244,
            8.081999999999999,
            8.038,
            8.187999999999999,
            8.367999999999999,
            8.684000000000001,
            9.224,
            10.566
        ],
        "tokenizer_init": [
            0.084,
            0.08,
            0.08,
            0.08,
            0.08,
            0.08,
            0.08,
            0.254,
            0.248,
            0.246,
            0.25,
            0.25,
            0.25,
            0.246
        ],
        "total_time": [
            15.526000000000002,
            12.133999999999999,
            12.186,
            12.522,
            12.908000000000001,
            13.72,
            16.203999999999997,
            9.803999999999998,
            8.91,
            9.033999999999999,
            9.217999999999998,
            9.534,
            10.074,
            11.410000000000002
        ],
        "actual_total_time": [
            25.6864066,
            22.189842799999997,
            22.247124,
            22.573281200000004,
            22.9860224,
            23.770644,
            26.2728758,
            20.041693799999997,
            19.1391178,
            19.267285599999997,
            19.456546799999998,
            19.777813800000004,
            20.318705,
            21.6282436
        ]
    }
}