{
    "labels": [
        "output_model_falcon-7b.txt",
        "output_model_llama2-13b-hf.txt",
        "output_model_llama2-7b-hf.txt",
        "output_model_llama3-3b.txt",
        "output_model_qwen-0.5b.txt",
        "output_model_qwen-14b.txt",
        "output_model_qwen-1.8b.txt",
        "output_model_qwen-4b.txt",
        "output_model_qwen-7b.txt",
        "output_model_yi-6b.txt",
        "output_model_yi-9b.txt"
    ],
    "data": {
        "detect_platfrom": [
            0.0,
            1.0,
            1.0,
            1.0,
            0.0,
            0.0,
            0.0,
            1.0,
            1.0,
            1.0,
            0.0
        ],
        "llm_imports": [
            2.0,
            1.0,
            1.0,
            1.0,
            2.0,
            1.0,
            2.0,
            1.0,
            1.0,
            1.0,
            1.0
        ],
        "get_model_info": [
            7.0,
            7.0,
            7.0,
            8.0,
            7.0,
            7.0,
            6.0,
            7.0,
            7.0,
            7.0,
            7.0
        ],
        "worker_init": [
            3.0,
            3.0,
            3.0,
            3.0,
            3.0,
            2.0,
            2.0,
            2.0,
            2.0,
            2.0,
            2.0
        ],
        "framework_bootstrap": [
            12.0,
            12.0,
            12.0,
            13.0,
            12.0,
            10.0,
            10.0,
            11.0,
            11.0,
            11.0,
            10.0
        ],
        "load_weights": [
            3.48,
            5.94,
            2.98,
            1.41,
            0.21,
            6.27,
            0.82,
            1.71,
            3.37,
            2.6,
            3.84
        ],
        "model_init": [
            0.13,
            0.12,
            0.11,
            0.12,
            0.11,
            0.11,
            0.1,
            0.11,
            0.11,
            0.1,
            0.12
        ],
        "model_loading": [
            4.235595,
            6.607531,
            3.686216,
            2.068847,
            0.854471,
            6.887026,
            1.57244,
            2.318022,
            3.953867,
            3.313448,
            4.487725
        ],
        "dynamo_transform_time": [
            4.13,
            5.24,
            4.39,
            3.76,
            3.4,
            5.49,
            3.34,
            5.41,
            4.51,
            4.33,
            6.28
        ],
        "graph_compile_general_shape": [
            null,
            null,
            null,
            null,
            null,
            null,
            null,
            null,
            null,
            null,
            null
        ],
        "graph_compile_cached": [
            3.522,
            4.56,
            3.841,
            3.398,
            2.926,
            5.232,
            2.726,
            5.337,
            3.758,
            3.875,
            6.249
        ],
        "torch.compile": [
            4.13,
            5.24,
            4.39,
            3.76,
            3.4,
            5.49,
            3.34,
            5.41,
            4.51,
            4.33,
            6.28
        ],
        "kv_cache_profiling": [
            2.298,
            2.209999999999999,
            1.2390000000000008,
            1.2620000000000005,
            1.4639999999999995,
            2.347999999999999,
            1.1840000000000002,
            1.5229999999999997,
            1.241999999999999,
            1.205,
            1.9809999999999999
        ],
        "graph_capturing": [
            1.26,
            1.56,
            1.23,
            1.19,
            1.07,
            2.11,
            1.12,
            1.81,
            1.98,
            1.42,
            1.58
        ],
        "init_engine": [
            11.51,
            13.8,
            10.95,
            9.83,
            9.07,
            15.43,
            8.58,
            14.34,
            11.71,
            11.04,
            16.4
        ],
        "tokenizer_init": [
            0.37,
            0.34,
            0.34,
            0.56,
            0.48,
            0.54,
            0.49,
            0.58,
            0.48,
            0.41,
            0.44
        ],
        "total_time": [
            28.115595000000003,
            32.74753100000001,
            26.976215999999997,
            25.458847,
            22.404471,
            32.857026,
            20.642439999999997,
            28.238021999999997,
            27.143867,
            25.763448,
            31.327725
        ],
        "actual_total_time": [
            30.0,
            33.0,
            27.0,
            26.0,
            24.0,
            35.0,
            22.0,
            30.0,
            28.0,
            27.0,
            33.0
        ]
    }
}