{
    "labels": [
        "output_model_falcon-7b.txt",
        "output_model_llama2-13b-hf.txt",
        "output_model_llama2-7b-hf.txt",
        "output_model_llama3-3b.txt",
        "output_model_qwen-0.5b.txt",
        "output_model_qwen-14b.txt",
        "output_model_qwen-1.8b.txt",
        "output_model_qwen-4b.txt",
        "output_model_qwen-7b.txt",
        "output_model_yi-6b.txt",
        "output_model_yi-9b.txt"
    ],
    "data": {
        "load_weights": [
            3.48,
            5.94,
            2.98,
            1.41,
            0.21,
            6.27,
            0.82,
            1.71,
            3.37,
            2.6,
            3.84
        ],
        "model_init": [
            0.13,
            0.12,
            0.11,
            0.12,
            0.11,
            0.11,
            0.1,
            0.11,
            0.11,
            0.1,
            0.12
        ],
        "model_loading": [
            4.235595,
            6.607531,
            3.686216,
            2.068847,
            0.854471,
            6.887026,
            1.57244,
            2.318022,
            3.953867,
            3.313448,
            4.487725
        ],
        "dynamo_transform_time": [
            4.13,
            5.24,
            4.39,
            3.76,
            3.4,
            5.49,
            3.34,
            5.41,
            4.51,
            4.33,
            6.28
        ],
        "graph_compile_general_shape": [
            null,
            null,
            null,
            null,
            null,
            null,
            null,
            null,
            null,
            null,
            null
        ],
        "graph_compile_cached": [
            3.522,
            4.56,
            3.841,
            3.398,
            2.926,
            5.232,
            2.726,
            5.337,
            3.758,
            3.875,
            6.249
        ],
        "torch.compile": [
            4.13,
            5.24,
            4.39,
            3.76,
            3.4,
            5.49,
            3.34,
            5.41,
            4.51,
            4.33,
            6.28
        ],
        "kv_cache_profiling": [
            9.95,
            12.01,
            9.47,
            8.42,
            7.79,
            13.07,
            7.25,
            12.27,
            9.51,
            9.41,
            14.51
        ],
        "graph_capturing": [
            1.26,
            1.56,
            1.23,
            1.19,
            1.07,
            2.11,
            1.12,
            1.81,
            1.98,
            1.42,
            1.58
        ],
        "init_engine": [
            11.51,
            13.8,
            10.95,
            9.83,
            9.07,
            15.43,
            8.58,
            14.34,
            11.71,
            11.04,
            16.4
        ],
        "tokenizer_init": [
            0.37,
            0.34,
            0.34,
            0.56,
            0.48,
            0.54,
            0.49,
            0.58,
            0.48,
            0.41,
            0.44
        ],
        "total_time": [
            16.115595,
            20.747531,
            14.976215999999999,
            12.458847,
            10.404471000000001,
            22.857025999999998,
            10.64244,
            17.238021999999997,
            16.143867,
            14.763448,
            21.327725
        ],
        "actual_total_time": [
            28.07,
            31.06,
            25.12,
            23.62,
            21.62,
            33.29,
            20.56,
            27.88,
            26.08,
            25.15,
            31.41
        ]
    }
}