{
    "labels": [
        "output_model_deepseek-v2-lite-16b.txt",
        "output_model_gpt-oss-20b_cuda-graph-sizes_1_2_4_8_16_24_32_40_48_56_64_72_80_88_96_104_112_120_128_136_144_152_160_168_176_184_192_200_208_216_224_232_240_248_256.txt",
        "output_model_llama2-13b-hf.txt",
        "output_model_llama2-7b-hf.txt",
        "output_model_llama3-3b.txt",
        "output_model_qwen-14.3b.txt",
        "output_model_qwen-14b.txt",
        "output_model_qwen-4b.txt",
        "output_model_yi-6b.txt",
        "output_model_yi-9b.txt"
    ],
    "data": {
        "detect_platform": [
            0.016,
            0.016,
            0.017,
            0.016,
            0.017,
            0.016,
            0.016,
            0.016,
            0.017,
            0.017
        ],
        "llm_imports": [
            1.412,
            1.435,
            1.438,
            1.414,
            1.438,
            1.417,
            1.412,
            1.427,
            1.414,
            1.625
        ],
        "get_model_info": [
            5.275,
            8.227,
            5.24,
            5.273,
            5.248,
            5.228,
            5.211,
            5.231,
            5.246,
            5.33
        ],
        "worker_init": [
            2.017,
            1.11,
            2.019,
            2.025,
            2.03,
            2.015,
            2.032,
            2.025,
            2.022,
            2.168
        ],
        "framework_bootstrap": [
            8.72,
            10.788,
            8.714,
            8.728,
            8.733,
            8.676,
            8.671,
            8.699,
            8.699,
            9.14
        ],
        "load_weights": [
            4.17,
            25.39,
            3.17,
            1.68,
            0.8,
            3.73,
            53.36,
            0.98,
            22.27,
            3.56
        ],
        "model_init": [
            0.17,
            0.17,
            0.13,
            0.13,
            0.15,
            0.13,
            0.14,
            0.13,
            0.12,
            0.15
        ],
        "model_loading": [
            4.358606,
            25.849756,
            3.312909,
            1.816992,
            0.945729,
            3.872133,
            53.498686,
            1.119178,
            22.400386,
            3.720993
        ],
        "dynamo_transform_time": [
            4.2,
            4.11,
            6.58,
            5.37,
            4.89,
            4.89,
            7.81,
            7.13,
            5.42,
            8.17
        ],
        "graph_compile_general_shape": [
            25.56,
            22.97,
            20.63,
            16.74,
            16.27,
            21.49,
            20.86,
            20.48,
            17.45,
            24.03
        ],
        "graph_compile_cached": [
            null,
            null,
            null,
            null,
            null,
            null,
            null,
            null,
            null,
            null
        ],
        "torch.compile": [
            29.76,
            27.08,
            27.21,
            22.11,
            21.16,
            26.38,
            28.67,
            27.61,
            22.88,
            32.2
        ],
        "kv_cache_profiling": [
            5.099999999999998,
            3.280000000000001,
            5.649999999999999,
            3.6000000000000014,
            3.129999999999999,
            3.75,
            5.460000000000001,
            4.140000000000001,
            3.9200000000000017,
            2.4299999999999997
        ],
        "graph_capturing": [
            4.28,
            1.59,
            1.59,
            1.25,
            1.16,
            2.61,
            1.67,
            1.46,
            1.27,
            1.65
        ],
        "init_engine": [
            39.9,
            32.64,
            35.04,
            27.54,
            26.02,
            33.45,
            36.42,
            33.8,
            28.65,
            36.89
        ],
        "tokenizer_init": [
            0.21,
            0.7,
            0.09,
            0.09,
            0.29,
            0.25,
            0.26,
            0.25,
            0.16,
            0.16
        ],
        "total_time": [
            53.188606,
            69.977756,
            47.156909,
            38.174992,
            35.988729,
            46.248133,
            98.849686,
            43.868178,
            59.909386,
            49.910993
        ],
        "actual_total_time": [
            54.27,
            72.088,
            48.081,
            39.103,
            37.147,
            47.349,
            99.98,
            44.971,
            60.946,
            50.945
        ]
    }
}