{
    "labels": [
        "output_model_falcon-7b.txt",
        "output_model_llama2-13b-hf.txt",
        "output_model_llama2-7b-hf.txt",
        "output_model_llama3-3b.txt",
        "output_model_qwen-0.5b.txt",
        "output_model_qwen-14b.txt",
        "output_model_qwen-1.8b.txt",
        "output_model_qwen-4b.txt",
        "output_model_qwen-7b.txt",
        "output_model_yi-6b.txt",
        "output_model_yi-9b.txt"
    ],
    "data": {
        "detect_platform": [
            0.046,
            0.046,
            0.047,
            0.046,
            0.046,
            0.047,
            0.046,
            0.046,
            0.047,
            0.047,
            0.046
        ],
        "llm_imports": [
            1.327,
            1.32,
            1.313,
            1.323,
            1.315,
            1.314,
            1.319,
            1.321,
            1.32,
            1.327,
            1.364
        ],
        "get_model_info": [
            4.678,
            4.689,
            4.689,
            4.688,
            4.689,
            4.692,
            4.758,
            4.683,
            4.733,
            4.709,
            4.692
        ],
        "worker_init": [
            1.523,
            1.55,
            1.532,
            1.556,
            1.584,
            1.559,
            1.551,
            1.553,
            1.559,
            1.538,
            1.549
        ],
        "framework_bootstrap": [
            7.574,
            7.6049999999999995,
            7.5809999999999995,
            7.6129999999999995,
            7.634,
            7.612,
            7.674,
            7.603,
            7.659,
            7.6209999999999996,
            7.651
        ],
        "load_weights": [
            29.49,
            36.68,
            3.03,
            1.38,
            0.49,
            4.44,
            0.97,
            1.38,
            2.72,
            2.09,
            3.03
        ],
        "model_init": [
            0.11,
            0.12,
            0.11,
            0.13,
            0.09,
            0.12,
            0.1,
            0.12,
            0.11,
            0.11,
            0.13
        ],
        "model_loading": [
            29.600904,
            36.805489,
            3.140863,
            1.508533,
            0.585657,
            4.573492,
            1.073472,
            1.507134,
            2.833307,
            2.204569,
            3.168274
        ],
        "dynamo_transform_time": [
            4.55,
            6.53,
            5.14,
            4.53,
            4.27,
            6.63,
            4.08,
            6.61,
            5.26,
            5.13,
            7.66
        ],
        "graph_compile_general_shape": [
            null,
            null,
            null,
            null,
            null,
            null,
            null,
            null,
            null,
            null,
            null
        ],
        "graph_compile_cached": [
            3.967,
            5.302,
            4.212,
            3.891,
            3.513,
            5.346,
            3.437,
            5.342,
            4.251,
            4.465,
            6.704
        ],
        "torch.compile": [
            4.55,
            6.53,
            5.14,
            4.53,
            4.27,
            6.63,
            4.08,
            6.61,
            5.26,
            5.13,
            7.66
        ],
        "kv_cache_profiling": [
            1.7530000000000001,
            1.847999999999999,
            1.8379999999999992,
            1.5890000000000004,
            1.2569999999999997,
            1.854000000000001,
            1.2530000000000001,
            1.6880000000000006,
            1.7890000000000015,
            1.745000000000001,
            1.945999999999998
        ],
        "graph_capturing": [
            1.49,
            2.34,
            1.49,
            1.0,
            0.65,
            2.35,
            0.74,
            1.21,
            1.51,
            1.39,
            1.97
        ],
        "init_engine": [
            12.22,
            16.53,
            13.15,
            11.47,
            10.14,
            16.7,
            9.95,
            15.33,
            13.28,
            13.21,
            18.79
        ],
        "tokenizer_init": [
            0.12,
            0.08,
            0.08,
            0.28,
            0.25,
            0.27,
            0.24,
            0.25,
            0.25,
            0.16,
            0.15
        ],
        "total_time": [
            49.514903999999994,
            61.020489,
            23.951862999999996,
            20.871533,
            18.609657,
            29.155492,
            18.937471999999996,
            24.690134,
            24.022306999999998,
            23.195569000000003,
            29.759273999999998
        ],
        "actual_total_time": [
            50.736,
            61.853,
            24.795,
            21.919,
            19.598,
            30.157,
            19.946,
            25.688,
            25.011,
            24.096,
            30.673
        ]
    }
}