{
    "labels": [
        "output_model_falcon-7b.txt",
        "output_model_llama2-13b-hf.txt",
        "output_model_llama2-7b-hf.txt",
        "output_model_llama3-3b.txt",
        "output_model_qwen-0.5b.txt",
        "output_model_qwen-14b.txt",
        "output_model_qwen-1.8b.txt",
        "output_model_qwen-4b.txt",
        "output_model_qwen-7b.txt",
        "output_model_yi-6b.txt",
        "output_model_yi-9b.txt"
    ],
    "data": {
        "detect_platform": [
            0.016,
            0.016,
            0.017,
            0.016,
            0.016,
            0.017,
            0.015,
            0.016,
            0.016,
            0.016,
            0.016
        ],
        "llm_imports": [
            1.392,
            1.389,
            1.572,
            1.41,
            1.404,
            1.588,
            1.388,
            1.381,
            1.394,
            1.399,
            1.393
        ],
        "get_model_info": [
            4.853,
            4.881,
            4.971,
            4.89,
            4.904,
            5.014,
            4.9,
            4.887,
            4.861,
            4.867,
            4.895
        ],
        "worker_init": [
            1.702,
            1.675,
            1.742,
            1.737,
            1.718,
            1.78,
            1.72,
            1.719,
            1.732,
            1.733,
            1.696
        ],
        "framework_bootstrap": [
            7.962999999999999,
            7.961,
            8.302,
            8.053,
            8.042,
            8.399,
            8.023,
            8.003,
            8.003,
            8.015,
            7.999999999999999
        ],
        "load_weights": [
            24.46,
            47.75,
            24.73,
            11.79,
            1.71,
            51.99,
            6.74,
            14.51,
            28.34,
            22.28,
            32.39
        ],
        "model_init": [
            0.12,
            0.13,
            0.12,
            0.14,
            0.1,
            0.13,
            0.11,
            0.13,
            0.12,
            0.12,
            0.14
        ],
        "model_loading": [
            24.582672,
            47.883839,
            24.85557,
            11.931165,
            1.8129,
            52.13121,
            6.856353,
            14.646334,
            28.466668,
            22.404677,
            32.540077
        ],
        "dynamo_transform_time": [
            4.76,
            7.66,
            5.62,
            4.81,
            4.27,
            6.98,
            4.24,
            7.02,
            6.53,
            5.66,
            8.05
        ],
        "graph_compile_general_shape": [
            null,
            null,
            null,
            null,
            null,
            null,
            null,
            null,
            null,
            null,
            null
        ],
        "graph_compile_cached": [
            4.384,
            5.804,
            4.54,
            4.265,
            3.366,
            5.936,
            3.415,
            5.748,
            4.584,
            4.876,
            7.371
        ],
        "torch.compile": [
            4.76,
            7.66,
            5.62,
            4.81,
            4.27,
            6.98,
            4.24,
            7.02,
            6.53,
            5.66,
            8.05
        ],
        "kv_cache_profiling": [
            2.395999999999999,
            2.5959999999999983,
            1.5899999999999999,
            1.6850000000000005,
            1.5940000000000012,
            2.6239999999999988,
            1.6049999999999995,
            1.8419999999999987,
            1.6559999999999988,
            1.5939999999999994,
            2.0989999999999984
        ],
        "graph_capturing": [
            1.18,
            1.49,
            1.14,
            1.04,
            0.95,
            1.55,
            0.94,
            1.34,
            1.17,
            1.16,
            1.53
        ],
        "init_engine": [
            13.17,
            18.02,
            13.34,
            12.25,
            10.62,
            17.57,
            10.64,
            16.42,
            14.41,
            13.76,
            19.54
        ],
        "tokenizer_init": [
            0.13,
            0.09,
            0.09,
            0.3,
            0.27,
            0.27,
            0.27,
            0.26,
            0.26,
            0.17,
            0.16
        ],
        "total_time": [
            45.845672,
            73.954839,
            46.58757,
            32.534165,
            20.744899999999998,
            78.37021,
            25.789353000000002,
            39.329333999999996,
            51.13966799999999,
            44.349677,
            60.24007699999999
        ],
        "actual_total_time": [
            47.493,
            74.797,
            47.428,
            33.584,
            21.759,
            79.36,
            26.8,
            40.334,
            52.139,
            45.271,
            61.17
        ]
    }
}