{
    "labels": [
        "output_model_falcon-7b.txt",
        "output_model_llama2-13b-hf.txt",
        "output_model_llama2-7b-hf.txt",
        "output_model_llama3-3b.txt",
        "output_model_qwen-0.5b.txt",
        "output_model_qwen-14b.txt",
        "output_model_qwen-1.8b.txt",
        "output_model_qwen-4b.txt",
        "output_model_qwen-7b.txt",
        "output_model_yi-6b.txt",
        "output_model_yi-9b.txt"
    ],
    "data": {
        "load_weights": [
            1.87,
            3.5,
            1.81,
            0.87,
            0.14,
            3.77,
            0.5,
            1.08,
            2.1,
            1.63,
            2.41
        ],
        "model_init": [
            0.11,
            0.12,
            0.11,
            0.13,
            0.09,
            0.12,
            0.1,
            0.12,
            0.11,
            0.11,
            0.13
        ],
        "model_loading": [
            1.983239,
            3.621971,
            1.921601,
            0.997042,
            0.236579,
            3.899967,
            0.606429,
            1.201671,
            2.213963,
            1.747257,
            2.543306
        ],
        "dynamo_transform_time": [
            4.01,
            5.97,
            4.83,
            4.11,
            3.68,
            6.18,
            3.74,
            5.96,
            5.0,
            4.85,
            6.95
        ],
        "graph_compile_general_shape": [
            null,
            null,
            null,
            null,
            null,
            null,
            null,
            null,
            null,
            null,
            null
        ],
        "graph_compile_cached": [
            3.458,
            4.489,
            3.465,
            3.208,
            2.64,
            4.431,
            2.637,
            4.603,
            3.664,
            3.822,
            5.71
        ],
        "torch.compile": [
            4.01,
            5.97,
            4.83,
            4.11,
            3.68,
            6.18,
            3.74,
            5.96,
            5.0,
            4.85,
            6.95
        ],
        "kv_cache_profiling": [
            9.11,
            12.22,
            9.76,
            8.86,
            7.76,
            12.43,
            7.79,
            12.19,
            10.15,
            10.12,
            14.8
        ],
        "graph_capturing": [
            1.47,
            2.31,
            1.46,
            0.98,
            0.63,
            2.34,
            0.71,
            1.19,
            1.5,
            1.37,
            1.96
        ],
        "init_engine": [
            11.01,
            15.0,
            11.64,
            10.26,
            8.8,
            15.24,
            8.91,
            13.82,
            12.09,
            11.93,
            17.25
        ],
        "tokenizer_init": [
            0.12,
            0.08,
            0.08,
            0.29,
            0.25,
            0.25,
            0.24,
            0.25,
            0.25,
            0.16,
            0.15
        ],
        "total_time": [
            13.113238999999998,
            18.701970999999997,
            13.641601,
            11.547042,
            9.286579000000001,
            19.389967,
            9.756429,
            15.271671,
            14.553963,
            13.837257,
            19.943306
        ],
        "actual_total_time": [
            23.57,
            28.84,
            23.81,
            21.93,
            19.58,
            29.75,
            20.03,
            25.63,
            24.83,
            24.06,
            30.15
        ]
    }
}