{
    "labels": [
        "output_model_deepseek-r1-distill-llama-8b.txt",
        "output_model_deepseek-r1-distill-qwen-7b.txt",
        "output_model_falcon-11b.txt",
        "output_model_falcon-7b.txt",
        "output_model_gemma-7b.txt",
        "output_model_granite3.3-8b-instruct.txt",
        "output_model_llama2-13b-hf.txt",
        "output_model_llama2-7b-hf.txt",
        "output_model_llama3-3b.txt",
        "output_model_mistral-7b.txt",
        "output_model_qwen-0.5b.txt",
        "output_model_qwen-14b.txt",
        "output_model_qwen-1.8b.txt",
        "output_model_qwen-4b.txt",
        "output_model_qwen-7b.txt",
        "output_model_yi-6b.txt",
        "output_model_yi-9b.txt"
    ],
    "data": {
        "detect_platfrom": [
            0.037,
            0.038,
            0.034,
            0.034,
            0.034,
            0.038,
            0.034,
            0.034,
            0.034,
            0.034,
            0.034,
            0.034,
            0.034,
            0.034,
            0.034,
            0.037,
            0.036
        ],
        "llm_imports": [
            1.358,
            1.366,
            1.417,
            1.365,
            1.363,
            1.362,
            1.376,
            1.369,
            1.363,
            1.359,
            1.377,
            1.368,
            1.364,
            1.415,
            1.366,
            1.368,
            1.373
        ],
        "get_model_info": [
            4.913,
            4.953,
            4.869,
            4.891,
            4.864,
            4.937,
            4.888,
            4.859,
            4.895,
            4.846,
            4.89,
            4.884,
            4.907,
            4.905,
            4.917,
            4.913,
            4.913
        ],
        "worker_init": [
            1.672,
            1.66,
            1.622,
            1.679,
            1.664,
            1.654,
            1.661,
            1.684,
            1.661,
            1.652,
            1.674,
            1.701,
            1.672,
            1.658,
            1.678,
            1.665,
            1.633
        ],
        "framework_bootstrap": [
            7.9799999999999995,
            8.017,
            7.942,
            7.969,
            7.925,
            7.9910000000000005,
            7.959,
            7.946000000000001,
            7.952999999999999,
            7.891,
            7.975,
            7.987,
            7.976999999999999,
            8.012,
            7.995,
            7.9830000000000005,
            7.955
        ],
        "load_weights": [
            2.27,
            2.13,
            3.71,
            2.1,
            2.37,
            2.27,
            3.67,
            1.85,
            0.9,
            2.1,
            0.15,
            4.04,
            0.53,
            1.12,
            2.18,
            1.71,
            2.46
        ],
        "model_init": [
            0.17,
            0.13,
            0.15,
            0.13,
            0.11,
            0.15,
            0.13,
            0.12,
            0.16,
            0.12,
            0.12,
            0.15,
            0.13,
            0.14,
            0.14,
            0.14,
            0.16
        ],
        "model_loading": [
            2.438516,
            2.266747,
            3.864356,
            2.233852,
            2.482751,
            2.426611,
            3.813277,
            1.97686,
            1.069276,
            2.220372,
            0.270236,
            4.189708,
            0.658865,
            1.270163,
            2.317713,
            1.851269,
            2.624922
        ],
        "dynamo_transform_time": [
            5.33,
            4.93,
            8.37,
            4.74,
            4.82,
            6.32,
            6.78,
            5.14,
            4.82,
            5.12,
            4.11,
            6.63,
            4.07,
            6.86,
            5.23,
            5.29,
            7.67
        ],
        "graph_compile_general_shape": [
            null,
            null,
            null,
            null,
            null,
            null,
            null,
            null,
            null,
            null,
            null,
            null,
            null,
            null,
            null,
            null,
            null
        ],
        "graph_compile_cached": [
            4.711,
            4.159,
            7.578,
            4.162,
            3.732,
            5.46,
            5.729,
            4.289,
            4.124,
            4.499,
            3.432,
            5.46,
            3.451,
            5.389,
            4.323,
            4.858,
            6.801
        ],
        "torch.compile": [
            5.33,
            4.93,
            8.37,
            4.74,
            4.82,
            6.32,
            6.78,
            5.14,
            4.82,
            5.12,
            4.11,
            6.63,
            4.07,
            6.86,
            5.23,
            5.29,
            7.67
        ],
        "kv_cache_profiling": [
            1.7189999999999994,
            1.6910000000000007,
            2.1119999999999983,
            2.2979999999999983,
            1.6780000000000008,
            1.7299999999999986,
            2.4510000000000005,
            1.801000000000002,
            1.636000000000001,
            1.7010000000000005,
            1.2780000000000005,
            2.4700000000000006,
            1.2889999999999997,
            1.6609999999999996,
            1.786999999999999,
            1.8120000000000012,
            1.9289999999999985
        ],
        "graph_capturing": [
            1.18,
            1.16,
            1.69,
            1.16,
            1.19,
            1.35,
            1.47,
            1.11,
            1.02,
            1.18,
            0.93,
            1.51,
            0.93,
            1.3,
            1.13,
            1.14,
            1.48
        ],
        "init_engine": [
            13.42,
            12.4,
            20.26,
            12.83,
            11.89,
            15.35,
            16.92,
            12.83,
            12.06,
            12.98,
            10.21,
            16.56,
            10.19,
            15.69,
            12.94,
            13.57,
            18.38
        ],
        "tokenizer_init": [
            0.44,
            0.36,
            0.09,
            0.12,
            0.65,
            0.1,
            0.09,
            0.09,
            0.29,
            0.07,
            0.25,
            0.26,
            0.27,
            0.26,
            0.28,
            0.18,
            0.18
        ],
        "total_time": [
            24.278516,
            23.043747,
            32.156356,
            23.152852,
            22.947750999999997,
            25.867611000000004,
            28.782277,
            22.842859999999998,
            21.372276,
            23.161372,
            18.705236,
            28.996708,
            19.095865,
            25.232163000000003,
            23.532713,
            23.584269,
            29.139922
        ],
        "actual_total_time": [
            25.461,
            24.177,
            33.038,
            24.81,
            24.424,
            26.745,
            29.647,
            23.694,
            22.482,
            23.999,
            19.756,
            30.046,
            20.141,
            26.265,
            24.574,
            24.547,
            30.091
        ]
    }
}