{
    "labels": [
        "output_model_llama3-3b_default.txt",
        "output_model_llama3-3b_torch2.5.1.txt",
        "output_model_llama3-3b_torch2.6.0.txt",
        "output_model_qwen-4b_default.txt",
        "output_model_qwen-4b_torch2.5.1.txt",
        "output_model_qwen-4b_torch2.6.0.txt",
        "output_model_yi-9b_default.txt",
        "output_model_yi-9b_torch2.5.1.txt",
        "output_model_yi-9b_torch2.6.0.txt"
    ],
    "data": {
        "load_weights": [
            0.874,
            0.8720000000000001,
            0.8720000000000001,
            1.07,
            1.0740000000000003,
            1.1280000000000001,
            2.352,
            2.364,
            2.476
        ],
        "model_init": [
            0.13,
            0.13,
            0.13,
            0.12,
            0.122,
            0.12,
            0.13,
            0.13,
            0.134
        ],
        "model_loading": [
            1.004,
            1.0020000000000002,
            1.0020000000000002,
            1.19,
            1.1960000000000002,
            1.2480000000000002,
            2.4819999999999998,
            2.4939999999999998,
            2.61
        ],
        "dynamo_transform_time": [
            4.586,
            4.6259999999999994,
            4.6,
            6.712000000000001,
            6.622,
            6.672,
            7.651999999999999,
            7.627999999999998,
            7.7459999999999996
        ],
        "graph_compile_general_shape": [
            null,
            null,
            null,
            null,
            null,
            null,
            null,
            null,
            null
        ],
        "graph_compile_cached": [
            3.9560000000000004,
            3.9707999999999997,
            3.9623999999999997,
            5.4002,
            5.3462,
            5.433800000000001,
            6.7661999999999995,
            6.771799999999999,
            6.931800000000001
        ],
        "torch.compile": [
            4.586,
            4.6259999999999994,
            4.6,
            6.712000000000001,
            6.622,
            6.672,
            7.651999999999999,
            7.627999999999998,
            7.7459999999999996
        ],
        "kv_cache_profiling": [
            10.114,
            10.107999999999999,
            10.072,
            13.73,
            13.562000000000001,
            13.7,
            16.258,
            16.201999999999998,
            16.483999999999998
        ],
        "graph_capturing": [
            1.02,
            1.002,
            1.004,
            1.2979999999999998,
            1.292,
            1.28,
            1.476,
            1.462,
            1.456
        ],
        "init_engine": [
            11.134,
            11.11,
            11.075999999999999,
            15.028,
            14.854000000000001,
            14.979999999999999,
            17.733999999999998,
            17.663999999999998,
            17.939999999999998
        ],
        "tokenizer_init": [
            0.286,
            0.28,
            0.28800000000000003,
            0.25,
            0.248,
            0.25,
            0.16,
            0.156,
            0.154
        ],
        "total_time": [
            12.424,
            12.392,
            12.366,
            16.468,
            16.298000000000002,
            16.477999999999998,
            20.375999999999998,
            20.313999999999997,
            20.703999999999997
        ],
        "actual_total_time": [
            19.941306400000002,
            19.402288,
            19.3811242,
            23.9348108,
            23.2774846,
            23.4488938,
            27.7466412,
            27.188742799999993,
            27.576850799999995
        ]
    }
}