{
    "labels": [
        "output_model_llama3-3b_default.txt",
        "output_model_llama3-3b_torch2.5.1.txt",
        "output_model_llama3-3b_torch2.6.0.txt",
        "output_model_qwen-4b_default.txt",
        "output_model_qwen-4b_torch2.5.1.txt",
        "output_model_qwen-4b_torch2.6.0.txt",
        "output_model_yi-9b_default.txt",
        "output_model_yi-9b_torch2.5.1.txt",
        "output_model_yi-9b_torch2.6.0.txt"
    ],
    "data": {
        "detect_platform": [
            0.0,
            0.0,
            0.2,
            0.0,
            0.2,
            0.0,
            0.0,
            0.0,
            0.0
        ],
        "llm_imports": [
            1.6,
            1.4,
            1.4,
            1.2,
            1.2,
            1.4,
            1.4,
            1.2,
            1.2
        ],
        "get_model_info": [
            4.6,
            4.4,
            4.2,
            4.8,
            4.6,
            4.4,
            4.8,
            4.6,
            4.8
        ],
        "worker_init": [
            1.4,
            1.6,
            1.4,
            1.6,
            1.6,
            1.8,
            1.6,
            1.4,
            1.4
        ],
        "framework_bootstrap": [
            7.6,
            7.4,
            7.199999999999999,
            7.6,
            7.6,
            7.6000000000000005,
            7.799999999999999,
            7.199999999999999,
            7.4
        ],
        "load_weights": [
            0.874,
            0.8720000000000001,
            0.8720000000000001,
            1.07,
            1.0740000000000003,
            1.1280000000000001,
            2.352,
            2.364,
            2.476
        ],
        "model_init": [
            0.13,
            0.13,
            0.13,
            0.12,
            0.122,
            0.12,
            0.13,
            0.13,
            0.134
        ],
        "model_loading": [
            1.004,
            1.0020000000000002,
            1.0020000000000002,
            1.19,
            1.1960000000000002,
            1.2480000000000002,
            2.4819999999999998,
            2.4939999999999998,
            2.61
        ],
        "dynamo_transform_time": [
            4.586,
            4.6259999999999994,
            4.6,
            6.712000000000001,
            6.622,
            6.672,
            7.651999999999999,
            7.627999999999998,
            7.7459999999999996
        ],
        "graph_compile_general_shape": [
            null,
            null,
            null,
            null,
            null,
            null,
            null,
            null,
            null
        ],
        "graph_compile_cached": [
            3.9560000000000004,
            3.9707999999999997,
            3.9623999999999997,
            5.4002,
            5.3462,
            5.433800000000001,
            6.7661999999999995,
            6.771799999999999,
            6.931800000000001
        ],
        "torch.compile": [
            4.586,
            4.6259999999999994,
            4.6,
            6.712000000000001,
            6.622,
            6.672,
            7.651999999999999,
            7.627999999999998,
            7.7459999999999996
        ],
        "kv_cache_profiling": [
            1.5719999999999996,
            1.5111999999999994,
            1.5096,
            1.6178000000000003,
            1.5938000000000005,
            1.5942,
            1.8398000000000008,
            1.8021999999999998,
            1.8061999999999994
        ],
        "graph_capturing": [
            1.02,
            1.002,
            1.004,
            1.2979999999999998,
            1.292,
            1.28,
            1.476,
            1.462,
            1.456
        ],
        "init_engine": [
            11.134,
            11.11,
            11.075999999999999,
            15.028000000000002,
            14.854000000000001,
            14.98,
            17.734,
            17.663999999999994,
            17.939999999999998
        ],
        "tokenizer_init": [
            0.286,
            0.28,
            0.28800000000000003,
            0.25,
            0.248,
            0.25,
            0.16,
            0.156,
            0.154
        ],
        "total_time": [
            20.024,
            19.792,
            19.566,
            24.068,
            23.898,
            24.078000000000003,
            28.176,
            27.513999999999992,
            28.103999999999996
        ],
        "actual_total_time": [
            21.5273064,
            20.568288,
            20.7751242,
            25.1068108,
            24.7434846,
            24.746893800000002,
            29.088641199999998,
            28.514742799999993,
            28.728850799999996
        ]
    }
}