{
    "labels": [
        "output_model_falcon-7b.txt",
        "output_model_llama2-13b-hf.txt",
        "output_model_llama2-7b-hf.txt",
        "output_model_llama3-3b.txt",
        "output_model_qwen-0.5b.txt",
        "output_model_qwen-14b.txt",
        "output_model_qwen-1.8b.txt",
        "output_model_qwen-4b.txt",
        "output_model_qwen-7b.txt",
        "output_model_yi-6b.txt",
        "output_model_yi-9b.txt"
    ],
    "data": {
        "load_weights": [
            2.76,
            4.55,
            2.32,
            1.1,
            0.17,
            5.19,
            0.68,
            1.39,
            2.85,
            2.17,
            3.26
        ],
        "model_init": [
            0.11,
            0.19,
            0.11,
            0.13,
            0.09,
            0.12,
            0.1,
            0.11,
            0.11,
            0.11,
            0.13
        ],
        "model_loading": [
            3.405397,
            5.361153,
            2.958874,
            1.747316,
            0.843223,
            5.828904,
            1.245372,
            2.001136,
            3.508957,
            2.798147,
            3.928068
        ],
        "dynamo_transform_time": [
            3.81,
            5.37,
            4.4,
            3.75,
            3.34,
            5.61,
            3.36,
            5.41,
            4.47,
            4.42,
            6.29
        ],
        "graph_compile_general_shape": [
            null,
            null,
            null,
            null,
            null,
            null,
            null,
            null,
            null,
            null,
            null
        ],
        "graph_compile_cached": [
            3.827,
            5.341,
            3.702,
            4.443,
            3.157,
            5.278,
            2.911,
            4.732,
            3.917,
            4.234,
            6.29
        ],
        "torch.compile": [
            3.81,
            5.37,
            4.4,
            3.75,
            3.34,
            5.61,
            3.36,
            5.41,
            4.47,
            4.42,
            6.29
        ],
        "kv_cache_profiling": [
            9.87,
            13.38,
            9.81,
            9.54,
            7.83,
            13.69,
            7.68,
            11.74,
            9.96,
            9.95,
            14.75
        ],
        "graph_capturing": [
            1.61,
            1.94,
            1.6,
            1.14,
            1.98,
            2.03,
            0.79,
            1.7,
            1.61,
            1.58,
            2.0
        ],
        "init_engine": [
            11.82,
            15.58,
            11.65,
            11.26,
            10.0,
            16.05,
            8.73,
            13.81,
            11.85,
            12.06,
            17.05
        ],
        "tokenizer_init": [
            0.4,
            0.33,
            0.33,
            0.54,
            0.5,
            0.52,
            0.49,
            0.49,
            0.5,
            0.42,
            0.42
        ],
        "total_time": [
            15.625397000000001,
            21.271152999999998,
            14.938874,
            13.547315999999999,
            11.343223,
            22.398903999999998,
            10.465372,
            16.301136,
            15.858957,
            15.278147,
            21.398068000000002
        ],
        "actual_total_time": [
            27.55,
            31.76,
            25.51,
            25.39,
            22.64,
            33.74,
            22.63,
            26.85,
            28.42,
            27.27,
            33.08
        ]
    }
}