{
    "labels": [
        "output_model_falcon-7b.txt",
        "output_model_llama2-13b-hf.txt",
        "output_model_llama2-7b-hf.txt",
        "output_model_llama3-3b.txt",
        "output_model_qwen-0.5b.txt",
        "output_model_qwen-1.8b.txt",
        "output_model_qwen-14b.txt",
        "output_model_qwen-4b.txt",
        "output_model_qwen-7b.txt",
        "output_model_yi-6b.txt",
        "output_model_yi-9b.txt"
    ],
    "data": {
        "load_weights": [
            8.07,
            14.29,
            7.35,
            3.6,
            0.57,
            2.11,
            15.55,
            4.45,
            8.55,
            6.73,
            9.67
        ],
        "model_init": [
            0.2,
            0.23,
            0.2,
            0.24,
            0.18,
            0.19,
            0.22,
            0.22,
            0.2,
            0.21,
            0.24
        ],
        "model_loading": [
            8.268242,
            14.522256,
            7.558079,
            3.850992,
            0.74742,
            2.306609,
            15.781801,
            4.68553,
            8.75619,
            6.942042,
            9.920063
        ],
        "dynamo_transform_time": [
            7.12,
            9.88,
            8.22,
            7.34,
            6.5,
            6.84,
            10.14,
            10.32,
            8.49,
            8.38,
            11.6
        ],
        "graph_compile_general_shape": [
            null,
            null,
            null,
            null,
            null,
            null,
            null,
            null,
            null,
            null,
            null
        ],
        "graph_compile_cached": [
            6.98,
            9.496,
            7.301,
            6.462,
            5.516,
            5.875,
            9.747,
            9.207,
            7.767,
            7.228,
            10.031
        ],
        "torch.compile": [
            7.12,
            9.88,
            8.22,
            7.34,
            6.5,
            6.84,
            10.14,
            10.32,
            8.49,
            8.38,
            11.6
        ],
        "kv_cache_profiling": [
            17.37,
            24.31,
            17.78,
            16.44,
            14.02,
            14.53,
            24.85,
            23.02,
            18.5,
            17.77,
            24.53
        ],
        "graph_capturing": [
            1.37,
            1.98,
            1.38,
            1.1,
            0.93,
            0.98,
            2.0,
            1.38,
            1.37,
            1.35,
            1.87
        ],
        "init_engine": [
            19.17,
            26.77,
            19.6,
            17.96,
            15.36,
            15.93,
            27.33,
            24.86,
            20.31,
            19.57,
            26.88
        ],
        "tokenizer_init": [
            0.18,
            0.13,
            0.13,
            0.48,
            0.38,
            0.38,
            0.38,
            0.39,
            0.38,
            0.24,
            0.25
        ],
        "total_time": [
            27.618242000000002,
            41.422256000000004,
            27.288079,
            22.290992000000003,
            16.487419999999997,
            18.616609,
            43.491801,
            29.93553,
            29.446189999999998,
            26.752042,
            37.050063
        ],
        "actual_total_time": [
            42.8,
            56.23,
            42.07,
            37.19,
            31.73,
            33.71,
            58.55,
            44.94,
            44.26,
            41.37,
            51.84
        ]
    }
}