{
    "labels": [
        "output_model_falcon-7b.txt",
        "output_model_llama2-13b-hf.txt",
        "output_model_llama2-7b-hf.txt",
        "output_model_llama3-3b.txt",
        "output_model_qwen-0.5b.txt",
        "output_model_qwen-14b.txt",
        "output_model_qwen-1.8b.txt",
        "output_model_qwen-4b.txt",
        "output_model_qwen-7b.txt",
        "output_model_yi-6b.txt",
        "output_model_yi-9b.txt"
    ],
    "data": {
        "detect_platform": [
            0.0,
            0.0,
            1.0,
            0.0,
            0.0,
            0.0,
            0.0,
            0.0,
            0.0,
            0.0,
            0.0
        ],
        "llm_imports": [
            1.0,
            2.0,
            1.0,
            1.0,
            2.0,
            2.0,
            2.0,
            2.0,
            1.0,
            2.0,
            2.0
        ],
        "get_model_info": [
            7.0,
            6.0,
            7.0,
            6.0,
            7.0,
            6.0,
            7.0,
            7.0,
            7.0,
            6.0,
            6.0
        ],
        "worker_init": [
            2.0,
            2.0,
            2.0,
            2.0,
            2.0,
            2.0,
            2.0,
            2.0,
            2.0,
            2.0,
            2.0
        ],
        "framework_bootstrap": [
            10.0,
            10.0,
            11.0,
            9.0,
            11.0,
            10.0,
            11.0,
            11.0,
            10.0,
            10.0,
            10.0
        ],
        "load_weights": [
            8.07,
            14.29,
            7.35,
            3.6,
            0.57,
            15.55,
            2.11,
            4.45,
            8.55,
            6.73,
            9.67
        ],
        "model_init": [
            0.2,
            0.23,
            0.2,
            0.24,
            0.18,
            0.22,
            0.19,
            0.22,
            0.2,
            0.21,
            0.24
        ],
        "model_loading": [
            8.268242,
            14.522256,
            7.558079,
            3.850992,
            0.74742,
            15.781801,
            2.306609,
            4.68553,
            8.75619,
            6.942042,
            9.920063
        ],
        "dynamo_transform_time": [
            7.12,
            9.88,
            8.22,
            7.34,
            6.5,
            10.14,
            6.84,
            10.32,
            8.49,
            8.38,
            11.6
        ],
        "graph_compile_general_shape": [
            null,
            null,
            null,
            null,
            null,
            null,
            null,
            null,
            null,
            null,
            null
        ],
        "graph_compile_cached": [
            6.98,
            9.496,
            7.301,
            6.462,
            5.516,
            9.747,
            5.875,
            9.207,
            7.767,
            7.228,
            10.031
        ],
        "torch.compile": [
            7.12,
            9.88,
            8.22,
            7.34,
            6.5,
            10.14,
            6.84,
            10.32,
            8.49,
            8.38,
            11.6
        ],
        "kv_cache_profiling": [
            3.2699999999999996,
            4.9339999999999975,
            2.2590000000000003,
            2.6380000000000017,
            2.0039999999999996,
            4.963000000000001,
            1.8149999999999995,
            3.4929999999999986,
            2.2429999999999986,
            2.161999999999999,
            2.899000000000001
        ],
        "graph_capturing": [
            1.37,
            1.98,
            1.38,
            1.1,
            0.93,
            2.0,
            0.98,
            1.38,
            1.37,
            1.35,
            1.87
        ],
        "init_engine": [
            19.17,
            26.77,
            19.6,
            17.96,
            15.36,
            27.33,
            15.93,
            24.86,
            20.31,
            19.57,
            26.88
        ],
        "tokenizer_init": [
            0.18,
            0.13,
            0.13,
            0.48,
            0.38,
            0.38,
            0.38,
            0.39,
            0.38,
            0.24,
            0.25
        ],
        "total_time": [
            37.618242,
            51.422256,
            38.288079,
            31.290992,
            27.487419999999997,
            53.491801,
            29.616609,
            40.93553,
            39.44619,
            36.752042,
            47.050062999999994
        ],
        "actual_total_time": [
            46.0,
            59.0,
            45.0,
            40.0,
            35.0,
            61.0,
            36.0,
            47.0,
            47.0,
            44.0,
            55.0
        ]
    }
}