{
    "labels": [
        "output_model_falcon-7b.txt",
        "output_model_llama2-13b-hf.txt",
        "output_model_llama2-7b-hf.txt",
        "output_model_llama3-3b.txt",
        "output_model_qwen-0.5b.txt",
        "output_model_qwen-14b.txt",
        "output_model_qwen-1.8b.txt",
        "output_model_qwen-4b.txt",
        "output_model_qwen-7b.txt",
        "output_model_yi-6b.txt",
        "output_model_yi-9b.txt"
    ],
    "data": {
        "load_weights": [
            1.79,
            3.2,
            1.62,
            0.8,
            0.15,
            3.49,
            0.49,
            1.02,
            1.91,
            1.49,
            2.21
        ],
        "model_init": [
            0.09,
            0.1,
            0.09,
            0.11,
            0.08,
            0.1,
            0.08,
            0.1,
            0.09,
            0.09,
            0.11
        ],
        "model_loading": [
            2.470816,
            3.863107,
            3.578944,
            1.443372,
            0.805768,
            4.241934,
            1.115061,
            1.650198,
            2.528879,
            2.112694,
            2.846886
        ],
        "dynamo_transform_time": [
            3.75,
            5.31,
            4.35,
            3.71,
            3.32,
            5.41,
            3.28,
            5.42,
            4.49,
            4.37,
            6.22
        ],
        "graph_compile_general_shape": [
            null,
            null,
            null,
            null,
            null,
            null,
            null,
            null,
            null,
            null,
            null
        ],
        "graph_compile_cached": [
            2.749,
            3.772,
            2.957,
            2.781,
            2.252,
            3.83,
            2.246,
            3.815,
            3.078,
            3.126,
            4.759
        ],
        "torch.compile": [
            3.75,
            5.31,
            4.35,
            3.71,
            3.32,
            5.41,
            3.28,
            5.42,
            4.49,
            4.37,
            6.22
        ],
        "kv_cache_profiling": [
            8.02,
            10.75,
            8.71,
            7.93,
            6.9,
            10.92,
            6.9,
            10.77,
            8.97,
            8.89,
            12.98
        ],
        "graph_capturing": [
            1.36,
            2.21,
            1.33,
            0.88,
            0.53,
            2.16,
            0.63,
            1.05,
            1.38,
            1.25,
            1.78
        ],
        "init_engine": [
            9.73,
            13.36,
            10.39,
            9.14,
            7.73,
            13.46,
            7.86,
            12.17,
            10.69,
            10.5,
            15.14
        ],
        "tokenizer_init": [
            0.4,
            0.32,
            0.33,
            0.84,
            0.52,
            0.49,
            0.51,
            0.54,
            0.55,
            0.45,
            0.49
        ],
        "total_time": [
            12.600816,
            17.543107,
            14.298944,
            11.423372,
            9.055768,
            18.191934,
            9.485061,
            14.360198,
            13.768879,
            13.062693999999999,
            18.476886
        ],
        "actual_total_time": [
            20.74,
            25.14,
            21.98,
            19.31,
            17.17,
            25.98,
            17.37,
            22.31,
            21.79,
            20.92,
            26.44
        ]
    }
}