{
    "labels": [
        "output_model_falcon-7b.txt",
        "output_model_llama2-13b-hf.txt",
        "output_model_llama2-7b-hf.txt",
        "output_model_llama3-3b.txt",
        "output_model_qwen-0.5b.txt",
        "output_model_qwen-14b.txt",
        "output_model_qwen-1.8b.txt",
        "output_model_qwen-4b.txt",
        "output_model_qwen-7b.txt",
        "output_model_yi-6b.txt",
        "output_model_yi-9b.txt"
    ],
    "data": {
        "load_weights": [
            2.04,
            3.14,
            1.65,
            0.79,
            0.14,
            3.49,
            0.47,
            1.0,
            1.85,
            1.48,
            2.18
        ],
        "model_init": [
            0.09,
            0.1,
            0.1,
            0.1,
            0.08,
            0.1,
            0.08,
            0.1,
            0.09,
            0.09,
            0.11
        ],
        "model_loading": [
            2.717069,
            3.857001,
            2.295106,
            1.414696,
            0.864624,
            4.141907,
            1.079613,
            1.62375,
            2.504306,
            2.385396,
            2.847168
        ],
        "dynamo_transform_time": [
            3.74,
            5.26,
            4.38,
            3.71,
            3.32,
            5.44,
            3.29,
            5.42,
            4.43,
            4.36,
            6.21
        ],
        "graph_compile_general_shape": [
            null,
            null,
            null,
            null,
            null,
            null,
            null,
            null,
            null,
            null,
            null
        ],
        "graph_compile_cached": [
            2.751,
            3.744,
            2.978,
            2.715,
            2.261,
            3.877,
            2.281,
            3.86,
            3.003,
            3.131,
            4.747
        ],
        "torch.compile": [
            3.74,
            5.26,
            4.38,
            3.71,
            3.32,
            5.44,
            3.29,
            5.42,
            4.43,
            4.36,
            6.21
        ],
        "kv_cache_profiling": [
            8.03,
            10.67,
            8.77,
            7.87,
            6.93,
            11.02,
            6.93,
            10.8,
            8.82,
            8.85,
            12.96
        ],
        "graph_capturing": [
            1.35,
            2.17,
            1.35,
            0.88,
            0.54,
            null,
            0.62,
            1.05,
            1.36,
            1.24,
            1.8
        ],
        "init_engine": [
            9.73,
            13.22,
            10.46,
            9.08,
            7.78,
            null,
            7.86,
            12.21,
            10.52,
            10.42,
            15.14
        ],
        "tokenizer_init": [
            0.41,
            0.34,
            0.36,
            0.52,
            0.52,
            0.52,
            0.52,
            0.54,
            0.53,
            0.43,
            0.43
        ],
        "total_time": [
            12.857069000000001,
            17.417001,
            13.115106,
            11.014695999999999,
            9.164624,
            4.661906999999999,
            9.459613,
            14.373750000000001,
            13.554305999999999,
            13.235396,
            18.417168
        ],
        "actual_total_time": [
            21.28,
            25.28,
            20.77,
            18.94,
            17.22,
            0,
            17.36,
            22.4,
            22.17,
            21.23,
            26.2
        ]
    }
}