{
    "labels": [
        "output_model_deepseek-r1-distill-llama-8b.txt",
        "output_model_deepseek-r1-distill-qwen-7b.txt",
        "output_model_deepseek-v2-lite-16b.txt",
        "output_model_falcon-7b.txt",
        "output_model_llama2-13b-hf.txt",
        "output_model_llama2-7b-hf.txt",
        "output_model_llama3-3b.txt",
        "output_model_qwen-0.5b.txt",
        "output_model_qwen-14.3b.txt",
        "output_model_qwen-14b.txt",
        "output_model_qwen-1.8b.txt",
        "output_model_qwen-4b.txt",
        "output_model_qwen-7b.txt",
        "output_model_yi-6b.txt",
        "output_model_yi-9b.txt"
    ],
    "data": {
        "detect_platfrom": [
            0.035,
            0.034,
            0.034,
            0.034,
            0.034,
            0.034,
            0.034,
            0.034,
            0.034,
            0.034,
            0.034,
            0.034,
            0.034,
            0.034,
            0.034
        ],
        "llm_imports": [
            1.364,
            1.367,
            1.35,
            1.418,
            1.369,
            1.355,
            1.414,
            1.42,
            1.38,
            1.368,
            1.361,
            1.363,
            1.42,
            1.361,
            1.368
        ],
        "get_model_info": [
            5.01,
            5.006,
            5.052,
            4.994,
            5.013,
            5.05,
            4.971,
            5.0,
            5.062,
            4.986,
            4.997,
            4.998,
            4.989,
            5.016,
            4.999
        ],
        "worker_init": [
            1.482,
            1.483,
            1.485,
            1.453,
            1.448,
            1.461,
            1.474,
            1.502,
            1.468,
            1.486,
            1.471,
            1.48,
            1.462,
            1.462,
            1.458
        ],
        "framework_bootstrap": [
            7.891,
            7.890000000000001,
            7.921,
            7.899,
            7.864000000000001,
            7.9,
            7.893000000000001,
            7.9559999999999995,
            7.944,
            7.874,
            7.8629999999999995,
            7.875,
            7.904999999999999,
            7.872999999999999,
            7.859
        ],
        "load_weights": [
            2.26,
            2.14,
            4.59,
            1.9,
            3.59,
            1.85,
            0.92,
            0.14,
            4.25,
            3.86,
            0.52,
            1.12,
            2.09,
            1.68,
            2.42
        ],
        "model_init": [
            0.16,
            0.13,
            0.18,
            0.11,
            0.13,
            0.12,
            0.16,
            0.11,
            0.12,
            0.14,
            0.12,
            0.14,
            0.13,
            0.12,
            0.14
        ],
        "model_loading": [
            2.429784,
            2.274232,
            4.779877,
            2.019679,
            3.725812,
            1.968298,
            1.082057,
            0.256141,
            4.383819,
            4.004376,
            0.643707,
            1.259193,
            2.231457,
            1.807245,
            2.562287
        ],
        "dynamo_transform_time": [
            0,
            0,
            0,
            0,
            0,
            0,
            0,
            0,
            0,
            0,
            0,
            0,
            0,
            0,
            0
        ],
        "graph_compile_general_shape": [
            0,
            0,
            0,
            0,
            0,
            0,
            0,
            0,
            0,
            0,
            0,
            0,
            0,
            0,
            0
        ],
        "graph_compile_cached": [
            0,
            0,
            0,
            0,
            0,
            0,
            0,
            0,
            0,
            0,
            0,
            0,
            0,
            0,
            0
        ],
        "torch.compile": [
            0,
            0,
            0,
            0,
            0,
            0,
            0,
            0,
            0,
            0,
            0,
            0,
            0,
            0,
            0
        ],
        "kv_cache_profiling": [
            0.67,
            0.72,
            0.93,
            0.67,
            0.78,
            0.72,
            0.66,
            0.66,
            0.94,
            0.79,
            0.67,
            0.69,
            0.71,
            0.71,
            0.74
        ],
        "graph_capturing": [
            1.48,
            1.41,
            2.52,
            1.2,
            1.84,
            1.43,
            1.4,
            1.26,
            1.88,
            1.89,
            1.24,
            1.79,
            1.45,
            1.53,
            1.95
        ],
        "init_engine": [
            2.57,
            2.56,
            3.89,
            2.29,
            3.05,
            2.57,
            2.48,
            2.34,
            3.25,
            3.12,
            2.33,
            2.91,
            2.59,
            2.67,
            3.13
        ],
        "tokenizer_init": [
            0.37,
            0.34,
            0.21,
            0.12,
            0.09,
            0.08,
            0.29,
            0.25,
            0.26,
            0.25,
            0.25,
            0.25,
            0.25,
            0.16,
            0.16
        ],
        "total_time": [
            13.260784,
            13.064232,
            16.800877,
            12.328679,
            14.729811999999999,
            12.518298000000001,
            11.745057000000001,
            10.802140999999999,
            15.837819,
            15.248376,
            11.086706999999999,
            12.294193,
            12.976457,
            12.510245,
            13.711286999999999
        ],
        "actual_total_time": [
            14.427,
            14.188,
            17.81,
            13.883,
            15.578,
            13.372,
            12.831,
            11.826,
            16.885,
            16.296,
            12.134,
            13.325,
            14.001,
            13.477,
            14.67
        ]
    }
}