{
    "labels": [
        "output_model_deepseek-r1-distill-llama-8b.txt",
        "output_model_deepseek-r1-distill-qwen-7b.txt",
        "output_model_deepseek-v2-lite-16b.txt",
        "output_model_deepseek-v2-lite.txt",
        "output_model_falcon-7b.txt",
        "output_model_gpt-oss-20b_cuda-graph-sizes_1_2_4_8_16_24_32_40_48_56_64_72_80_88_96_104_112_120_128_136_144_152_160_168_176_184_192_200_208_216_224_232_240_248_256.txt",
        "output_model_llama2-13b-hf.txt",
        "output_model_llama2-7b-hf.txt",
        "output_model_llama3-3b.txt",
        "output_model_qwen-0.5b.txt",
        "output_model_qwen-14.3b.txt",
        "output_model_qwen-14b.txt",
        "output_model_qwen-1.8b.txt",
        "output_model_qwen-4b.txt",
        "output_model_qwen-7b.txt",
        "output_model_yi-6b.txt",
        "output_model_yi-9b.txt"
    ],
    "data": {
        "load_weights": [
            23.39,
            22.2,
            41.99,
            null,
            19.98,
            19.97,
            3.48,
            1.76,
            0.85,
            1.43,
            38.12,
            3.72,
            4.99,
            1.06,
            20.72,
            16.14,
            23.58
        ],
        "model_init": [
            0.13,
            0.11,
            0.16,
            null,
            0.11,
            0.16,
            0.12,
            0.12,
            0.13,
            0.1,
            0.12,
            0.13,
            0.1,
            0.12,
            0.12,
            0.12,
            0.13
        ],
        "model_loading": [
            23.533374,
            22.311512,
            42.155311,
            null,
            20.101087,
            20.406784,
            3.607154,
            1.876501,
            0.98034,
            1.535234,
            38.245645,
            3.847315,
            5.092785,
            1.18733,
            20.837825,
            16.257969,
            23.714314
        ],
        "dynamo_transform_time": [
            5.15,
            4.64,
            3.95,
            null,
            4.49,
            3.98,
            6.54,
            5.11,
            4.56,
            4.28,
            4.55,
            6.64,
            4.08,
            6.66,
            5.25,
            5.09,
            7.59
        ],
        "graph_compile_general_shape": [
            15.47,
            14.43,
            23.17,
            null,
            14.3,
            21.47,
            19.58,
            15.4,
            12.02,
            12.78,
            18.96,
            19.67,
            12.02,
            19.28,
            15.61,
            15.87,
            21.37
        ],
        "graph_compile_cached": [
            null,
            null,
            null,
            null,
            null,
            null,
            null,
            null,
            null,
            null,
            null,
            null,
            null,
            null,
            null,
            null,
            null
        ],
        "torch.compile": [
            20.62,
            19.07,
            27.12,
            null,
            18.79,
            25.46,
            26.12,
            20.51,
            16.58,
            17.05,
            23.5,
            26.31,
            16.1,
            25.94,
            20.85,
            20.96,
            28.96
        ],
        "kv_cache_profiling": [
            23.99,
            22.28,
            31.94,
            null,
            23.56,
            28.5,
            30.71,
            23.88,
            18.18,
            19.27,
            26.97,
            30.48,
            18.45,
            29.3,
            24.28,
            23.98,
            30.99
        ],
        "graph_capturing": [
            1.24,
            1.23,
            4.23,
            null,
            1.21,
            1.54,
            1.53,
            1.18,
            1.06,
            0.99,
            2.51,
            1.59,
            1.0,
            1.4,
            1.21,
            1.22,
            1.55
        ],
        "init_engine": [
            25.76,
            24.02,
            36.87,
            null,
            25.29,
            30.69,
            32.79,
            25.59,
            19.73,
            20.76,
            30.14,
            32.61,
            19.95,
            31.24,
            26.01,
            25.73,
            33.08
        ],
        "tokenizer_init": [
            0.4,
            0.5,
            0.23,
            null,
            0.13,
            0.73,
            0.08,
            0.25,
            0.29,
            0.27,
            0.28,
            0.25,
            0.26,
            0.25,
            0.26,
            0.16,
            0.17
        ],
        "total_time": [
            49.693374,
            46.831512000000004,
            79.25531099999999,
            0,
            45.521087,
            51.826783999999996,
            36.477154,
            27.716501,
            21.00034,
            22.565234,
            68.66564500000001,
            36.707315,
            25.302785,
            32.67733,
            47.107825,
            42.147968999999996,
            56.964314
        ],
        "actual_total_time": [
            57.32,
            54.28,
            86.75,
            0,
            53.72,
            62.36,
            43.78,
            34.8,
            28.5,
            30.01,
            76.17,
            44.12,
            32.77,
            40.11,
            54.55,
            49.51,
            64.33
        ]
    }
}