{
    "labels": [
        "output_model_falcon-7b.txt",
        "output_model_llama2-13b-hf.txt",
        "output_model_llama2-7b-hf.txt",
        "output_model_llama3-3b.txt",
        "output_model_qwen-0.5b.txt",
        "output_model_qwen-14b.txt",
        "output_model_qwen-1.8b.txt",
        "output_model_qwen-4b.txt",
        "output_model_qwen-7b.txt",
        "output_model_yi-6b.txt",
        "output_model_yi-9b.txt"
    ],
    "data": {
        "detect_platfrom": [
            0.0,
            0.0,
            0.0,
            0.0,
            0.0,
            0.0,
            0.0,
            0.0,
            0.0,
            0.0,
            0.0
        ],
        "llm_imports": [
            2.0,
            2.0,
            2.0,
            2.0,
            1.0,
            1.0,
            2.0,
            1.0,
            1.0,
            2.0,
            2.0
        ],
        "get_model_info": [
            7.0,
            6.0,
            6.0,
            7.0,
            7.0,
            6.0,
            6.0,
            6.0,
            6.0,
            7.0,
            7.0
        ],
        "worker_init": [
            2.0,
            2.0,
            2.0,
            2.0,
            2.0,
            2.0,
            2.0,
            2.0,
            2.0,
            2.0,
            2.0
        ],
        "framework_bootstrap": [
            11.0,
            10.0,
            10.0,
            11.0,
            10.0,
            9.0,
            10.0,
            9.0,
            9.0,
            11.0,
            11.0
        ],
        "load_weights": [
            8.02,
            14.07,
            7.27,
            3.53,
            0.55,
            15.24,
            2.06,
            4.3,
            8.39,
            6.56,
            9.55
        ],
        "model_init": [
            0.19,
            0.21,
            0.2,
            0.25,
            0.17,
            0.22,
            0.19,
            0.23,
            0.2,
            0.2,
            0.22
        ],
        "model_loading": [
            8.221958,
            14.288121,
            7.480083,
            3.785693,
            0.727707,
            15.470992,
            2.253913,
            4.53367,
            8.603428,
            6.769365,
            9.783552
        ],
        "dynamo_transform_time": [
            7.2,
            9.98,
            8.19,
            7.36,
            6.37,
            10.26,
            6.78,
            10.19,
            8.42,
            8.27,
            11.45
        ],
        "graph_compile_general_shape": [
            null,
            null,
            null,
            null,
            null,
            null,
            null,
            null,
            null,
            null,
            null
        ],
        "graph_compile_cached": [
            6.876,
            9.41,
            7.453,
            6.737,
            5.227,
            9.988,
            5.967,
            9.196,
            7.442,
            7.023,
            9.707
        ],
        "torch.compile": [
            7.2,
            9.98,
            8.19,
            7.36,
            6.37,
            10.26,
            6.78,
            10.19,
            8.42,
            8.27,
            11.45
        ],
        "kv_cache_profiling": [
            3.2439999999999998,
            4.949999999999999,
            2.2369999999999983,
            2.632999999999999,
            2.0029999999999983,
            4.922000000000004,
            1.7829999999999995,
            3.524000000000001,
            2.217999999999998,
            2.1670000000000016,
            2.8329999999999984
        ],
        "graph_capturing": [
            1.36,
            1.96,
            1.41,
            1.11,
            0.91,
            1.97,
            0.96,
            1.38,
            1.38,
            1.36,
            1.88
        ],
        "init_engine": [
            19.1,
            26.78,
            19.73,
            18.27,
            14.93,
            27.61,
            15.92,
            24.77,
            19.9,
            19.25,
            26.34
        ],
        "tokenizer_init": [
            0.18,
            0.14,
            0.14,
            0.44,
            0.39,
            0.38,
            0.36,
            0.37,
            0.37,
            0.25,
            0.25
        ],
        "total_time": [
            38.501958,
            51.208121000000006,
            37.350083,
            33.495692999999996,
            26.047707000000003,
            52.460992000000005,
            28.533913,
            38.673669999999994,
            37.873428,
            37.269365,
            47.373552000000004
        ],
        "actual_total_time": [
            45.0,
            59.0,
            45.0,
            41.0,
            34.0,
            61.0,
            36.0,
            47.0,
            47.0,
            44.0,
            54.0
        ]
    }
}