{
    "labels": [
        "output_model_falcon-7b.txt",
        "output_model_llama2-13b-hf.txt",
        "output_model_llama2-7b-hf.txt",
        "output_model_llama3-3b.txt",
        "output_model_qwen-0.5b.txt",
        "output_model_qwen-1.8b.txt",
        "output_model_qwen-14b.txt",
        "output_model_qwen-4b.txt",
        "output_model_qwen-7b.txt",
        "output_model_yi-6b.txt",
        "output_model_yi-9b.txt"
    ],
    "data": {
        "load_weights": [
            8.02,
            14.07,
            7.27,
            3.53,
            0.55,
            2.06,
            15.24,
            4.3,
            8.39,
            6.56,
            9.55
        ],
        "model_init": [
            0.19,
            0.21,
            0.2,
            0.25,
            0.17,
            0.19,
            0.22,
            0.23,
            0.2,
            0.2,
            0.22
        ],
        "model_loading": [
            8.221958,
            14.288121,
            7.480083,
            3.785693,
            0.727707,
            2.253913,
            15.470992,
            4.53367,
            8.603428,
            6.769365,
            9.783552
        ],
        "dynamo_transform_time": [
            7.2,
            9.98,
            8.19,
            7.36,
            6.37,
            6.78,
            10.26,
            10.19,
            8.42,
            8.27,
            11.45
        ],
        "graph_compile_general_shape": [
            null,
            null,
            null,
            null,
            null,
            null,
            null,
            null,
            null,
            null,
            null
        ],
        "graph_compile_cached": [
            6.876,
            9.41,
            7.453,
            6.737,
            5.227,
            5.967,
            9.988,
            9.196,
            7.442,
            7.023,
            9.707
        ],
        "torch.compile": [
            7.2,
            9.98,
            8.19,
            7.36,
            6.37,
            6.78,
            10.26,
            10.19,
            8.42,
            8.27,
            11.45
        ],
        "kv_cache_profiling": [
            17.32,
            24.34,
            17.88,
            16.73,
            13.6,
            14.53,
            25.17,
            22.91,
            18.08,
            17.46,
            23.99
        ],
        "graph_capturing": [
            1.36,
            1.96,
            1.41,
            1.11,
            0.91,
            0.96,
            1.97,
            1.38,
            1.38,
            1.36,
            1.88
        ],
        "init_engine": [
            19.1,
            26.78,
            19.73,
            18.27,
            14.93,
            15.92,
            27.61,
            24.77,
            19.9,
            19.25,
            26.34
        ],
        "tokenizer_init": [
            0.18,
            0.14,
            0.14,
            0.44,
            0.39,
            0.36,
            0.38,
            0.37,
            0.37,
            0.25,
            0.25
        ],
        "total_time": [
            27.501958000000002,
            41.208121000000006,
            27.350083,
            22.495693,
            16.047707,
            18.533913,
            43.460992000000005,
            29.67367,
            28.873428,
            26.269365,
            36.373552000000004
        ],
        "actual_total_time": [
            42.63,
            55.93,
            41.91,
            37.87,
            31.18,
            33.67,
            58.57,
            44.71,
            43.9,
            41.35,
            51.32
        ]
    }
}