{
    "labels": [
        "output_model_deepseek-r1-distill-llama-8b.txt",
        "output_model_deepseek-v2-lite-16b.txt",
        "output_model_llama2-13b-hf.txt",
        "output_model_llama3-3b.txt",
        "output_model_qwen-0.5b.txt",
        "output_model_qwen-14.3b.txt",
        "output_model_qwen-1.8b.txt",
        "output_model_qwen-4b.txt",
        "output_model_qwen-7b.txt",
        "output_model_yi-9b.txt"
    ],
    "data": {
        "detect_platform": [
            0.016,
            0.016,
            0.016,
            0.016,
            0.017,
            0.016,
            0.016,
            0.017,
            0.016,
            0.016
        ],
        "llm_imports": [
            1.415,
            1.419,
            1.417,
            1.419,
            1.424,
            1.416,
            1.415,
            1.414,
            1.403,
            1.417
        ],
        "get_model_info": [
            5.196,
            5.232,
            5.255,
            5.212,
            5.283,
            5.269,
            5.21,
            5.317,
            5.263,
            5.218
        ],
        "worker_init": [
            2.033,
            2.003,
            1.991,
            2.03,
            2.049,
            2.015,
            2.035,
            2.027,
            2.051,
            2.019
        ],
        "framework_bootstrap": [
            8.66,
            8.67,
            8.679,
            8.677,
            8.773,
            8.716000000000001,
            8.676,
            8.775,
            8.733,
            8.67
        ],
        "load_weights": [
            1.95,
            4.17,
            3.2,
            0.79,
            0.13,
            3.72,
            0.46,
            0.98,
            1.91,
            2.18
        ],
        "model_init": [
            0.15,
            0.17,
            0.14,
            0.15,
            0.11,
            0.13,
            0.12,
            0.13,
            0.13,
            0.14
        ],
        "model_loading": [
            2.095387,
            4.351938,
            3.345919,
            0.94114,
            0.242027,
            3.856725,
            0.57669,
            1.119266,
            2.041496,
            2.32683
        ],
        "dynamo_transform_time": [
            null,
            null,
            null,
            null,
            null,
            null,
            null,
            null,
            null,
            null
        ],
        "graph_compile_general_shape": [
            null,
            null,
            null,
            null,
            null,
            null,
            null,
            null,
            null,
            null
        ],
        "graph_compile_cached": [
            null,
            null,
            null,
            null,
            null,
            null,
            null,
            null,
            null,
            null
        ],
        "torch.compile": [
            null,
            null,
            null,
            null,
            null,
            null,
            null,
            null,
            null,
            null
        ],
        "kv_cache_profiling": [
            0.7,
            0.96,
            0.81,
            0.66,
            0.66,
            0.95,
            0.67,
            0.69,
            0.73,
            0.75
        ],
        "graph_capturing": [
            1.51,
            2.58,
            1.89,
            1.39,
            1.28,
            1.94,
            1.27,
            1.82,
            1.49,
            1.96
        ],
        "init_engine": [
            2.69,
            4.03,
            3.18,
            2.52,
            2.41,
            3.37,
            2.41,
            3.0,
            2.7,
            3.2
        ],
        "tokenizer_init": [
            0.36,
            0.21,
            0.08,
            0.29,
            0.25,
            0.26,
            0.25,
            0.26,
            0.25,
            0.16
        ],
        "total_time": [
            13.805387,
            17.261938,
            15.284919,
            12.428139999999999,
            11.675027,
            16.202725000000004,
            11.91269,
            13.154266,
            13.724496000000002,
            14.356829999999999
        ],
        "actual_total_time": [
            15.022,
            18.329,
            16.219,
            13.569,
            12.805,
            17.304,
            13.022,
            14.25,
            14.838,
            15.392
        ]
    }
}