{
    "labels": [
        "output_model_falcon-7b_container.txt",
        "output_model_falcon-7b_default.txt",
        "output_model_llama2-13b-hf_container.txt",
        "output_model_llama2-13b-hf_default.txt",
        "output_model_llama2-7b-hf_container.txt",
        "output_model_llama2-7b-hf_default.txt",
        "output_model_llama3-3b_container.txt",
        "output_model_llama3-3b_default.txt",
        "output_model_qwen-14.3b_container.txt",
        "output_model_qwen-14.3b_default.txt",
        "output_model_qwen-14b_container.txt",
        "output_model_qwen-14b_default.txt",
        "output_model_qwen-1.8b_container.txt",
        "output_model_qwen-1.8b_default.txt",
        "output_model_qwen-7b_container.txt",
        "output_model_qwen-7b_default.txt",
        "output_model_yi-9b_container.txt",
        "output_model_yi-9b_default.txt"
    ],
    "data": {
        "load_weights": [
            1.87,
            1.86,
            3.68,
            3.52,
            1.94,
            1.81,
            0.87,
            0.87,
            4.08,
            4.08,
            3.82,
            3.77,
            0.51,
            0.5,
            2.09,
            2.1,
            2.36,
            2.36
        ],
        "model_init": [
            0.11,
            0.12,
            0.13,
            0.13,
            0.12,
            0.11,
            0.13,
            0.13,
            0.12,
            0.12,
            0.12,
            0.13,
            0.1,
            0.1,
            0.12,
            0.12,
            0.13,
            0.14
        ],
        "model_loading": [
            1.989659,
            1.976899,
            3.809155,
            3.655445,
            2.056102,
            1.924309,
            1.002788,
            1.007663,
            4.20172,
            4.20512,
            3.948916,
            3.900439,
            0.613738,
            0.609571,
            2.212994,
            2.221173,
            2.499406,
            2.498588
        ],
        "dynamo_transform_time": [
            4.27,
            4.51,
            5.71,
            6.53,
            4.44,
            5.16,
            3.96,
            4.57,
            4.03,
            4.57,
            5.84,
            6.89,
            3.55,
            4.08,
            4.62,
            5.2,
            6.67,
            7.66
        ],
        "graph_compile_general_shape": [
            null,
            null,
            null,
            null,
            null,
            null,
            null,
            null,
            null,
            null,
            null,
            null,
            null,
            null,
            null,
            null,
            null,
            null
        ],
        "graph_compile_cached": [
            3.81,
            4.057,
            5.206,
            5.443,
            4.029,
            4.26,
            3.695,
            3.916,
            2.815,
            3.405,
            5.277,
            5.796,
            3.326,
            3.464,
            4.09,
            4.205,
            6.423,
            6.786
        ],
        "torch.compile": [
            4.27,
            4.51,
            5.71,
            6.53,
            4.44,
            5.16,
            3.96,
            4.57,
            4.03,
            4.57,
            5.84,
            6.89,
            3.55,
            4.08,
            4.62,
            5.2,
            6.67,
            7.66
        ],
        "kv_cache_profiling": [
            10.31,
            10.79,
            13.29,
            14.37,
            10.16,
            11.13,
            9.21,
            10.04,
            8.49,
            9.64,
            13.51,
            15.08,
            8.11,
            8.77,
            10.43,
            11.13,
            14.94,
            16.28
        ],
        "graph_capturing": [
            1.18,
            1.14,
            1.46,
            1.45,
            1.11,
            1.11,
            1.05,
            1.01,
            1.57,
            1.53,
            1.53,
            1.5,
            0.95,
            0.92,
            1.14,
            1.13,
            1.5,
            1.47
        ],
        "init_engine": [
            11.94,
            12.39,
            15.23,
            16.3,
            11.73,
            12.71,
            10.71,
            11.51,
            10.53,
            11.63,
            15.52,
            17.06,
            9.51,
            10.14,
            12.04,
            12.73,
            16.93,
            18.24
        ],
        "tokenizer_init": [
            0.13,
            0.12,
            0.09,
            0.08,
            0.09,
            0.24,
            0.28,
            0.29,
            0.25,
            0.25,
            0.25,
            0.25,
            0.26,
            0.25,
            0.24,
            0.25,
            0.16,
            0.16
        ],
        "total_time": [
            14.059659,
            14.486899,
            19.129155,
            20.035445,
            13.876102,
            14.874309000000002,
            11.992788000000001,
            12.807662999999998,
            14.98172,
            16.08512,
            19.718916,
            21.210438999999997,
            10.383738,
            10.999571000000001,
            14.492994,
            15.201173,
            19.589406,
            20.898588
        ],
        "actual_total_time": [
            22.24,
            22.55,
            26.59,
            27.29,
            21.37,
            22.01,
            19.7,
            20.3,
            22.55,
            23.54,
            27.25,
            28.67,
            17.9,
            18.41,
            22.03,
            22.64,
            27.15,
            28.24
        ]
    }
}