{
    "labels": [
        "output_model_falcon-7b.txt",
        "output_model_llama2-13b-hf.txt",
        "output_model_llama2-7b-hf.txt",
        "output_model_llama3-3b.txt",
        "output_model_qwen-0.5b.txt",
        "output_model_qwen-14b.txt",
        "output_model_qwen-1.8b.txt",
        "output_model_qwen-4b.txt",
        "output_model_qwen-7b.txt",
        "output_model_yi-6b.txt",
        "output_model_yi-9b.txt"
    ],
    "data": {
        "detect_platform": [
            0.0,
            0.0,
            0.0,
            0.0,
            0.0,
            0.0,
            0.0,
            0.0,
            1.0,
            1.0,
            0.0
        ],
        "llm_imports": [
            2.0,
            2.0,
            2.0,
            1.0,
            1.0,
            2.0,
            2.0,
            1.0,
            1.0,
            1.0,
            1.0
        ],
        "get_model_info": [
            7.0,
            6.0,
            7.0,
            7.0,
            7.0,
            7.0,
            7.0,
            7.0,
            7.0,
            7.0,
            7.0
        ],
        "worker_init": [
            2.0,
            2.0,
            2.0,
            2.0,
            2.0,
            3.0,
            2.0,
            2.0,
            2.0,
            3.0,
            2.0
        ],
        "framework_bootstrap": [
            11.0,
            10.0,
            11.0,
            10.0,
            10.0,
            12.0,
            11.0,
            10.0,
            11.0,
            12.0,
            10.0
        ],
        "load_weights": [
            3.45,
            6.17,
            3.07,
            1.42,
            0.22,
            6.39,
            0.81,
            1.74,
            3.36,
            2.66,
            3.9
        ],
        "model_init": [
            0.13,
            0.12,
            0.1,
            0.12,
            0.09,
            0.11,
            0.09,
            0.11,
            0.1,
            0.1,
            0.12
        ],
        "model_loading": [
            4.141058,
            6.823233,
            3.741485,
            2.076472,
            0.904454,
            7.115427,
            1.681549,
            2.383101,
            4.093676,
            3.364861,
            4.586758
        ],
        "dynamo_transform_time": [
            4.06,
            5.29,
            4.39,
            3.79,
            3.38,
            5.45,
            3.36,
            5.44,
            4.49,
            4.38,
            6.18
        ],
        "graph_compile_general_shape": [
            null,
            null,
            null,
            null,
            null,
            null,
            null,
            null,
            null,
            null,
            null
        ],
        "graph_compile_cached": [
            3.356,
            4.536,
            3.565,
            3.214,
            2.597,
            4.535,
            2.712,
            4.409,
            3.561,
            3.643,
            5.502
        ],
        "torch.compile": [
            4.06,
            5.29,
            4.39,
            3.79,
            3.38,
            5.45,
            3.36,
            5.44,
            4.49,
            4.38,
            6.18
        ],
        "kv_cache_profiling": [
            2.2640000000000002,
            2.324,
            1.1950000000000003,
            1.216000000000001,
            1.2429999999999994,
            2.215,
            0.9879999999999995,
            1.3409999999999993,
            1.2089999999999996,
            1.2070000000000007,
            1.748000000000001
        ],
        "graph_capturing": [
            1.12,
            1.49,
            1.13,
            0.86,
            0.98,
            1.51,
            0.79,
            1.26,
            1.15,
            0.96,
            1.42
        ],
        "init_engine": [
            11.01,
            13.89,
            10.5,
            9.3,
            8.42,
            13.93,
            16.23,
            12.67,
            10.66,
            10.45,
            15.09
        ],
        "tokenizer_init": [
            0.42,
            0.34,
            0.35,
            0.71,
            0.52,
            0.5,
            0.51,
            0.48,
            0.53,
            0.43,
            0.44
        ],
        "total_time": [
            26.571058,
            31.053233000000002,
            25.591485000000002,
            22.086472,
            19.844454,
            33.545427000000004,
            29.421549000000002,
            25.533101,
            26.283676,
            26.244861,
            30.116758
        ],
        "actual_total_time": [
            28.0,
            33.0,
            26.0,
            24.0,
            22.0,
            34.0,
            22.0,
            27.0,
            27.0,
            26.0,
            32.0
        ]
    }
}