{
    "labels": [
        "output_model_llama2-13b-hf.txt",
        "output_model_llama3-3b.txt",
        "output_model_qwen-0.5b.txt",
        "output_model_qwen-14.3b.txt",
        "output_model_qwen-1.8b.txt",
        "output_model_qwen-4b.txt",
        "output_model_qwen-7b.txt",
        "output_model_yi-9b.txt",
        "output_model_deepseek-v2-lite-16b.txt",
        "output_model_deepseek-r1-distill-llama-8b.txt"
    ],
    "data": {
        "detect_platform": [
            0.0164,
            0.0162,
            0.0166,
            0.0162,
            0.016800000000000002,
            0.0166,
            0.016,
            0.0162,
            0.0162,
            0.016
        ],
        "llm_imports": [
            1.421,
            1.4166,
            1.4176,
            1.4107999999999998,
            1.4152,
            1.4225999999999999,
            1.4086,
            1.4202,
            1.4124,
            1.4227999999999998
        ],
        "get_model_info": [
            5.239800000000001,
            5.2358,
            5.2458,
            5.261000000000001,
            5.2204,
            5.250400000000001,
            5.2341999999999995,
            5.2219999999999995,
            5.2476,
            5.2338000000000005
        ],
        "worker_init": [
            1.9957999999999998,
            2.032,
            2.0396,
            2.0306,
            2.032,
            2.0314,
            2.0422000000000002,
            2.0153999999999996,
            2.0235999999999996,
            2.0338
        ],
        "framework_bootstrap": [
            8.673,
            8.700600000000001,
            8.7196,
            8.7186,
            8.6844,
            8.721,
            8.701,
            8.6738,
            8.6998,
            8.7064
        ],
        "load_weights": [
            3.1799999999999997,
            0.796,
            0.13,
            3.7260000000000004,
            0.4600000000000001,
            0.984,
            1.904,
            2.18,
            4.1659999999999995,
            1.954
        ],
        "model_init": [
            0.136,
            0.14400000000000002,
            0.11000000000000001,
            0.13,
            0.11599999999999999,
            0.136,
            0.13,
            0.146,
            0.17,
            0.14800000000000002
        ],
        "model_loading": [
            3.316,
            0.9400000000000001,
            0.24000000000000002,
            3.8560000000000003,
            0.5760000000000001,
            1.12,
            2.034,
            2.326,
            4.335999999999999,
            2.102
        ],
        "dynamo_transform_time": [
            null,
            null,
            null,
            null,
            null,
            null,
            null,
            null,
            null,
            null
        ],
        "graph_compile_general_shape": [
            null,
            null,
            null,
            null,
            null,
            null,
            null,
            null,
            null,
            null
        ],
        "graph_compile_cached": [
            null,
            null,
            null,
            null,
            null,
            null,
            null,
            null,
            null,
            null
        ],
        "torch.compile": [
            0,
            0,
            0,
            0,
            0,
            0,
            0,
            0,
            0,
            0
        ],
        "kv_cache_profiling": [
            0.8059999999999998,
            0.6660000000000001,
            0.6599999999999999,
            0.954,
            0.666,
            0.694,
            0.7239999999999999,
            0.748,
            0.958,
            0.706
        ],
        "graph_capturing": [
            1.8940000000000001,
            1.39,
            1.2840000000000003,
            1.9440000000000002,
            1.266,
            1.832,
            1.486,
            1.9780000000000002,
            2.568,
            1.5119999999999998
        ],
        "init_engine": [
            2.7,
            2.056,
            1.9440000000000002,
            2.898,
            1.932,
            2.526,
            2.21,
            2.726,
            3.526,
            2.218
        ],
        "tokenizer_init": [
            0.086,
            0.29,
            0.25,
            0.254,
            0.252,
            0.256,
            0.25,
            0.158,
            0.21000000000000002,
            0.36
        ],
        "total_time": [
            14.775,
            11.9866,
            11.1536,
            15.7266,
            11.444400000000002,
            12.623000000000001,
            13.195,
            13.883799999999999,
            16.7718,
            13.3864
        ],
        "actual_total_time": [
            15.702762800000002,
            13.1297036,
            12.2794468,
            16.8283176,
            12.558673400000002,
            13.733985600000002,
            14.301953,
            14.9084964,
            17.851076199999998,
            14.600867000000001
        ]
    }
}