{
    "labels": [
        "output_model_deepseek-r1-distill-llama-8b.txt",
        "output_model_deepseek-r1-distill-qwen-7b.txt",
        "output_model_deepseek-v2-lite-16b.txt",
        "output_model_falcon-7b.txt",
        "output_model_gpt-oss-20b.txt",
        "output_model_llama2-13b-hf.txt",
        "output_model_llama2-7b-hf.txt",
        "output_model_llama3-3b.txt",
        "output_model_qwen-0.5b.txt",
        "output_model_qwen-14.3b.txt",
        "output_model_qwen-14b.txt",
        "output_model_qwen-1.8b.txt",
        "output_model_qwen-4b.txt",
        "output_model_qwen-7b.txt",
        "output_model_yi-6b.txt",
        "output_model_yi-9b.txt"
    ],
    "data": {
        "load_weights": [
            2.12,
            2.01,
            4.5,
            1.86,
            1.87,
            3.57,
            1.77,
            0.85,
            0.14,
            4.05,
            3.72,
            0.84,
            1.06,
            2.41,
            1.61,
            2.35
        ],
        "model_init": [
            0.14,
            0.11,
            0.16,
            0.12,
            0.16,
            0.13,
            0.12,
            0.13,
            0.1,
            0.12,
            0.13,
            0.1,
            0.12,
            0.12,
            0.12,
            0.13
        ],
        "model_loading": [
            2.261512,
            2.122323,
            4.671915,
            1.976946,
            2.307555,
            3.697796,
            1.894194,
            0.982686,
            0.240579,
            4.176114,
            3.851553,
            0.946187,
            1.184424,
            2.526064,
            1.731967,
            2.491611
        ],
        "dynamo_transform_time": [
            5.13,
            4.63,
            3.92,
            4.5,
            3.82,
            6.57,
            5.12,
            4.53,
            4.06,
            4.56,
            6.82,
            4.26,
            6.68,
            5.25,
            5.07,
            7.58
        ],
        "graph_compile_general_shape": [
            13.87,
            12.35,
            12.22,
            12.05,
            11.21,
            16.87,
            13.52,
            12.08,
            10.32,
            11.48,
            17.44,
            10.7,
            17.45,
            13.8,
            13.64,
            20.61
        ],
        "graph_compile_cached": [
            null,
            null,
            null,
            null,
            null,
            null,
            null,
            null,
            null,
            null,
            null,
            null,
            null,
            null,
            null,
            null
        ],
        "torch.compile": [
            19.0,
            16.98,
            16.14,
            16.55,
            15.03,
            23.43,
            18.64,
            16.61,
            14.38,
            16.03,
            24.26,
            14.96,
            24.13,
            19.05,
            18.71,
            28.2
        ],
        "kv_cache_profiling": [
            20.8,
            18.68,
            18.19,
            18.87,
            16.38,
            26.29,
            20.46,
            18.22,
            15.71,
            17.76,
            26.72,
            16.31,
            25.82,
            20.88,
            20.5,
            30.13
        ],
        "graph_capturing": [
            1.23,
            1.21,
            2.33,
            1.19,
            1.36,
            1.5,
            1.15,
            1.07,
            0.98,
            1.57,
            1.56,
            0.97,
            1.38,
            1.19,
            1.17,
            1.54
        ],
        "init_engine": [
            22.52,
            20.38,
            21.04,
            20.55,
            18.23,
            28.31,
            22.12,
            19.78,
            17.16,
            19.81,
            28.81,
            17.76,
            27.72,
            22.58,
            22.17,
            32.2
        ],
        "tokenizer_init": [
            0.53,
            0.32,
            0.21,
            0.12,
            0.69,
            0.24,
            0.09,
            0.29,
            0.25,
            0.25,
            0.25,
            0.25,
            0.25,
            0.25,
            0.16,
            0.32
        ],
        "total_time": [
            25.311512,
            22.822323,
            25.921915,
            22.646946000000003,
            21.227555000000002,
            32.247796,
            24.104194,
            21.052686,
            17.650579,
            24.236114,
            32.911553,
            18.956187,
            29.154424,
            25.356063999999996,
            24.061967000000003,
            35.011611
        ],
        "actual_total_time": [
            32.75,
            30.36,
            33.36,
            30.8,
            31.61,
            39.41,
            31.36,
            28.57,
            25.14,
            31.73,
            40.39,
            26.46,
            36.61,
            32.82,
            31.45,
            42.22
        ]
    }
}