{
    "labels": [
        "output_model_llama2-7b-hf_cuda-graph-sizes_136.txt",
        "output_model_llama2-7b-hf_cuda-graph-sizes_1.txt",
        "output_model_llama2-7b-hf_cuda-graph-sizes_216.txt",
        "output_model_llama2-7b-hf_cuda-graph-sizes_296.txt",
        "output_model_llama2-7b-hf_cuda-graph-sizes_376.txt",
        "output_model_llama2-7b-hf_cuda-graph-sizes_456.txt",
        "output_model_llama2-7b-hf_cuda-graph-sizes_56.txt"
    ],
    "data": {
        "detect_platform": [
            0.016,
            0.016,
            0.016,
            0.016,
            0.017,
            0.017,
            0.016
        ],
        "llm_imports": [
            1.411,
            1.412,
            1.409,
            1.419,
            1.433,
            1.423,
            1.42
        ],
        "get_model_info": [
            5.271,
            5.254,
            5.244,
            5.245,
            5.204,
            5.232,
            5.243
        ],
        "worker_init": [
            1.984,
            2.001,
            1.994,
            2.015,
            1.991,
            2.007,
            2.013
        ],
        "framework_bootstrap": [
            8.682,
            8.683,
            8.663,
            8.695,
            8.645,
            8.679,
            8.692
        ],
        "load_weights": [
            1.68,
            24.85,
            1.69,
            1.69,
            1.68,
            1.69,
            1.68
        ],
        "model_init": [
            0.13,
            0.13,
            0.13,
            0.12,
            0.13,
            0.13,
            0.13
        ],
        "model_loading": [
            1.810675,
            24.985875,
            1.822882,
            1.821928,
            1.811355,
            1.82072,
            1.809986
        ],
        "dynamo_transform_time": [
            5.49,
            5.74,
            5.51,
            5.37,
            5.41,
            5.43,
            5.41
        ],
        "graph_compile_general_shape": [
            null,
            17.76,
            null,
            null,
            null,
            null,
            null
        ],
        "graph_compile_cached": [
            4.679,
            null,
            4.686,
            4.506,
            4.581,
            4.57,
            4.555
        ],
        "torch.compile": [
            5.49,
            23.5,
            5.51,
            5.37,
            5.41,
            5.43,
            5.41
        ],
        "kv_cache_profiling": [
            1.940999999999999,
            3.6700000000000017,
            1.9540000000000006,
            1.9339999999999993,
            1.9290000000000003,
            1.9399999999999995,
            1.9350000000000005
        ],
        "graph_capturing": [
            0.78,
            0.41,
            1.04,
            1.31,
            1.57,
            1.88,
            0.52
        ],
        "init_engine": [
            13.42,
            28.16,
            13.72,
            13.65,
            14.02,
            14.35,
            12.96
        ],
        "tokenizer_init": [
            0.08,
            0.09,
            0.09,
            0.09,
            0.08,
            0.08,
            0.09
        ],
        "total_time": [
            23.992675,
            61.918875,
            24.295882000000002,
            24.256928,
            24.556354999999996,
            24.929719999999996,
            23.551986000000003
        ],
        "actual_total_time": [
            24.926,
            62.861,
            25.216,
            25.199,
            25.481,
            25.867,
            24.475
        ]
    }
}