{
    "labels": [
        "output_model_deepseek-r1-distill-llama-8b.txt",
        "output_model_deepseek-r1-distill-qwen-7b.txt",
        "output_model_deepseek-v2-lite-16b.txt",
        "output_model_falcon-7b.txt",
        "output_model_gpt-oss-20b.txt",
        "output_model_llama2-13b-hf.txt",
        "output_model_llama2-7b-hf.txt",
        "output_model_llama3-3b.txt",
        "output_model_qwen-0.5b.txt",
        "output_model_qwen-14.3b.txt",
        "output_model_qwen-14b.txt",
        "output_model_qwen-1.8b.txt",
        "output_model_qwen-4b.txt",
        "output_model_qwen-7b.txt",
        "output_model_yi-6b.txt",
        "output_model_yi-9b.txt"
    ],
    "data": {
        "load_weights": [
            2.5140000000000002,
            2.198,
            5.3420000000000005,
            5.602,
            5.57,
            3.65,
            1.8619999999999997,
            0.8939999999999999,
            0.4,
            11.212,
            3.9300000000000006,
            1.476,
            1.1099999999999999,
            5.922,
            4.542,
            6.85
        ],
        "model_init": [
            0.14,
            0.11000000000000001,
            0.16,
            0.12,
            0.16,
            0.13,
            0.12,
            0.13,
            0.1,
            0.12,
            0.13,
            0.10400000000000001,
            0.124,
            0.12,
            0.11599999999999999,
            0.132
        ],
        "model_loading": [
            2.6540000000000004,
            2.308,
            5.502000000000001,
            5.722,
            5.73,
            3.78,
            1.9819999999999998,
            1.024,
            0.5,
            11.331999999999999,
            4.0600000000000005,
            1.58,
            1.234,
            6.042,
            4.6579999999999995,
            6.981999999999999
        ],
        "dynamo_transform_time": [
            5.162,
            4.651999999999999,
            3.936,
            4.522,
            3.85,
            6.554,
            5.156000000000001,
            4.59,
            4.084,
            4.6,
            6.7700000000000005,
            4.178,
            6.702,
            5.248,
            5.109999999999999,
            7.739999999999999
        ],
        "graph_compile_general_shape": [
            13.776,
            12.32,
            12.26,
            12.072,
            11.276,
            16.866,
            13.536000000000001,
            12.142,
            10.331999999999999,
            11.57,
            17.541999999999998,
            10.537999999999998,
            17.491999999999997,
            13.84,
            13.712,
            20.808
        ],
        "graph_compile_cached": [
            null,
            null,
            null,
            null,
            null,
            null,
            null,
            null,
            null,
            null,
            null,
            null,
            null,
            null,
            null,
            null
        ],
        "torch.compile": [
            18.938,
            16.972,
            16.195999999999998,
            16.594,
            15.126,
            23.42,
            18.692,
            16.732,
            14.415999999999999,
            16.17,
            24.311999999999998,
            14.715999999999998,
            24.193999999999996,
            19.088,
            18.822,
            28.548
        ],
        "kv_cache_profiling": [
            20.733999999999998,
            18.68,
            18.247999999999998,
            18.908,
            16.509999999999998,
            26.276000000000003,
            20.506,
            18.294,
            15.759999999999998,
            17.914,
            26.779999999999998,
            16.083999999999996,
            25.889999999999997,
            20.926,
            20.625999999999998,
            30.496
        ],
        "graph_capturing": [
            1.224,
            1.208,
            2.3280000000000003,
            1.188,
            1.3640000000000003,
            1.502,
            1.1480000000000001,
            1.072,
            0.982,
            1.576,
            1.564,
            0.978,
            1.382,
            1.186,
            1.1759999999999997,
            1.5340000000000003
        ],
        "init_engine": [
            21.958,
            19.887999999999998,
            20.575999999999997,
            20.096,
            17.874,
            27.778000000000002,
            21.654,
            19.366,
            16.741999999999997,
            19.490000000000002,
            28.343999999999998,
            17.061999999999998,
            27.272,
            22.112,
            21.801999999999996,
            32.03
        ],
        "tokenizer_init": [
            0.4,
            0.41600000000000004,
            0.20600000000000002,
            0.12,
            0.682,
            0.178,
            0.11399999999999999,
            0.354,
            0.248,
            0.252,
            0.246,
            0.25,
            0.252,
            0.25,
            0.192,
            0.28800000000000003
        ],
        "total_time": [
            25.011999999999997,
            22.612,
            26.283999999999995,
            25.938000000000002,
            24.285999999999998,
            31.736000000000004,
            23.75,
            20.744,
            17.49,
            31.074,
            32.65,
            18.891999999999996,
            28.758,
            28.403999999999996,
            26.651999999999994,
            39.3
        ],
        "actual_total_time": [
            32.5788088,
            30.104386199999997,
            33.743173,
            34.1137966,
            34.66444,
            38.923776600000004,
            31.015469200000002,
            28.1949644,
            24.9846602,
            38.5635446,
            40.1088922,
            26.376055199999996,
            36.235138199999994,
            35.867371999999996,
            34.022031199999994,
            46.5462444
        ]
    }
}