{
    "labels": [
        "output_model_falcon-7b.txt",
        "output_model_llama2-13b-hf.txt",
        "output_model_llama2-7b-hf.txt",
        "output_model_llama3-3b.txt",
        "output_model_qwen-0.5b.txt",
        "output_model_qwen-14b.txt",
        "output_model_qwen-1.8b.txt",
        "output_model_qwen-4b.txt",
        "output_model_qwen-7b.txt",
        "output_model_yi-6b.txt",
        "output_model_yi-9b.txt"
    ],
    "data": {
        "detect_platform": [
            0.6,
            0.2,
            0.2,
            0.4,
            0.4,
            0.2,
            0.4,
            0.8,
            0.6,
            0.6,
            0.6
        ],
        "llm_imports": [
            1.6,
            1.4,
            1.8,
            1.6,
            1.2,
            1.4,
            1.2,
            1.2,
            1.4,
            1.2,
            1.4
        ],
        "get_model_info": [
            7.2,
            6.8,
            7.2,
            7.4,
            7.4,
            7.6,
            7.2,
            7.0,
            7.0,
            7.4,
            7.2
        ],
        "worker_init": [
            2.2,
            2.0,
            2.4,
            3.0,
            2.8,
            2.6,
            2.8,
            2.8,
            2.8,
            2.8,
            2.6
        ],
        "framework_bootstrap": [
            11.600000000000001,
            10.4,
            11.6,
            12.4,
            11.8,
            11.799999999999999,
            11.600000000000001,
            11.8,
            11.8,
            12.0,
            11.799999999999999
        ],
        "load_weights": [
            2.6339999999999995,
            4.578,
            2.3660000000000005,
            1.13,
            0.18,
            5.1080000000000005,
            0.68,
            1.4300000000000002,
            2.768,
            2.176,
            3.1940000000000004
        ],
        "model_init": [
            0.21999999999999997,
            0.20800000000000002,
            0.10800000000000001,
            0.14200000000000002,
            0.186,
            0.144,
            0.188,
            0.23399999999999999,
            0.134,
            0.148,
            0.20600000000000002
        ],
        "model_loading": [
            2.853999999999999,
            4.7860000000000005,
            2.4740000000000006,
            1.2719999999999998,
            0.366,
            5.252000000000001,
            0.8680000000000001,
            1.6640000000000001,
            2.9019999999999997,
            2.3240000000000003,
            3.4000000000000004
        ],
        "dynamo_transform_time": [
            3.7959999999999994,
            5.340000000000001,
            4.3740000000000006,
            3.7659999999999996,
            3.3619999999999997,
            5.516,
            3.3619999999999997,
            5.424,
            4.48,
            4.41,
            6.286
        ],
        "graph_compile_general_shape": [
            null,
            null,
            null,
            null,
            null,
            null,
            null,
            null,
            null,
            null,
            null
        ],
        "graph_compile_cached": [
            3.8495999999999997,
            5.1882,
            4.1132,
            3.812,
            3.161,
            5.5478000000000005,
            2.995,
            5.119,
            4.1498,
            4.2974,
            6.237
        ],
        "torch.compile": [
            3.7959999999999994,
            5.340000000000001,
            4.3740000000000006,
            3.7659999999999996,
            3.3619999999999997,
            5.516,
            3.3619999999999997,
            5.424,
            4.48,
            4.41,
            6.286
        ],
        "kv_cache_profiling": [
            2.2384,
            2.2838,
            1.4968000000000008,
            1.4819999999999993,
            1.395,
            2.4701999999999997,
            1.395,
            1.4950000000000006,
            1.4142,
            1.4446,
            1.927
        ],
        "graph_capturing": [
            1.558,
            1.9140000000000001,
            1.7239999999999998,
            1.454,
            1.294,
            2.058,
            1.002,
            1.6939999999999997,
            1.65,
            1.528,
            1.95
        ],
        "init_engine": [
            11.441999999999998,
            14.725999999999999,
            11.708000000000002,
            10.513999999999998,
            9.212,
            15.592,
            8.754,
            13.732,
            11.694,
            11.68,
            16.4
        ],
        "tokenizer_init": [
            0.39,
            0.328,
            0.33,
            0.532,
            0.4959999999999999,
            0.526,
            0.5199999999999999,
            0.49399999999999994,
            0.49800000000000005,
            0.42000000000000004,
            0.44000000000000006
        ],
        "total_time": [
            26.286,
            30.24,
            26.112000000000002,
            24.718,
            21.874,
            33.17,
            21.742,
            27.689999999999998,
            26.894000000000002,
            26.424,
            32.04
        ],
        "actual_total_time": [
            28.3201664,
            32.0053852,
            27.1312518,
            25.3596696,
            23.0215778,
            34.4077776,
            22.793406,
            28.810909199999998,
            28.358999600000004,
            27.657362399999997,
            33.2930516
        ]
    }
}