{
    "labels": [
        "output_model_falcon-7b.txt",
        "output_model_llama2-13b-hf.txt",
        "output_model_llama2-7b-hf.txt",
        "output_model_llama3-3b.txt",
        "output_model_qwen-0.5b.txt",
        "output_model_qwen-14b.txt",
        "output_model_qwen-1.8b.txt",
        "output_model_qwen-4b.txt",
        "output_model_qwen-7b.txt",
        "output_model_yi-6b.txt",
        "output_model_yi-9b.txt"
    ],
    "data": {
        "load_weights": [
            2.6339999999999995,
            4.578,
            2.3660000000000005,
            1.13,
            0.18,
            5.1080000000000005,
            0.68,
            1.4300000000000002,
            2.768,
            2.176,
            3.1940000000000004
        ],
        "model_init": [
            0.21999999999999997,
            0.20800000000000002,
            0.10800000000000001,
            0.14200000000000002,
            0.186,
            0.144,
            0.188,
            0.23399999999999999,
            0.134,
            0.148,
            0.20600000000000002
        ],
        "model_loading": [
            2.853999999999999,
            4.7860000000000005,
            2.4740000000000006,
            1.2719999999999998,
            0.366,
            5.252000000000001,
            0.8680000000000001,
            1.6640000000000001,
            2.9019999999999997,
            2.3240000000000003,
            3.4000000000000004
        ],
        "dynamo_transform_time": [
            3.7959999999999994,
            5.340000000000001,
            4.3740000000000006,
            3.7659999999999996,
            3.3619999999999997,
            5.516,
            3.3619999999999997,
            5.424,
            4.48,
            4.41,
            6.286
        ],
        "graph_compile_general_shape": [
            null,
            null,
            null,
            null,
            null,
            null,
            null,
            null,
            null,
            null,
            null
        ],
        "graph_compile_cached": [
            3.8495999999999997,
            5.1882,
            4.1132,
            3.812,
            3.161,
            5.5478000000000005,
            2.995,
            5.119,
            4.1498,
            4.2974,
            6.237
        ],
        "torch.compile": [
            3.7959999999999994,
            5.340000000000001,
            4.3740000000000006,
            3.7659999999999996,
            3.3619999999999997,
            5.516,
            3.3619999999999997,
            5.424,
            4.48,
            4.41,
            6.286
        ],
        "kv_cache_profiling": [
            9.883999999999999,
            12.812000000000001,
            9.984000000000002,
            9.059999999999999,
            7.917999999999999,
            13.534,
            7.752000000000001,
            12.038,
            10.044,
            10.152000000000001,
            14.45
        ],
        "graph_capturing": [
            1.558,
            1.9140000000000001,
            1.7239999999999998,
            1.454,
            1.294,
            2.058,
            1.002,
            1.6939999999999997,
            1.65,
            1.528,
            1.95
        ],
        "init_engine": [
            11.441999999999998,
            14.726,
            11.708000000000002,
            10.514,
            9.212,
            15.592,
            8.754000000000001,
            13.732,
            11.694,
            11.680000000000001,
            16.4
        ],
        "tokenizer_init": [
            0.39,
            0.328,
            0.33,
            0.532,
            0.4959999999999999,
            0.526,
            0.5199999999999999,
            0.49399999999999994,
            0.49800000000000005,
            0.42000000000000004,
            0.44000000000000006
        ],
        "total_time": [
            14.685999999999998,
            19.84,
            14.512000000000002,
            12.318,
            10.074,
            21.37,
            10.142000000000001,
            15.889999999999999,
            15.094,
            14.424000000000001,
            20.24
        ],
        "actual_total_time": [
            26.378166399999998,
            30.0933852,
            24.979251800000004,
            23.5056696,
            21.1735778,
            32.7317776,
            21.039406,
            26.6789092,
            26.490999600000002,
            25.5333624,
            31.283051599999997
        ]
    }
}