{
    "labels": [
        "output_model_falcon-7b.txt",
        "output_model_llama2-13b-hf.txt",
        "output_model_llama2-7b-hf.txt",
        "output_model_llama3-3b.txt",
        "output_model_qwen-0.5b.txt",
        "output_model_qwen-14b.txt",
        "output_model_qwen-1.8b.txt",
        "output_model_qwen-4b.txt",
        "output_model_qwen-7b.txt",
        "output_model_yi-6b.txt",
        "output_model_yi-9b.txt"
    ],
    "data": {
        "load_weights": [
            2.6339999999999995,
            4.578,
            2.3660000000000005,
            1.13,
            0.18,
            5.1080000000000005,
            0.68,
            1.4300000000000002,
            2.768,
            2.176,
            3.1940000000000004
        ],
        "model_init": [
            0.21999999999999997,
            0.20800000000000002,
            0.10800000000000001,
            0.14200000000000002,
            0.186,
            0.144,
            0.188,
            0.23399999999999999,
            0.134,
            0.148,
            0.20600000000000002
        ],
        "model_loading": [
            2.853999999999999,
            4.7860000000000005,
            2.4740000000000006,
            1.2719999999999998,
            0.366,
            5.252000000000001,
            0.8680000000000001,
            1.6640000000000001,
            2.9019999999999997,
            2.3240000000000003,
            3.4000000000000004
        ],
        "dynamo_transform_time": [
            3.7959999999999994,
            5.340000000000001,
            4.3740000000000006,
            3.7659999999999996,
            3.3619999999999997,
            5.516,
            3.3619999999999997,
            5.424,
            4.48,
            4.41,
            6.286
        ],
        "graph_compile_general_shape": [
            null,
            null,
            null,
            null,
            null,
            null,
            null,
            null,
            null,
            null,
            null
        ],
        "graph_compile_cached": [
            3.8495999999999997,
            5.1882,
            4.1132,
            3.812,
            3.161,
            5.5478000000000005,
            2.995,
            5.119,
            4.1498,
            4.2974,
            6.237
        ],
        "torch.compile": [
            3.7959999999999994,
            5.340000000000001,
            4.3740000000000006,
            3.7659999999999996,
            3.3619999999999997,
            5.516,
            3.3619999999999997,
            5.424,
            4.48,
            4.41,
            6.286
        ],
        "kv_cache_profiling": [
            13.7336,
            18.0002,
            14.0972,
            12.872,
            11.078999999999999,
            19.0818,
            10.747,
            17.157,
            14.1938,
            14.4494,
            20.686999999999998
        ],
        "graph_capturing": [
            1.558,
            1.9140000000000001,
            1.7239999999999998,
            1.454,
            1.294,
            2.058,
            1.002,
            1.6939999999999997,
            1.65,
            1.528,
            1.95
        ],
        "init_engine": [
            15.291599999999999,
            19.9142,
            15.821200000000001,
            14.326,
            12.373,
            21.1398,
            11.749,
            18.851,
            15.8438,
            15.977400000000001,
            22.636999999999997
        ],
        "tokenizer_init": [
            0.39,
            0.328,
            0.33,
            0.532,
            0.4959999999999999,
            0.526,
            0.5199999999999999,
            0.49399999999999994,
            0.49800000000000005,
            0.42000000000000004,
            0.44000000000000006
        ],
        "total_time": [
            18.5356,
            25.028200000000002,
            18.6252,
            16.130000000000003,
            13.235,
            26.917800000000003,
            13.137,
            21.009,
            19.2438,
            18.721400000000003,
            26.477
        ],
        "actual_total_time": [
            30.2277664,
            35.2815852,
            29.0924518,
            27.317669600000002,
            24.334577799999998,
            38.2795776,
            24.034406,
            31.7979092,
            30.6407996,
            29.8307624,
            37.5200516
        ]
    }
}