{
    "labels": [
        "output_model_llama3-3b_default.txt",
        "output_model_llama3-3b_torch2.5.1.txt",
        "output_model_llama3-3b_torch2.6.0.txt",
        "output_model_qwen-4b_default.txt",
        "output_model_qwen-4b_torch2.5.1.txt",
        "output_model_qwen-4b_torch2.6.0.txt",
        "output_model_yi-9b_default.txt",
        "output_model_yi-9b_torch2.5.1.txt",
        "output_model_yi-9b_torch2.6.0.txt"
    ],
    "data": {
        "detect_platform": [
            0.0,
            0.0,
            0.0,
            0.0,
            1.0,
            0.0,
            0.0,
            0.0,
            0.0
        ],
        "llm_imports": [
            2.0,
            1.0,
            1.0,
            1.0,
            1.0,
            1.0,
            1.0,
            2.0,
            1.0
        ],
        "get_model_info": [
            4.0,
            5.0,
            5.0,
            5.0,
            4.0,
            4.0,
            5.0,
            4.0,
            5.0
        ],
        "worker_init": [
            1.0,
            1.0,
            1.0,
            2.0,
            1.0,
            1.0,
            2.0,
            2.0,
            1.0
        ],
        "framework_bootstrap": [
            7.0,
            7.0,
            7.0,
            8.0,
            7.0,
            6.0,
            8.0,
            8.0,
            7.0
        ],
        "load_weights": [
            0.88,
            0.88,
            0.89,
            1.07,
            1.07,
            1.36,
            2.37,
            2.36,
            2.98
        ],
        "model_init": [
            0.13,
            0.13,
            0.13,
            0.12,
            0.13,
            0.12,
            0.13,
            0.13,
            0.14
        ],
        "model_loading": [
            1.01737,
            1.009573,
            1.025099,
            1.193738,
            1.202756,
            1.483513,
            2.508839,
            2.502956,
            3.124485
        ],
        "dynamo_transform_time": [
            4.61,
            4.57,
            4.55,
            6.61,
            6.63,
            6.79,
            7.76,
            7.61,
            7.57
        ],
        "graph_compile_general_shape": [
            null,
            null,
            null,
            null,
            null,
            null,
            null,
            null,
            null
        ],
        "graph_compile_cached": [
            3.919,
            3.923,
            3.937,
            5.334,
            5.37,
            5.566,
            6.808,
            6.763,
            6.767
        ],
        "torch.compile": [
            4.61,
            4.57,
            4.55,
            6.61,
            6.63,
            6.79,
            7.76,
            7.61,
            7.57
        ],
        "kv_cache_profiling": [
            1.561,
            1.5069999999999997,
            1.5030000000000001,
            1.6260000000000012,
            1.5899999999999999,
            1.604000000000001,
            1.8420000000000005,
            1.786999999999999,
            1.8030000000000008
        ],
        "graph_capturing": [
            1.03,
            1.0,
            1.0,
            1.3,
            1.3,
            1.28,
            1.47,
            1.45,
            1.46
        ],
        "init_engine": [
            11.58,
            11.44,
            11.41,
            15.36,
            15.34,
            15.69,
            18.38,
            18.09,
            18.06
        ],
        "tokenizer_init": [
            0.29,
            0.28,
            0.29,
            0.25,
            0.25,
            0.24,
            0.16,
            0.16,
            0.15
        ],
        "total_time": [
            19.887369999999997,
            19.729573000000002,
            19.725099,
            24.803738,
            23.792756,
            23.413513,
            29.048838999999997,
            28.752956,
            28.334484999999997
        ],
        "actual_total_time": [
            22.0,
            21.0,
            21.0,
            25.0,
            26.0,
            25.0,
            29.0,
            29.0,
            29.0
        ]
    }
}