{
    "labels": [
        "output_model_llama3-3b_default.txt",
        "output_model_llama3-3b_torch2.5.1.txt",
        "output_model_llama3-3b_torch2.6.0.txt",
        "output_model_qwen-4b_default.txt",
        "output_model_qwen-4b_torch2.5.1.txt",
        "output_model_qwen-4b_torch2.6.0.txt",
        "output_model_yi-9b_default.txt",
        "output_model_yi-9b_torch2.5.1.txt",
        "output_model_yi-9b_torch2.6.0.txt"
    ],
    "data": {
        "load_weights": [
            0.88,
            0.88,
            0.89,
            1.07,
            1.07,
            1.36,
            2.37,
            2.36,
            2.98
        ],
        "model_init": [
            0.13,
            0.13,
            0.13,
            0.12,
            0.13,
            0.12,
            0.13,
            0.13,
            0.14
        ],
        "model_loading": [
            1.01737,
            1.009573,
            1.025099,
            1.193738,
            1.202756,
            1.483513,
            2.508839,
            2.502956,
            3.124485
        ],
        "dynamo_transform_time": [
            4.61,
            4.57,
            4.55,
            6.61,
            6.63,
            6.79,
            7.76,
            7.61,
            7.57
        ],
        "graph_compile_general_shape": [
            null,
            null,
            null,
            null,
            null,
            null,
            null,
            null,
            null
        ],
        "graph_compile_cached": [
            3.919,
            3.923,
            3.937,
            5.334,
            5.37,
            5.566,
            6.808,
            6.763,
            6.767
        ],
        "torch.compile": [
            4.61,
            4.57,
            4.55,
            6.61,
            6.63,
            6.79,
            7.76,
            7.61,
            7.57
        ],
        "kv_cache_profiling": [
            10.09,
            10.0,
            9.99,
            13.57,
            13.59,
            13.96,
            16.41,
            16.16,
            16.14
        ],
        "graph_capturing": [
            1.03,
            1.0,
            1.0,
            1.3,
            1.3,
            1.28,
            1.47,
            1.45,
            1.46
        ],
        "init_engine": [
            11.58,
            11.44,
            11.41,
            15.36,
            15.34,
            15.69,
            18.38,
            18.09,
            18.06
        ],
        "tokenizer_init": [
            0.29,
            0.28,
            0.29,
            0.25,
            0.25,
            0.24,
            0.16,
            0.16,
            0.15
        ],
        "total_time": [
            12.887369999999999,
            12.729572999999998,
            12.725099,
            16.803738,
            16.792756,
            17.413513,
            21.048838999999997,
            20.752956,
            21.334484999999997
        ],
        "actual_total_time": [
            20.35,
            19.72,
            19.75,
            24.25,
            23.76,
            24.39,
            28.43,
            27.62,
            28.19
        ]
    }
}