{
    "labels": [
        "output_model_llama2-13b-hf_workload_0.txt",
        "output_model_llama2-13b-hf_workload_10.txt",
        "output_model_llama2-13b-hf_workload_25.txt",
        "output_model_llama2-13b-hf_workload_50.txt",
        "output_model_llama2-13b-hf_workload_75.txt",
        "output_model_llama2-13b-hf_workload_90.txt",
        "output_model_qwen-4b_workload_0.txt",
        "output_model_qwen-4b_workload_10.txt",
        "output_model_qwen-4b_workload_25.txt",
        "output_model_qwen-4b_workload_50.txt",
        "output_model_qwen-4b_workload_75.txt",
        "output_model_qwen-4b_workload_90.txt"
    ],
    "data": {
        "detect_platfrom": [
            0.038,
            0.034,
            0.038,
            0.044,
            0.039,
            0.038,
            0.038,
            0.038,
            0.038,
            0.038,
            0.043,
            0.037
        ],
        "llm_imports": [
            1.363,
            1.37,
            1.385,
            1.522,
            1.603,
            1.732,
            1.361,
            1.381,
            1.432,
            1.382,
            1.661,
            1.711
        ],
        "get_model_info": [
            5.037,
            5.201,
            5.195,
            5.596,
            6.178,
            6.465,
            5.017,
            5.114,
            5.215,
            5.677,
            6.222,
            6.398
        ],
        "worker_init": [
            1.465,
            1.495,
            1.569,
            1.608,
            1.855,
            1.884,
            1.466,
            1.544,
            1.533,
            1.71,
            1.879,
            1.936
        ],
        "framework_bootstrap": [
            7.903,
            8.1,
            8.187000000000001,
            8.77,
            9.675,
            10.119,
            7.882000000000001,
            8.077,
            8.218,
            8.806999999999999,
            9.805,
            10.081999999999999
        ],
        "load_weights": [
            3.64,
            3.69,
            3.69,
            4.03,
            4.14,
            4.35,
            1.13,
            1.14,
            1.16,
            1.25,
            1.31,
            1.37
        ],
        "model_init": [
            0.15,
            0.14,
            0.15,
            0.16,
            0.16,
            0.16,
            0.14,
            0.14,
            0.14,
            0.16,
            0.15,
            0.15
        ],
        "model_loading": [
            3.785922,
            3.839606,
            3.844489,
            4.192219,
            4.299568,
            4.513612,
            1.27733,
            1.287292,
            1.30352,
            1.422235,
            1.4724,
            1.528669
        ],
        "dynamo_transform_time": [
            7.01,
            6.93,
            6.58,
            7.24,
            7.99,
            8.5,
            7.07,
            6.86,
            6.75,
            7.52,
            8.13,
            8.57
        ],
        "graph_compile_general_shape": [
            null,
            null,
            null,
            null,
            null,
            null,
            null,
            null,
            null,
            null,
            null,
            null
        ],
        "graph_compile_cached": [
            5.738,
            5.941,
            5.499,
            6.244,
            7.021,
            7.396,
            5.618,
            5.812,
            5.732,
            6.093,
            6.363,
            6.976
        ],
        "torch.compile": [
            7.01,
            6.93,
            6.58,
            7.24,
            7.99,
            8.5,
            7.07,
            6.86,
            6.75,
            7.52,
            8.13,
            8.57
        ],
        "kv_cache_profiling": [
            15.2,
            15.35,
            14.54,
            16.17,
            17.8,
            18.8,
            14.37,
            14.36,
            14.21,
            15.73,
            16.48,
            17.64
        ],
        "graph_capturing": [
            1.46,
            1.47,
            1.47,
            1.76,
            1.73,
            1.79,
            1.3,
            1.33,
            1.44,
            1.36,
            1.66,
            1.69
        ],
        "init_engine": [
            17.14,
            17.32,
            16.53,
            18.52,
            20.11,
            21.19,
            16.16,
            16.18,
            16.17,
            17.65,
            18.72,
            19.91
        ],
        "tokenizer_init": [
            0.09,
            0.09,
            0.09,
            0.11,
            0.11,
            0.12,
            0.27,
            0.27,
            0.28,
            0.32,
            0.32,
            0.33
        ],
        "total_time": [
            28.918922,
            29.349605999999998,
            28.651489,
            31.592219,
            34.194568000000004,
            35.942612,
            25.58933,
            25.814292,
            25.971520000000005,
            28.199234999999998,
            30.3174,
            31.850668999999996
        ],
        "actual_total_time": [
            29.775,
            30.216,
            29.534,
            32.537,
            35.153,
            36.954,
            26.633,
            26.87,
            27.081,
            29.356,
            31.537,
            33.087
        ]
    }
}