{
    "labels": [
        "output_model_falcon-7b.txt",
        "output_model_llama2-13b-hf.txt",
        "output_model_llama2-7b-hf.txt",
        "output_model_llama3-3b.txt",
        "output_model_qwen-0.5b.txt",
        "output_model_qwen-14b.txt",
        "output_model_qwen-1.8b.txt",
        "output_model_qwen-4b.txt",
        "output_model_qwen-7b.txt",
        "output_model_yi-6b.txt",
        "output_model_yi-9b.txt"
    ],
    "data": {
        "detect_platfrom": [
            0.0,
            1.0,
            0.0,
            0.0,
            0.0,
            0.0,
            0.0,
            0.0,
            0.0,
            0.0,
            0.0
        ],
        "llm_imports": [
            2.0,
            1.0,
            2.0,
            1.0,
            2.0,
            2.0,
            1.0,
            1.0,
            2.0,
            2.0,
            1.0
        ],
        "get_model_info": [
            7.0,
            7.0,
            7.0,
            6.0,
            6.0,
            7.0,
            6.0,
            7.0,
            7.0,
            7.0,
            6.0
        ],
        "worker_init": [
            2.0,
            2.0,
            2.0,
            2.0,
            2.0,
            2.0,
            2.0,
            2.0,
            2.0,
            2.0,
            2.0
        ],
        "framework_bootstrap": [
            11.0,
            11.0,
            11.0,
            9.0,
            10.0,
            11.0,
            9.0,
            10.0,
            11.0,
            11.0,
            9.0
        ],
        "load_weights": [
            8.26,
            14.19,
            7.46,
            3.65,
            0.58,
            15.6,
            2.16,
            4.64,
            8.54,
            6.76,
            9.75
        ],
        "model_init": [
            0.2,
            0.22,
            0.22,
            0.24,
            0.18,
            0.23,
            0.19,
            0.23,
            0.22,
            0.21,
            0.23
        ],
        "model_loading": [
            8.468043,
            14.414907,
            7.678854,
            3.893151,
            0.765527,
            15.838316,
            2.36065,
            4.880797,
            8.765697,
            6.9749,
            9.991707
        ],
        "dynamo_transform_time": [
            7.28,
            10.09,
            8.45,
            7.62,
            6.58,
            10.13,
            6.65,
            10.35,
            8.53,
            8.35,
            11.78
        ],
        "graph_compile_general_shape": [
            null,
            null,
            null,
            null,
            null,
            null,
            null,
            null,
            null,
            null,
            null
        ],
        "graph_compile_cached": [
            6.89,
            9.714,
            7.849,
            6.79,
            5.624,
            9.666,
            5.909,
            9.42,
            7.743,
            7.235,
            10.242
        ],
        "torch.compile": [
            7.28,
            10.09,
            8.45,
            7.62,
            6.58,
            10.13,
            6.65,
            10.35,
            8.53,
            8.35,
            11.78
        ],
        "kv_cache_profiling": [
            3.2500000000000018,
            4.9659999999999975,
            2.2609999999999992,
            2.669999999999998,
            2.096,
            4.964000000000002,
            1.850999999999999,
            3.4800000000000004,
            2.247,
            2.1849999999999987,
            2.8980000000000032
        ],
        "graph_capturing": [
            1.38,
            1.98,
            1.38,
            1.1,
            0.96,
            2.0,
            0.98,
            1.4,
            1.38,
            1.32,
            1.87
        ],
        "init_engine": [
            19.24,
            27.23,
            20.39,
            18.6,
            15.71,
            27.23,
            15.81,
            25.12,
            20.35,
            19.53,
            27.27
        ],
        "tokenizer_init": [
            0.18,
            0.14,
            0.13,
            0.45,
            0.39,
            0.38,
            0.44,
            0.4,
            0.39,
            0.25,
            0.25
        ],
        "total_time": [
            38.888043,
            52.784907000000004,
            39.198854000000004,
            31.943151,
            26.865527,
            54.448316,
            27.610650000000003,
            40.400797000000004,
            40.505697,
            37.7549,
            46.511707
        ],
        "actual_total_time": [
            45.0,
            60.0,
            45.0,
            41.0,
            34.0,
            61.0,
            36.0,
            48.0,
            47.0,
            44.0,
            55.0
        ]
    }
}