{
    "labels": [
        "output_model_falcon-7b.txt",
        "output_model_llama2-13b-hf.txt",
        "output_model_llama2-7b-hf.txt",
        "output_model_llama3-3b.txt",
        "output_model_qwen-0.5b.txt",
        "output_model_qwen-1.8b.txt",
        "output_model_qwen-14b.txt",
        "output_model_qwen-4b.txt",
        "output_model_qwen-7b.txt",
        "output_model_yi-6b.txt",
        "output_model_yi-9b.txt"
    ],
    "data": {
        "load_weights": [
            8.26,
            14.19,
            7.46,
            3.65,
            0.58,
            2.16,
            15.6,
            4.64,
            8.54,
            6.76,
            9.75
        ],
        "model_init": [
            0.2,
            0.22,
            0.22,
            0.24,
            0.18,
            0.19,
            0.23,
            0.23,
            0.22,
            0.21,
            0.23
        ],
        "model_loading": [
            8.468043,
            14.414907,
            7.678854,
            3.893151,
            0.765527,
            2.36065,
            15.838316,
            4.880797,
            8.765697,
            6.9749,
            9.991707
        ],
        "dynamo_transform_time": [
            7.28,
            10.09,
            8.45,
            7.62,
            6.58,
            6.65,
            10.13,
            10.35,
            8.53,
            8.35,
            11.78
        ],
        "graph_compile_general_shape": [
            null,
            null,
            null,
            null,
            null,
            null,
            null,
            null,
            null,
            null,
            null
        ],
        "graph_compile_cached": [
            6.89,
            9.714,
            7.849,
            6.79,
            5.624,
            5.909,
            9.666,
            9.42,
            7.743,
            7.235,
            10.242
        ],
        "torch.compile": [
            7.28,
            10.09,
            8.45,
            7.62,
            6.58,
            6.65,
            10.13,
            10.35,
            8.53,
            8.35,
            11.78
        ],
        "kv_cache_profiling": [
            17.42,
            24.77,
            18.56,
            17.08,
            14.3,
            14.41,
            24.76,
            23.25,
            18.52,
            17.77,
            24.92
        ],
        "graph_capturing": [
            1.38,
            1.98,
            1.38,
            1.1,
            0.96,
            0.98,
            2.0,
            1.4,
            1.38,
            1.32,
            1.87
        ],
        "init_engine": [
            19.24,
            27.23,
            20.39,
            18.6,
            15.71,
            15.81,
            27.23,
            25.12,
            20.35,
            19.53,
            27.27
        ],
        "tokenizer_init": [
            0.18,
            0.14,
            0.13,
            0.45,
            0.39,
            0.44,
            0.38,
            0.4,
            0.39,
            0.25,
            0.25
        ],
        "total_time": [
            27.888042999999996,
            41.784907000000004,
            28.198854,
            22.943151,
            16.865527,
            18.610650000000003,
            43.448316000000005,
            30.400797,
            29.505697,
            26.7549,
            37.511707
        ],
        "actual_total_time": [
            43.05,
            56.78,
            43.01,
            38.18,
            31.86,
            33.65,
            58.48,
            45.43,
            44.6,
            41.62,
            52.5
        ]
    }
}