{
    "labels": [
        "output_model_falcon-7b.txt",
        "output_model_llama2-13b-hf.txt",
        "output_model_llama2-7b-hf.txt",
        "output_model_llama3-3b.txt",
        "output_model_qwen-0.5b.txt",
        "output_model_qwen-14b_max_model_len_16752.txt",
        "output_model_qwen-1.8b.txt",
        "output_model_qwen-4b.txt",
        "output_model_qwen-7b.txt",
        "output_model_yi-6b.txt",
        "output_model_yi-9b.txt"
    ],
    "data": {
        "detect_platform": [
            0.034,
            0.034,
            0.034,
            0.034,
            0.034,
            0.034,
            0.034,
            0.034,
            0.034,
            0.034,
            0.034
        ],
        "llm_imports": [
            1.482,
            1.47,
            1.49,
            1.487,
            1.477,
            1.474,
            1.481,
            1.482,
            1.469,
            1.49,
            1.486
        ],
        "get_model_info": [
            5.377,
            5.42,
            5.431,
            5.398,
            5.384,
            5.416,
            5.441,
            5.389,
            5.423,
            5.419,
            5.415
        ],
        "worker_init": [
            1.774,
            1.758,
            1.754,
            1.756,
            1.761,
            1.769,
            1.764,
            1.789,
            1.748,
            1.795,
            1.749
        ],
        "framework_bootstrap": [
            8.667,
            8.681999999999999,
            8.709,
            8.674999999999999,
            8.656,
            8.693,
            8.719999999999999,
            8.694,
            8.674,
            8.738,
            8.684000000000001
        ],
        "load_weights": [
            1.73,
            3.16,
            1.64,
            0.78,
            0.13,
            3.41,
            0.45,
            0.97,
            1.89,
            1.49,
            2.15
        ],
        "model_init": [
            0.12,
            0.13,
            0.12,
            0.14,
            0.1,
            0.13,
            0.11,
            0.13,
            0.12,
            0.12,
            0.14
        ],
        "model_loading": [
            1.855667,
            3.301074,
            1.762866,
            0.92186,
            0.234467,
            3.549665,
            0.571308,
            1.108611,
            2.0139,
            1.614561,
            2.296405
        ],
        "dynamo_transform_time": [
            4.78,
            6.86,
            5.45,
            4.81,
            4.32,
            6.95,
            4.31,
            6.96,
            5.46,
            5.4,
            8.16
        ],
        "graph_compile_general_shape": [
            null,
            null,
            null,
            null,
            null,
            null,
            null,
            null,
            null,
            null,
            null
        ],
        "graph_compile_cached": [
            4.26,
            5.685,
            4.555,
            4.16,
            3.619,
            5.72,
            3.648,
            5.59,
            4.469,
            4.739,
            7.325
        ],
        "torch.compile": [
            4.78,
            6.86,
            5.45,
            4.81,
            4.32,
            6.95,
            4.31,
            6.96,
            5.46,
            5.4,
            8.16
        ],
        "kv_cache_profiling": [
            2.450000000000001,
            2.635,
            1.9350000000000005,
            1.790000000000001,
            1.3810000000000002,
            2.6799999999999997,
            1.411999999999999,
            1.879999999999999,
            1.9610000000000003,
            1.9410000000000007,
            2.155000000000001
        ],
        "graph_capturing": [
            1.17,
            1.48,
            1.14,
            1.05,
            0.96,
            1.54,
            0.95,
            1.35,
            1.16,
            1.15,
            1.52
        ],
        "init_engine": [
            13.15,
            17.18,
            13.58,
            12.3,
            10.76,
            17.41,
            10.8,
            16.3,
            13.55,
            13.74,
            19.7
        ],
        "tokenizer_init": [
            0.12,
            0.08,
            0.08,
            0.29,
            0.24,
            0.25,
            0.24,
            0.25,
            0.25,
            0.16,
            0.16
        ],
        "total_time": [
            23.792667,
            29.243073999999996,
            24.131866,
            22.18686,
            19.890466999999997,
            29.902665,
            20.331307999999996,
            26.352611000000003,
            24.4879,
            24.252561,
            30.840405
        ],
        "actual_total_time": [
            25.557,
            30.145,
            25.021,
            23.292,
            20.962,
            30.962,
            21.4,
            27.428,
            25.55,
            25.255,
            31.81
        ]
    }
}