{
    "labels": [
        "output_model_falcon-7b.txt",
        "output_model_llama2-13b-hf.txt",
        "output_model_llama2-7b-hf.txt",
        "output_model_llama3-3b.txt",
        "output_model_qwen-0.5b.txt",
        "output_model_qwen-14b.txt",
        "output_model_qwen-1.8b.txt",
        "output_model_qwen-4b.txt",
        "output_model_qwen-7b.txt",
        "output_model_yi-6b.txt",
        "output_model_yi-9b.txt"
    ],
    "data": {
        "detect_platfrom": [
            1.0,
            0.0,
            0.0,
            1.0,
            0.0,
            0.0,
            0.0,
            1.0,
            1.0,
            1.0,
            0.0
        ],
        "llm_imports": [
            1.0,
            1.0,
            1.0,
            1.0,
            1.0,
            1.0,
            2.0,
            1.0,
            1.0,
            1.0,
            2.0
        ],
        "get_model_info": [
            8.0,
            7.0,
            7.0,
            6.0,
            7.0,
            7.0,
            6.0,
            6.0,
            7.0,
            7.0,
            6.0
        ],
        "worker_init": [
            2.0,
            2.0,
            2.0,
            2.0,
            2.0,
            2.0,
            2.0,
            2.0,
            2.0,
            2.0,
            2.0
        ],
        "framework_bootstrap": [
            12.0,
            10.0,
            10.0,
            10.0,
            10.0,
            10.0,
            10.0,
            10.0,
            11.0,
            11.0,
            10.0
        ],
        "load_weights": [
            3.62,
            6.03,
            3.01,
            1.44,
            0.21,
            6.22,
            0.82,
            1.7,
            3.37,
            2.62,
            3.85
        ],
        "model_init": [
            0.13,
            0.11,
            0.11,
            0.12,
            0.09,
            0.11,
            0.1,
            0.11,
            0.11,
            0.11,
            0.12
        ],
        "model_loading": [
            4.296885,
            6.71774,
            3.67382,
            2.141186,
            0.901566,
            6.891386,
            1.532932,
            2.348508,
            4.131476,
            3.265171,
            4.525868
        ],
        "dynamo_transform_time": [
            4.1,
            5.34,
            4.41,
            3.84,
            3.39,
            5.53,
            3.35,
            5.43,
            4.55,
            4.43,
            6.25
        ],
        "graph_compile_general_shape": [
            null,
            null,
            null,
            null,
            null,
            null,
            null,
            null,
            null,
            null,
            null
        ],
        "graph_compile_cached": [
            3.253,
            4.518,
            3.564,
            3.219,
            2.634,
            4.41,
            2.697,
            4.332,
            3.558,
            3.685,
            5.442
        ],
        "torch.compile": [
            4.1,
            5.34,
            4.41,
            3.84,
            3.39,
            5.53,
            3.35,
            5.43,
            4.55,
            4.43,
            6.25
        ],
        "kv_cache_profiling": [
            9.5,
            12.01,
            9.18,
            8.44,
            7.36,
            12.14,
            7.22,
            11.14,
            9.3,
            9.41,
            13.56
        ],
        "graph_capturing": [
            1.18,
            1.45,
            1.12,
            1.06,
            0.96,
            1.46,
            0.86,
            1.22,
            1.14,
            1.19,
            1.4
        ],
        "init_engine": [
            10.91,
            13.77,
            10.52,
            9.73,
            8.53,
            13.83,
            8.28,
            12.58,
            10.67,
            10.88,
            15.22
        ],
        "tokenizer_init": [
            0.4,
            0.36,
            0.34,
            0.54,
            0.51,
            0.51,
            0.5,
            0.47,
            0.51,
            0.42,
            0.55
        ],
        "total_time": [
            27.606885,
            30.847739999999998,
            24.53382,
            22.411186,
            19.941566,
            31.231386000000004,
            20.312932,
            25.398508,
            26.311476000000003,
            25.565171000000003,
            30.295868000000002
        ],
        "actual_total_time": [
            29.0,
            32.0,
            26.0,
            24.0,
            22.0,
            33.0,
            22.0,
            27.0,
            28.0,
            26.0,
            32.0
        ]
    }
}