{
    "labels": [
        "output_model_falcon-7b.txt",
        "output_model_llama2-13b-hf.txt",
        "output_model_llama2-7b-hf.txt",
        "output_model_llama3-3b.txt",
        "output_model_qwen-0.5b.txt",
        "output_model_qwen-14b.txt",
        "output_model_qwen-1.8b.txt",
        "output_model_qwen-4b.txt",
        "output_model_qwen-7b.txt",
        "output_model_yi-6b.txt",
        "output_model_yi-9b.txt"
    ],
    "data": {
        "detect_platform": [
            0.0,
            0.0,
            0.0,
            0.0,
            1.0,
            0.0,
            0.0,
            0.0,
            0.0,
            0.0,
            0.0
        ],
        "llm_imports": [
            1.0,
            1.0,
            1.0,
            1.0,
            1.0,
            1.0,
            2.0,
            2.0,
            2.0,
            2.0,
            2.0
        ],
        "get_model_info": [
            7.0,
            7.0,
            7.0,
            7.0,
            7.0,
            7.0,
            6.0,
            6.0,
            7.0,
            6.0,
            6.0
        ],
        "worker_init": [
            2.0,
            2.0,
            2.0,
            2.0,
            2.0,
            2.0,
            2.0,
            2.0,
            3.0,
            2.0,
            2.0
        ],
        "framework_bootstrap": [
            10.0,
            10.0,
            10.0,
            10.0,
            11.0,
            10.0,
            10.0,
            10.0,
            12.0,
            10.0,
            10.0
        ],
        "load_weights": [
            2.02,
            3.66,
            2.35,
            0.92,
            0.15,
            4.39,
            0.53,
            1.12,
            2.15,
            2.48,
            2.46
        ],
        "model_init": [
            0.11,
            0.12,
            0.11,
            0.12,
            0.09,
            0.12,
            0.09,
            0.12,
            0.11,
            0.11,
            0.12
        ],
        "model_loading": [
            2.729566,
            4.376848,
            2.995638,
            1.630607,
            0.754846,
            5.099364,
            1.134484,
            1.762111,
            2.798189,
            3.114601,
            3.184285
        ],
        "dynamo_transform_time": [
            3.76,
            5.35,
            4.33,
            3.79,
            3.37,
            5.39,
            3.35,
            5.44,
            4.38,
            4.4,
            6.15
        ],
        "graph_compile_general_shape": [
            null,
            null,
            null,
            null,
            null,
            null,
            null,
            null,
            null,
            null,
            null
        ],
        "graph_compile_cached": [
            3.302,
            4.515,
            3.252,
            3.275,
            2.591,
            4.492,
            2.603,
            4.428,
            3.376,
            3.572,
            5.277
        ],
        "torch.compile": [
            3.76,
            5.35,
            4.33,
            3.79,
            3.37,
            5.39,
            3.35,
            5.44,
            4.38,
            4.4,
            6.15
        ],
        "kv_cache_profiling": [
            1.9080000000000013,
            2.335000000000001,
            1.2480000000000002,
            1.2750000000000004,
            1.279,
            2.1579999999999995,
            1.2469999999999999,
            1.3719999999999999,
            1.2040000000000006,
            1.1179999999999994,
            1.7430000000000003
        ],
        "graph_capturing": [
            1.16,
            1.47,
            1.06,
            0.87,
            0.81,
            1.49,
            0.95,
            1.26,
            1.12,
            1.1,
            1.4
        ],
        "init_engine": [
            10.35,
            13.93,
            10.16,
            9.41,
            8.27,
            13.83,
            8.34,
            12.72,
            10.3,
            10.4,
            14.79
        ],
        "tokenizer_init": [
            0.39,
            0.34,
            0.34,
            0.52,
            1.07,
            0.5,
            0.5,
            0.5,
            0.52,
            0.41,
            0.4
        ],
        "total_time": [
            23.469566,
            28.646848,
            23.495638,
            21.560607,
            21.094846,
            29.429364,
            19.974484,
            24.982111000000003,
            25.618189,
            23.924601,
            28.374284999999997
        ],
        "actual_total_time": [
            25.0,
            30.0,
            24.0,
            23.0,
            22.0,
            31.0,
            22.0,
            26.0,
            26.0,
            26.0,
            30.0
        ]
    }
}