{
    "labels": [
        "output_model_falcon-7b_load-format_runai_streamer.txt",
        "output_model_falcon-7b_load-format_safetensors.txt",
        "output_model_falcon-7b-tensorized_load-format_tensorizer.txt",
        "output_model_llama2-13b-hf_load-format_runai_streamer.txt",
        "output_model_llama2-13b-hf_load-format_safetensors.txt",
        "output_model_llama2-13b-hf-tensorized_load-format_tensorizer.txt",
        "output_model_llama2-7b-hf_load-format_runai_streamer.txt",
        "output_model_llama2-7b-hf_load-format_safetensors.txt",
        "output_model_llama2-7b-hf-tensorized_load-format_tensorizer.txt",
        "output_model_yi-6b_load-format_runai_streamer.txt",
        "output_model_yi-6b_load-format_safetensors.txt",
        "output_model_yi-6b-tensorized_load-format_tensorizer.txt"
    ],
    "data": {
        "detect_platform": [
            0.016,
            0.016,
            0.016,
            0.015,
            0.016,
            0.015,
            0.016,
            0.016,
            0.015,
            0.016,
            0.016,
            0.016
        ],
        "llm_imports": [
            1.455,
            1.455,
            1.45,
            1.461,
            1.477,
            1.455,
            1.481,
            1.463,
            1.471,
            1.471,
            1.485,
            1.452
        ],
        "get_model_info": [
            5.365,
            5.39,
            5.42,
            5.413,
            5.417,
            5.404,
            5.421,
            5.464,
            5.447,
            5.439,
            5.382,
            5.368
        ],
        "worker_init": [
            2.305,
            2.323,
            1.339,
            2.3,
            2.296,
            1.319,
            2.319,
            2.327,
            1.316,
            2.309,
            2.336,
            1.336
        ],
        "framework_bootstrap": [
            9.141,
            9.184,
            8.225,
            9.189,
            9.206,
            8.193,
            9.237,
            9.27,
            8.249,
            9.235,
            9.219,
            8.172
        ],
        "load_weights": [
            1.140899,
            1.75,
            1.886631,
            2.0208139999999997,
            3.14,
            2.944437,
            1.005392,
            1.7,
            1.576485,
            0.9330219999999999,
            1.48,
            1.688018
        ],
        "model_init": [
            0.13,
            0.13,
            0.13,
            0.14,
            0.14,
            0.15,
            0.13,
            0.13,
            0.13,
            0.13,
            0.13,
            0.13
        ],
        "model_loading": [
            1.270899,
            1.876304,
            2.016631,
            2.160814,
            3.284309,
            3.094437,
            1.135392,
            1.835173,
            1.706485,
            1.063022,
            1.61488,
            1.818018
        ],
        "dynamo_transform_time": [
            4.8,
            4.84,
            4.75,
            6.61,
            6.69,
            6.74,
            5.44,
            5.43,
            5.4,
            5.52,
            5.5,
            5.49
        ],
        "graph_compile_general_shape": [
            null,
            null,
            null,
            null,
            null,
            null,
            null,
            null,
            null,
            null,
            null,
            null
        ],
        "graph_compile_cached": [
            4.673,
            4.756,
            4.635,
            5.848,
            6.006,
            6.042,
            4.575,
            4.569,
            4.536,
            4.964,
            4.989,
            4.899
        ],
        "torch.compile": [
            4.8,
            4.84,
            4.75,
            6.61,
            6.69,
            6.74,
            5.44,
            5.43,
            5.4,
            5.52,
            5.5,
            5.49
        ],
        "kv_cache_profiling": [
            2.2070000000000007,
            2.224,
            2.205,
            2.9719999999999995,
            2.983999999999998,
            2.9879999999999995,
            1.9749999999999996,
            1.9710000000000019,
            1.9640000000000004,
            1.9459999999999997,
            1.9509999999999987,
            1.9510000000000005
        ],
        "graph_capturing": [
            1.21,
            1.23,
            1.22,
            1.54,
            1.55,
            1.54,
            1.19,
            1.19,
            1.17,
            1.21,
            1.22,
            1.2
        ],
        "init_engine": [
            13.43,
            13.59,
            13.35,
            17.53,
            17.79,
            17.89,
            13.73,
            13.7,
            13.61,
            14.19,
            14.21,
            14.08
        ],
        "tokenizer_init": [
            0.12,
            0.12,
            0.12,
            0.09,
            0.08,
            0.08,
            0.08,
            0.09,
            0.08,
            0.16,
            0.16,
            0.16
        ],
        "total_time": [
            23.961899,
            24.770304,
            23.711631,
            28.969814000000003,
            30.360308999999997,
            29.257437,
            24.182392,
            24.895172999999996,
            23.645485,
            24.648022,
            25.20388,
            24.230018
        ],
        "actual_total_time": [
            25.822,
            26.631,
            26.619,
            29.933,
            31.307,
            31.26,
            25.153,
            25.846,
            25.634,
            25.715,
            26.249,
            26.321
        ]
    }
}