{
    "labels": [
        "output_model_falcon-7b.txt",
        "output_model_llama2-13b-hf.txt",
        "output_model_llama2-7b-hf.txt",
        "output_model_llama3-3b.txt",
        "output_model_qwen-0.5b.txt",
        "output_model_qwen-14b.txt",
        "output_model_qwen-1.8b.txt",
        "output_model_qwen-4b.txt",
        "output_model_qwen-7b.txt",
        "output_model_yi-6b.txt",
        "output_model_yi-9b.txt"
    ],
    "data": {
        "detect_platfrom": [
            0.0,
            0.0,
            0.0,
            0.0,
            0.0,
            0.0,
            0.2,
            0.0,
            0.0,
            0.0,
            0.0
        ],
        "llm_imports": [
            0.8,
            0.8,
            1.0,
            1.0,
            0.8,
            0.8,
            0.8,
            0.8,
            1.0,
            1.0,
            1.0
        ],
        "get_model_info": [
            5.4,
            5.4,
            5.2,
            5.2,
            5.4,
            5.2,
            5.4,
            5.4,
            5.0,
            5.2,
            5.0
        ],
        "worker_init": [
            1.6,
            1.6,
            1.0,
            1.6,
            1.2,
            1.2,
            1.6,
            1.2,
            1.2,
            1.2,
            1.4
        ],
        "framework_bootstrap": [
            7.800000000000001,
            7.800000000000001,
            7.2,
            7.800000000000001,
            7.4,
            7.2,
            8.0,
            7.4,
            7.2,
            7.4,
            7.4
        ],
        "load_weights": [
            1.7759999999999998,
            3.1700000000000004,
            1.762,
            0.8,
            0.14200000000000002,
            3.5519999999999996,
            0.48200000000000004,
            1.02,
            1.902,
            1.612,
            2.194
        ],
        "model_init": [
            0.09,
            0.1,
            0.09,
            0.10600000000000001,
            0.08,
            0.1,
            0.08,
            0.098,
            0.09,
            0.09,
            0.11000000000000001
        ],
        "model_loading": [
            1.8659999999999999,
            3.2700000000000005,
            1.852,
            0.906,
            0.22200000000000003,
            3.6519999999999997,
            0.562,
            1.118,
            1.992,
            1.7020000000000002,
            2.304
        ],
        "dynamo_transform_time": [
            3.7359999999999998,
            5.247999999999999,
            4.364,
            3.686,
            3.2960000000000003,
            5.42,
            3.304,
            5.4,
            4.4479999999999995,
            4.352,
            6.1899999999999995
        ],
        "graph_compile_general_shape": [
            null,
            null,
            null,
            null,
            null,
            null,
            null,
            null,
            null,
            null,
            null
        ],
        "graph_compile_cached": [
            2.7188000000000003,
            3.7174,
            2.9582,
            2.7326,
            2.2321999999999997,
            3.8386000000000005,
            2.2714,
            3.8082000000000003,
            3.0584,
            3.1399999999999997,
            4.7116
        ],
        "torch.compile": [
            3.7359999999999998,
            5.247999999999999,
            4.364,
            3.686,
            3.2960000000000003,
            5.42,
            3.304,
            5.4,
            4.4479999999999995,
            4.352,
            6.1899999999999995
        ],
        "kv_cache_profiling": [
            1.5431999999999995,
            1.6766000000000005,
            1.3958000000000002,
            1.4214000000000004,
            1.3218,
            1.6834,
            1.3506000000000002,
            1.5058000000000002,
            1.3956000000000004,
            1.3640000000000003,
            1.9964
        ],
        "graph_capturing": [
            1.3500000000000003,
            2.188,
            1.334,
            0.8779999999999999,
            0.532,
            2.178,
            0.626,
            1.052,
            1.368,
            1.242,
            1.778
        ],
        "init_engine": [
            9.347999999999999,
            12.83,
            10.052,
            8.718,
            7.382000000000001,
            13.120000000000001,
            7.552,
            11.766,
            10.27,
            10.097999999999999,
            14.676
        ],
        "tokenizer_init": [
            0.398,
            0.34,
            0.328,
            0.618,
            0.5279999999999999,
            0.5660000000000001,
            0.51,
            0.524,
            0.526,
            0.43200000000000005,
            0.438
        ],
        "total_time": [
            19.412,
            24.24,
            19.432,
            18.041999999999998,
            15.532000000000002,
            24.538,
            16.624,
            20.808,
            19.988,
            19.631999999999998,
            24.818
        ],
        "actual_total_time": [
            20.3022644,
            25.223736,
            20.998116,
            19.087590199999998,
            17.2944828,
            26.2302218,
            17.682222799999998,
            22.3003694,
            21.311201,
            21.1188814,
            26.071204
        ]
    }
}