{
    "labels": [
        "output_model_falcon-7b.txt",
        "output_model_llama2-13b-hf.txt",
        "output_model_llama2-7b-hf.txt",
        "output_model_llama3-3b.txt",
        "output_model_qwen-0.5b.txt",
        "output_model_qwen-14b.txt",
        "output_model_qwen-1.8b.txt",
        "output_model_qwen-4b.txt",
        "output_model_qwen-7b.txt",
        "output_model_yi-6b.txt",
        "output_model_yi-9b.txt"
    ],
    "data": {
        "load_weights": [
            1.7759999999999998,
            3.1700000000000004,
            1.762,
            0.8,
            0.14200000000000002,
            3.5519999999999996,
            0.48200000000000004,
            1.02,
            1.902,
            1.612,
            2.194
        ],
        "model_init": [
            0.09,
            0.1,
            0.09,
            0.10600000000000001,
            0.08,
            0.1,
            0.08,
            0.098,
            0.09,
            0.09,
            0.11000000000000001
        ],
        "model_loading": [
            1.8659999999999999,
            3.2700000000000005,
            1.852,
            0.906,
            0.22200000000000003,
            3.6519999999999997,
            0.562,
            1.118,
            1.992,
            1.7020000000000002,
            2.304
        ],
        "dynamo_transform_time": [
            3.7359999999999998,
            5.247999999999999,
            4.364,
            3.686,
            3.2960000000000003,
            5.42,
            3.304,
            5.4,
            4.4479999999999995,
            4.352,
            6.1899999999999995
        ],
        "graph_compile_general_shape": [
            null,
            null,
            null,
            null,
            null,
            null,
            null,
            null,
            null,
            null,
            null
        ],
        "graph_compile_cached": [
            2.7188000000000003,
            3.7174,
            2.9582,
            2.7326,
            2.2321999999999997,
            3.8386000000000005,
            2.2714,
            3.8082000000000003,
            3.0584,
            3.1399999999999997,
            4.7116
        ],
        "torch.compile": [
            3.7359999999999998,
            5.247999999999999,
            4.364,
            3.686,
            3.2960000000000003,
            5.42,
            3.304,
            5.4,
            4.4479999999999995,
            4.352,
            6.1899999999999995
        ],
        "kv_cache_profiling": [
            7.997999999999999,
            10.642,
            8.718,
            7.840000000000001,
            6.85,
            10.942,
            6.926,
            10.714,
            8.902000000000001,
            8.856,
            12.898
        ],
        "graph_capturing": [
            1.3500000000000003,
            2.188,
            1.334,
            0.8779999999999999,
            0.532,
            2.178,
            0.626,
            1.052,
            1.368,
            1.242,
            1.778
        ],
        "init_engine": [
            9.347999999999999,
            12.83,
            10.052,
            8.718,
            7.382,
            13.120000000000001,
            7.5520000000000005,
            11.766,
            10.270000000000001,
            10.097999999999999,
            14.676
        ],
        "tokenizer_init": [
            0.398,
            0.34,
            0.328,
            0.618,
            0.5279999999999999,
            0.5660000000000001,
            0.51,
            0.524,
            0.526,
            0.43200000000000005,
            0.438
        ],
        "total_time": [
            11.611999999999998,
            16.44,
            12.232,
            10.242,
            8.132,
            17.338,
            8.624,
            13.408000000000001,
            12.788,
            12.232,
            17.418
        ],
        "actual_total_time": [
            19.696264399999997,
            24.185736000000006,
            19.924115999999998,
            18.2295902,
            16.2444828,
            25.3042218,
            16.5282228,
            21.4223694,
            20.695201,
            20.1688814,
            25.349204
        ]
    }
}