{
    "labels": [
        "output_model_falcon-7b.txt",
        "output_model_llama2-13b-hf.txt",
        "output_model_llama2-7b-hf.txt",
        "output_model_llama3-3b.txt",
        "output_model_qwen-0.5b.txt",
        "output_model_qwen-14b.txt",
        "output_model_qwen-1.8b.txt",
        "output_model_qwen-4b.txt",
        "output_model_qwen-7b.txt",
        "output_model_yi-6b.txt",
        "output_model_yi-9b.txt"
    ],
    "data": {
        "load_weights": [
            1.9620000000000002,
            3.166,
            1.6279999999999997,
            0.812,
            0.134,
            3.4859999999999998,
            0.4779999999999999,
            1.014,
            1.8739999999999999,
            1.4979999999999998,
            2.1719999999999997
        ],
        "model_init": [
            0.09,
            0.1,
            0.092,
            0.10800000000000001,
            0.08,
            0.1,
            0.082,
            0.098,
            0.09,
            0.09,
            0.10600000000000001
        ],
        "model_loading": [
            2.052,
            3.266,
            1.7199999999999998,
            0.92,
            0.21400000000000002,
            3.586,
            0.5599999999999999,
            1.112,
            1.964,
            1.5879999999999999,
            2.2779999999999996
        ],
        "dynamo_transform_time": [
            3.714,
            5.284,
            4.351999999999999,
            3.6879999999999997,
            3.31,
            5.4,
            3.3099999999999996,
            5.3759999999999994,
            4.458,
            4.362,
            6.196
        ],
        "graph_compile_general_shape": [
            null,
            null,
            null,
            null,
            null,
            null,
            null,
            null,
            null,
            null,
            null
        ],
        "graph_compile_cached": [
            2.6949999999999994,
            3.7296,
            2.9564,
            2.727,
            2.2466,
            3.8158000000000003,
            2.2738,
            3.7923999999999998,
            3.0408,
            3.1242,
            4.727
        ],
        "torch.compile": [
            3.714,
            5.284,
            4.351999999999999,
            3.6879999999999997,
            3.31,
            5.4,
            3.3099999999999996,
            5.3759999999999994,
            4.458,
            4.362,
            6.196
        ],
        "kv_cache_profiling": [
            10.639,
            14.4056,
            11.6664,
            10.573,
            9.140600000000001,
            14.7238,
            9.203800000000001,
            14.468399999999999,
            11.9328,
            11.9742,
            17.657
        ],
        "graph_capturing": [
            1.348,
            2.166,
            1.3379999999999999,
            0.876,
            0.54,
            null,
            0.628,
            1.052,
            1.364,
            1.242,
            1.782
        ],
        "init_engine": [
            11.987,
            16.5716,
            13.004399999999999,
            11.449,
            9.680600000000002,
            14.7238,
            9.831800000000001,
            15.520399999999999,
            13.296800000000001,
            13.2162,
            19.439
        ],
        "tokenizer_init": [
            0.40599999999999997,
            0.346,
            0.344,
            0.564,
            0.518,
            0.522,
            0.514,
            0.518,
            0.518,
            0.46799999999999997,
            0.438
        ],
        "total_time": [
            14.445,
            20.183600000000002,
            15.068399999999999,
            12.933,
            10.412600000000003,
            18.831799999999998,
            10.905800000000001,
            17.150399999999998,
            15.778800000000002,
            15.2722,
            22.154999999999998
        ],
        "actual_total_time": [
            22.727692400000002,
            27.995801200000002,
            22.754737,
            20.8933334,
            18.483930800000003,
            14.160095999999998,
            19.147405600000003,
            25.103724799999995,
            24.1699172,
            23.27992,
            29.959311199999995
        ]
    }
}