{
    "labels": [
        "output_model_llama2-13b-hf_workload_0.txt",
        "output_model_llama2-13b-hf_workload_10.txt",
        "output_model_llama2-13b-hf_workload_25.txt",
        "output_model_llama2-13b-hf_workload_50.txt",
        "output_model_llama2-13b-hf_workload_75.txt",
        "output_model_llama2-13b-hf_workload_90.txt",
        "output_model_qwen-4b_workload_0.txt",
        "output_model_qwen-4b_workload_10.txt",
        "output_model_qwen-4b_workload_25.txt",
        "output_model_qwen-4b_workload_50.txt",
        "output_model_qwen-4b_workload_75.txt",
        "output_model_qwen-4b_workload_90.txt"
    ],
    "data": {
        "detect_platfrom": [
            0.037,
            0.038,
            0.038,
            0.035,
            0.048,
            0.043,
            0.038,
            0.038,
            0.038,
            0.039,
            0.037,
            0.037
        ],
        "llm_imports": [
            1.364,
            1.394,
            1.397,
            1.435,
            1.689,
            1.768,
            1.346,
            1.38,
            1.375,
            1.527,
            1.641,
            1.729
        ],
        "get_model_info": [
            5.033,
            5.131,
            5.13,
            5.782,
            6.12,
            6.425,
            5.009,
            5.163,
            5.142,
            5.684,
            6.206,
            6.432
        ],
        "worker_init": [
            1.465,
            1.486,
            1.616,
            1.674,
            1.824,
            1.889,
            1.486,
            1.487,
            1.58,
            1.692,
            1.895,
            1.95
        ],
        "framework_bootstrap": [
            7.899,
            8.049000000000001,
            8.181,
            8.926,
            9.681000000000001,
            10.125,
            7.8790000000000004,
            8.068000000000001,
            8.135000000000002,
            8.942,
            9.779,
            10.148
        ],
        "load_weights": [
            3.75,
            3.7,
            3.8,
            4.0,
            4.21,
            4.3,
            1.21,
            1.13,
            1.14,
            1.22,
            1.32,
            1.35
        ],
        "model_init": [
            0.15,
            0.14,
            0.15,
            0.17,
            0.16,
            0.15,
            0.14,
            0.14,
            0.15,
            0.16,
            0.16,
            0.15
        ],
        "model_loading": [
            3.904846,
            3.845858,
            3.950629,
            4.171748,
            4.373981,
            4.465266,
            1.362801,
            1.277364,
            1.293563,
            1.385546,
            1.484875,
            1.508702
        ],
        "dynamo_transform_time": [
            6.57,
            7.37,
            6.77,
            7.28,
            7.76,
            8.0,
            6.74,
            6.93,
            6.77,
            7.19,
            7.85,
            8.14
        ],
        "graph_compile_general_shape": [
            null,
            null,
            null,
            null,
            null,
            null,
            null,
            null,
            null,
            null,
            null,
            null
        ],
        "graph_compile_cached": [
            5.532,
            5.901,
            5.978,
            6.174,
            6.371,
            6.747,
            5.398,
            5.652,
            5.619,
            5.975,
            6.383,
            6.652
        ],
        "torch.compile": [
            6.57,
            7.37,
            6.77,
            7.28,
            7.76,
            8.0,
            6.74,
            6.93,
            6.77,
            7.19,
            7.85,
            8.14
        ],
        "kv_cache_profiling": [
            14.56,
            15.77,
            15.23,
            16.14,
            16.92,
            17.62,
            13.83,
            14.36,
            14.24,
            15.25,
            16.23,
            16.89
        ],
        "graph_capturing": [
            1.46,
            1.48,
            1.5,
            1.76,
            1.71,
            1.77,
            1.32,
            1.31,
            1.34,
            1.54,
            1.64,
            1.72
        ],
        "init_engine": [
            16.52,
            17.74,
            17.24,
            18.47,
            19.19,
            19.98,
            15.64,
            16.18,
            16.09,
            17.35,
            18.45,
            19.2
        ],
        "tokenizer_init": [
            0.09,
            0.09,
            0.09,
            0.1,
            0.09,
            0.11,
            0.27,
            0.29,
            0.29,
            0.33,
            0.32,
            0.33
        ],
        "total_time": [
            28.413846,
            29.724858,
            29.461629,
            31.667748,
            33.334981000000006,
            34.680266,
            25.151801000000003,
            25.815364000000002,
            25.808563,
            28.007545999999998,
            30.033875000000002,
            31.186701999999997
        ],
        "actual_total_time": [
            29.282,
            30.587,
            30.364,
            32.625,
            34.327,
            35.688,
            26.193,
            26.859,
            26.884,
            29.166,
            31.238,
            32.43
        ]
    }
}