{
    "labels": [
        "output_model_falcon-7b.txt",
        "output_model_llama2-13b-hf.txt",
        "output_model_llama2-7b-hf.txt",
        "output_model_llama3-3b.txt",
        "output_model_qwen-0.5b.txt",
        "output_model_qwen-14b.txt",
        "output_model_qwen-1.8b.txt",
        "output_model_qwen-4b.txt",
        "output_model_qwen-7b.txt",
        "output_model_yi-6b.txt",
        "output_model_yi-9b.txt"
    ],
    "data": {
        "detect_platform": [
            0.035,
            0.034,
            0.034,
            0.034,
            0.034,
            0.035,
            0.034,
            0.034,
            0.035,
            0.034,
            0.035
        ],
        "llm_imports": [
            1.786,
            1.491,
            1.468,
            1.505,
            1.478,
            1.486,
            1.481,
            1.479,
            1.499,
            1.487,
            1.492
        ],
        "get_model_info": [
            5.999,
            5.451,
            5.439,
            5.466,
            5.418,
            5.458,
            5.386,
            5.416,
            5.416,
            5.397,
            5.4
        ],
        "worker_init": [
            2.031,
            1.762,
            1.769,
            1.758,
            1.791,
            1.774,
            1.792,
            1.793,
            1.807,
            1.763,
            1.799
        ],
        "framework_bootstrap": [
            9.850999999999999,
            8.738,
            8.709999999999999,
            8.763,
            8.721,
            8.753,
            8.693,
            8.722,
            8.757,
            8.681000000000001,
            8.726
        ],
        "load_weights": [
            24.45,
            47.82,
            24.77,
            11.79,
            1.71,
            52.0,
            6.74,
            14.5,
            28.34,
            22.29,
            32.43
        ],
        "model_init": [
            0.17,
            0.13,
            0.12,
            0.14,
            0.1,
            0.13,
            0.11,
            0.13,
            0.12,
            0.12,
            0.14
        ],
        "model_loading": [
            24.626354,
            47.954706,
            24.896374,
            11.936682,
            1.81503,
            52.140466,
            6.856671,
            14.634691,
            28.465746,
            22.41351,
            32.578058
        ],
        "dynamo_transform_time": [
            5.46,
            6.95,
            5.45,
            4.78,
            4.33,
            7.09,
            4.27,
            7.03,
            5.5,
            5.41,
            8.13
        ],
        "graph_compile_general_shape": [
            null,
            null,
            null,
            null,
            null,
            null,
            null,
            null,
            null,
            null,
            null
        ],
        "graph_compile_cached": [
            4.272,
            5.869,
            4.551,
            4.165,
            3.646,
            5.904,
            3.651,
            5.641,
            4.538,
            4.763,
            7.232
        ],
        "torch.compile": [
            5.46,
            6.95,
            5.45,
            4.78,
            4.33,
            7.09,
            4.27,
            7.03,
            5.5,
            5.41,
            8.13
        ],
        "kv_cache_profiling": [
            2.5380000000000003,
            2.671000000000001,
            1.9289999999999985,
            1.7850000000000001,
            1.3839999999999995,
            2.646000000000001,
            1.4190000000000005,
            1.899000000000001,
            1.952,
            1.9269999999999996,
            2.1479999999999997
        ],
        "graph_capturing": [
            1.18,
            1.48,
            1.13,
            1.05,
            0.97,
            1.54,
            0.95,
            1.34,
            1.16,
            1.15,
            1.52
        ],
        "init_engine": [
            13.94,
            17.49,
            13.55,
            12.27,
            10.81,
            17.71,
            10.77,
            16.43,
            13.65,
            13.76,
            19.56
        ],
        "tokenizer_init": [
            0.14,
            0.1,
            0.09,
            0.3,
            0.26,
            0.26,
            0.26,
            0.26,
            0.26,
            0.16,
            0.17
        ],
        "total_time": [
            48.557354,
            74.28270599999999,
            47.246374,
            33.269681999999996,
            21.60603,
            78.863466,
            26.579671,
            40.046690999999996,
            51.132746,
            45.014509999999994,
            61.034058
        ],
        "actual_total_time": [
            50.3,
            75.159,
            48.128,
            34.372,
            22.685,
            79.913,
            27.639,
            41.099,
            52.209,
            46.006,
            62.011
        ]
    }
}