{
    "labels": [
        "output_model_falcon-7b.txt",
        "output_model_llama2-13b-hf.txt",
        "output_model_llama2-7b-hf.txt",
        "output_model_llama3-3b.txt",
        "output_model_qwen-0.5b.txt",
        "output_model_qwen-1.8b.txt",
        "output_model_qwen-14b.txt",
        "output_model_qwen-4b.txt",
        "output_model_qwen-7b.txt",
        "output_model_yi-6b.txt",
        "output_model_yi-9b.txt"
    ],
    "data": {
        "load_weights": [
            8.14,
            14.81,
            8.08,
            3.65,
            0.62,
            2.42,
            15.51,
            4.78,
            9.46,
            7.04,
            9.8
        ],
        "model_init": [
            0.2,
            0.22,
            0.21,
            0.26,
            0.19,
            0.2,
            0.23,
            0.21,
            0.21,
            0.21,
            0.24
        ],
        "model_loading": [
            8.35478,
            15.036,
            8.292478,
            3.912336,
            0.810245,
            2.61886,
            15.748895,
            5.003362,
            9.678092,
            7.252399,
            10.048071
        ],
        "dynamo_transform_time": [
            7.32,
            10.01,
            8.29,
            7.51,
            6.53,
            6.66,
            10.2,
            10.37,
            8.6,
            8.31,
            11.71
        ],
        "graph_compile_general_shape": [
            null,
            null,
            null,
            null,
            null,
            null,
            null,
            null,
            null,
            null,
            null
        ],
        "graph_compile_cached": [
            6.912,
            9.441,
            7.623,
            6.763,
            5.33,
            5.742,
            9.975,
            9.577,
            7.607,
            7.114,
            10.065
        ],
        "torch.compile": [
            7.32,
            10.01,
            8.29,
            7.51,
            6.53,
            6.66,
            10.2,
            10.37,
            8.6,
            8.31,
            11.71
        ],
        "kv_cache_profiling": [
            17.52,
            24.41,
            18.17,
            16.9,
            13.86,
            14.22,
            25.14,
            23.42,
            18.44,
            17.61,
            24.67
        ],
        "graph_capturing": [
            1.38,
            1.98,
            1.38,
            1.09,
            0.95,
            0.96,
            1.99,
            1.41,
            1.37,
            1.37,
            1.85
        ],
        "init_engine": [
            19.35,
            26.87,
            19.99,
            18.42,
            15.23,
            15.59,
            27.6,
            25.29,
            20.26,
            19.42,
            26.99
        ],
        "tokenizer_init": [
            0.18,
            0.13,
            0.13,
            0.45,
            0.4,
            0.39,
            0.39,
            0.39,
            0.39,
            0.24,
            0.25
        ],
        "total_time": [
            27.88478,
            42.036,
            28.412477999999997,
            22.782336,
            16.440244999999997,
            18.598860000000002,
            43.738895,
            30.683362,
            30.328092,
            26.912399,
            37.288071
        ],
        "actual_total_time": [
            43.34,
            56.66,
            43.14,
            38.02,
            31.56,
            33.8,
            58.95,
            45.81,
            45.33,
            42.05,
            52.21
        ]
    }
}