{
    "labels": [
        "output_model_deepseek-r1-distill-llama-8b.txt",
        "output_model_deepseek-r1-distill-qwen-7b.txt",
        "output_model_deepseek-v2-lite-16b.txt",
        "output_model_falcon-7b.txt",
        "output_model_gpt-oss-20b.txt",
        "output_model_llama2-13b-hf.txt",
        "output_model_llama2-7b-hf.txt",
        "output_model_llama3-3b.txt",
        "output_model_qwen-0.5b.txt",
        "output_model_qwen-14.3b.txt",
        "output_model_qwen-14b.txt",
        "output_model_qwen-1.8b.txt",
        "output_model_qwen-4b.txt",
        "output_model_qwen-7b.txt",
        "output_model_yi-6b.txt",
        "output_model_yi-9b.txt"
    ],
    "data": {
        "load_weights": [
            2.13,
            2.01,
            4.5,
            1.87,
            1.87,
            3.47,
            1.77,
            0.85,
            0.14,
            4.06,
            3.73,
            0.5,
            1.05,
            2.08,
            1.62,
            2.36
        ],
        "model_init": [
            0.14,
            0.11,
            0.16,
            0.12,
            0.16,
            0.13,
            0.12,
            0.13,
            0.1,
            0.12,
            0.13,
            0.1,
            0.12,
            0.12,
            0.11,
            0.13
        ],
        "model_loading": [
            2.267393,
            2.126208,
            4.670154,
            1.987788,
            2.30621,
            3.600708,
            1.895759,
            0.983688,
            0.241787,
            4.183691,
            3.855885,
            0.610775,
            1.182124,
            2.20335,
            1.737823,
            2.503993
        ],
        "dynamo_transform_time": [
            5.09,
            4.65,
            3.95,
            4.52,
            3.88,
            6.49,
            5.33,
            4.56,
            4.2,
            4.55,
            6.82,
            4.23,
            6.61,
            5.21,
            5.08,
            7.64
        ],
        "graph_compile_general_shape": [
            13.69,
            12.31,
            12.37,
            12.06,
            11.32,
            16.89,
            13.62,
            12.35,
            10.34,
            11.54,
            17.67,
            10.76,
            17.44,
            13.77,
            13.75,
            20.67
        ],
        "graph_compile_cached": [
            null,
            null,
            null,
            null,
            null,
            null,
            null,
            null,
            null,
            null,
            null,
            null,
            null,
            null,
            null,
            null
        ],
        "torch.compile": [
            18.78,
            16.96,
            16.32,
            16.58,
            15.2,
            23.38,
            18.94,
            16.91,
            14.54,
            16.09,
            24.49,
            14.98,
            24.05,
            18.98,
            18.84,
            28.31
        ],
        "kv_cache_profiling": [
            20.57,
            18.68,
            18.36,
            18.89,
            16.58,
            26.23,
            20.77,
            18.27,
            15.89,
            17.82,
            26.97,
            16.37,
            25.76,
            20.81,
            20.62,
            30.24
        ],
        "graph_capturing": [
            1.22,
            1.21,
            2.33,
            1.19,
            1.37,
            1.5,
            1.16,
            1.07,
            0.99,
            1.57,
            1.57,
            0.99,
            1.39,
            1.19,
            1.18,
            1.53
        ],
        "init_engine": [
            22.31,
            20.38,
            21.2,
            20.57,
            18.44,
            28.26,
            22.43,
            19.83,
            17.36,
            19.88,
            29.08,
            17.84,
            27.67,
            22.51,
            22.3,
            32.31
        ],
        "tokenizer_init": [
            0.37,
            0.48,
            0.2,
            0.12,
            0.69,
            0.24,
            0.08,
            0.45,
            0.25,
            0.25,
            0.25,
            0.25,
            0.26,
            0.25,
            0.16,
            0.32
        ],
        "total_time": [
            24.947393,
            22.986208,
            26.070154,
            22.677788000000003,
            21.436210000000003,
            32.100708000000004,
            24.405758999999996,
            21.263688,
            17.851786999999998,
            24.313691,
            33.185885,
            18.700775,
            29.112124000000005,
            24.963350000000002,
            24.197823,
            35.133993000000004
        ],
        "actual_total_time": [
            32.54,
            30.41,
            33.53,
            30.84,
            31.8,
            39.24,
            31.72,
            28.63,
            25.37,
            31.81,
            40.63,
            26.17,
            36.62,
            32.45,
            31.62,
            42.35
        ]
    }
}