{
    "labels": [
        "output_model_falcon-7b.txt",
        "output_model_llama2-13b-hf.txt",
        "output_model_llama2-7b-hf.txt",
        "output_model_llama3-3b.txt",
        "output_model_qwen-0.5b.txt",
        "output_model_qwen-14b_max_model_len_16752.txt",
        "output_model_qwen-1.8b.txt",
        "output_model_qwen-4b.txt",
        "output_model_qwen-7b.txt",
        "output_model_yi-6b.txt",
        "output_model_yi-9b.txt"
    ],
    "data": {
        "detect_platfrom": [
            0.0464,
            0.046599999999999996,
            0.0462,
            0.047,
            0.046799999999999994,
            0.0462,
            0.0464,
            0.046799999999999994,
            0.0464,
            0.0462,
            0.0462
        ],
        "llm_imports": [
            1.3266000000000002,
            1.3182,
            1.3279999999999998,
            1.3138,
            1.3166,
            1.3158,
            1.3192,
            1.322,
            1.3134000000000001,
            1.3188,
            1.317
        ],
        "get_model_info": [
            4.6958,
            4.6832,
            4.6872,
            4.685,
            4.684399999999999,
            4.6886,
            4.6852,
            4.6982,
            4.687600000000001,
            4.6882,
            4.687600000000001
        ],
        "worker_init": [
            1.5264,
            1.5408000000000002,
            1.5374,
            1.553,
            1.5547999999999997,
            1.5608,
            1.5724000000000002,
            1.5554,
            1.5536,
            1.5426,
            1.5578
        ],
        "framework_bootstrap": [
            7.5952,
            7.5888,
            7.5988,
            7.5988,
            7.602599999999999,
            7.6114,
            7.6232,
            7.6224,
            7.601000000000001,
            7.5958000000000006,
            7.608600000000001
        ],
        "load_weights": [
            1.888,
            3.466,
            1.7599999999999998,
            0.85,
            0.14,
            3.72,
            0.496,
            1.0479999999999998,
            2.06,
            1.6439999999999997,
            2.37
        ],
        "model_init": [
            0.11000000000000001,
            0.12,
            0.11000000000000001,
            0.13,
            0.09,
            0.12,
            0.1,
            0.12,
            0.11000000000000001,
            0.11000000000000001,
            0.13
        ],
        "model_loading": [
            1.998,
            3.5860000000000003,
            1.8699999999999999,
            0.98,
            0.23,
            3.8400000000000003,
            0.596,
            1.1679999999999997,
            2.17,
            1.7539999999999998,
            2.5
        ],
        "dynamo_transform_time": [
            0,
            0,
            0,
            0,
            0,
            0,
            0,
            0,
            0,
            0,
            0
        ],
        "graph_compile_general_shape": [
            0,
            0,
            0,
            0,
            0,
            0,
            0,
            0,
            0,
            0,
            0
        ],
        "graph_compile_cached": [
            0,
            0,
            0,
            0,
            0,
            0,
            0,
            0,
            0,
            0,
            0
        ],
        "torch.compile": [
            0,
            0,
            0,
            0,
            0,
            0,
            0,
            0,
            0,
            0,
            0
        ],
        "kv_cache_profiling": [
            0.712,
            0.8880000000000001,
            0.75,
            0.65,
            0.604,
            0.876,
            0.626,
            0.6740000000000002,
            0.748,
            0.722,
            0.7860000000000001
        ],
        "graph_capturing": [
            2.006,
            3.6980000000000004,
            2.13,
            1.206,
            0.962,
            3.682,
            0.954,
            1.438,
            2.14,
            1.906,
            2.732
        ],
        "init_engine": [
            2.718,
            4.586,
            2.88,
            1.8559999999999999,
            1.5659999999999998,
            4.558,
            1.58,
            2.112,
            2.888,
            2.628,
            3.5180000000000002
        ],
        "tokenizer_init": [
            0.12,
            0.08,
            0.08,
            0.28400000000000003,
            0.246,
            0.248,
            0.248,
            0.246,
            0.248,
            0.154,
            0.152
        ],
        "total_time": [
            12.431199999999999,
            15.840800000000002,
            12.4288,
            10.7188,
            9.644599999999999,
            16.2574,
            10.047199999999998,
            11.1484,
            12.907,
            12.1318,
            13.7786
        ],
        "actual_total_time": [
            13.5891634,
            16.673682800000005,
            13.2569836,
            11.7589486,
            10.641692399999998,
            17.248295,
            11.039437399999997,
            12.1354228,
            13.902326799999999,
            13.0416738,
            14.6773048
        ]
    }
}