{
    "labels": [
        "output_model_falcon-7b.txt",
        "output_model_llama2-13b-hf.txt",
        "output_model_llama2-7b-hf.txt",
        "output_model_llama3-3b.txt",
        "output_model_qwen-0.5b.txt",
        "output_model_qwen-14b.txt",
        "output_model_qwen-1.8b.txt",
        "output_model_qwen-4b.txt",
        "output_model_qwen-7b.txt",
        "output_model_yi-6b.txt",
        "output_model_yi-9b.txt"
    ],
    "data": {
        "detect_platform": [
            0.0354,
            0.0342,
            0.0342,
            0.0342,
            0.034,
            0.0342,
            0.0342,
            0.034,
            0.0344,
            0.0342,
            0.0344
        ],
        "llm_imports": [
            1.7764,
            1.4928000000000001,
            1.4768000000000001,
            1.4929999999999999,
            1.4814,
            1.486,
            1.4791999999999998,
            1.4868000000000001,
            1.4942,
            1.4826000000000001,
            1.4920000000000002
        ],
        "get_model_info": [
            6.025,
            5.439,
            5.4372,
            5.4492,
            5.437600000000001,
            5.4296,
            5.4236,
            5.4354,
            5.4146,
            5.3966,
            5.4475999999999996
        ],
        "worker_init": [
            2.0347999999999997,
            1.7671999999999997,
            1.7846,
            1.7719999999999998,
            1.7942,
            1.7825999999999997,
            1.7833999999999999,
            1.7848,
            1.7972000000000001,
            1.764,
            1.7663999999999997
        ],
        "framework_bootstrap": [
            9.8716,
            8.7332,
            8.7328,
            8.7484,
            8.747200000000001,
            8.7324,
            8.7204,
            8.741,
            8.740400000000001,
            8.6774,
            8.7404
        ],
        "load_weights": [
            24.574,
            47.846000000000004,
            24.774,
            11.8,
            1.7100000000000002,
            52.001999999999995,
            6.746,
            14.5,
            28.342000000000002,
            22.253999999999998,
            32.416000000000004
        ],
        "model_init": [
            0.17,
            0.134,
            0.12,
            0.14,
            0.1,
            0.132,
            0.11000000000000001,
            0.13,
            0.12,
            0.12,
            0.14
        ],
        "model_loading": [
            24.744000000000003,
            47.980000000000004,
            24.894000000000002,
            11.940000000000001,
            1.8100000000000003,
            52.13399999999999,
            6.856000000000001,
            14.63,
            28.462000000000003,
            22.374,
            32.556000000000004
        ],
        "dynamo_transform_time": [
            5.514,
            6.894,
            5.39,
            4.794,
            4.304,
            7.023999999999999,
            4.274,
            7.064,
            5.532,
            5.404000000000001,
            8.080000000000002
        ],
        "graph_compile_general_shape": [
            null,
            null,
            null,
            null,
            null,
            null,
            null,
            null,
            null,
            null,
            null
        ],
        "graph_compile_cached": [
            4.2998,
            5.769599999999999,
            4.502000000000001,
            4.1934,
            3.6048,
            5.811,
            3.6617999999999995,
            5.7254,
            4.5402000000000005,
            4.7780000000000005,
            7.1644000000000005
        ],
        "torch.compile": [
            5.514,
            6.894,
            5.39,
            4.794,
            4.304,
            7.023999999999999,
            4.274,
            7.064,
            5.532,
            5.404000000000001,
            8.080000000000002
        ],
        "kv_cache_profiling": [
            2.5362000000000005,
            2.6644,
            1.9379999999999993,
            1.7706000000000004,
            1.3891999999999995,
            2.667,
            1.4082000000000003,
            1.8925999999999998,
            1.9617999999999998,
            1.9279999999999997,
            2.1476
        ],
        "graph_capturing": [
            1.174,
            1.482,
            1.1359999999999997,
            1.044,
            0.962,
            1.54,
            0.9560000000000001,
            1.3439999999999999,
            1.16,
            1.154,
            1.51
        ],
        "init_engine": [
            13.524000000000001,
            16.81,
            12.965999999999998,
            11.802,
            10.26,
            17.042,
            10.3,
            16.026,
            13.194,
            13.264000000000001,
            18.902
        ],
        "tokenizer_init": [
            0.14,
            0.094,
            0.09,
            0.3,
            0.26,
            0.262,
            0.26,
            0.26,
            0.262,
            0.164,
            0.166
        ],
        "total_time": [
            48.2796,
            73.6172,
            46.6828,
            32.7904,
            21.0772,
            78.1704,
            26.136400000000002,
            39.657000000000004,
            50.65840000000001,
            44.479400000000005,
            60.3644
        ],
        "actual_total_time": [
            50.032455600000006,
            74.5117212,
            47.572781199999994,
            33.8987154,
            22.1542164,
            79.2232932,
            27.196793600000003,
            40.718368600000005,
            51.71862920000001,
            45.47144180000001,
            61.3471102
        ]
    }
}