{
    "labels": [
        "output_model_falcon-7b_load-format_runai_streamer.txt",
        "output_model_falcon-7b_load-format_safetensors.txt",
        "output_model_falcon-7b-tensorized_load-format_tensorizer.txt",
        "output_model_llama2-13b-hf_load-format_runai_streamer.txt",
        "output_model_llama2-13b-hf_load-format_safetensors.txt",
        "output_model_llama2-13b-hf-tensorized_load-format_tensorizer.txt",
        "output_model_llama2-7b-hf_load-format_runai_streamer.txt",
        "output_model_llama2-7b-hf_load-format_safetensors.txt",
        "output_model_llama2-7b-hf-tensorized_load-format_tensorizer.txt",
        "output_model_yi-6b_load-format_runai_streamer.txt",
        "output_model_yi-6b_load-format_safetensors.txt",
        "output_model_yi-6b-tensorized_load-format_tensorizer.txt"
    ],
    "data": {
        "detect_platform": [
            0.016,
            0.016,
            0.016,
            0.015,
            0.016,
            0.015,
            0.016,
            0.016,
            0.016,
            0.016,
            0.015,
            0.016
        ],
        "llm_imports": [
            1.476,
            1.448,
            1.472,
            1.456,
            1.452,
            1.463,
            1.47,
            1.487,
            1.473,
            1.465,
            1.457,
            1.483
        ],
        "get_model_info": [
            5.431,
            5.479,
            5.424,
            5.419,
            5.39,
            5.422,
            5.416,
            5.427,
            5.408,
            5.426,
            5.424,
            5.444
        ],
        "worker_init": [
            2.299,
            2.312,
            1.343,
            2.317,
            2.304,
            1.339,
            2.332,
            2.303,
            1.317,
            2.308,
            2.295,
            1.329
        ],
        "framework_bootstrap": [
            9.222,
            9.254999999999999,
            8.255,
            9.207,
            9.161999999999999,
            8.238999999999999,
            9.234,
            9.233,
            8.214,
            9.215,
            9.191,
            8.272
        ],
        "load_weights": [
            1.1322169999999998,
            1.76,
            1.8322829999999999,
            1.89736,
            3.13,
            2.929447,
            0.9511489999999999,
            1.7,
            1.4497399999999998,
            0.882068,
            1.48,
            1.665886
        ],
        "model_init": [
            0.13,
            0.13,
            0.13,
            0.14,
            0.14,
            0.15,
            0.13,
            0.13,
            0.13,
            0.13,
            0.13,
            0.13
        ],
        "model_loading": [
            1.262217,
            1.886717,
            1.962283,
            2.03736,
            3.275138,
            3.079447,
            1.081149,
            1.835974,
            1.57974,
            1.012068,
            1.61376,
            1.795886
        ],
        "dynamo_transform_time": [
            4.79,
            4.75,
            4.79,
            6.59,
            6.58,
            6.61,
            5.45,
            5.51,
            5.42,
            5.56,
            5.4,
            5.44
        ],
        "graph_compile_general_shape": [
            null,
            null,
            null,
            null,
            null,
            null,
            null,
            null,
            null,
            null,
            null,
            null
        ],
        "graph_compile_cached": [
            4.644,
            4.648,
            4.679,
            5.835,
            5.849,
            5.836,
            4.573,
            4.636,
            4.554,
            4.949,
            4.84,
            4.842
        ],
        "torch.compile": [
            4.79,
            4.75,
            4.79,
            6.59,
            6.58,
            6.61,
            5.45,
            5.51,
            5.42,
            5.56,
            5.4,
            5.44
        ],
        "kv_cache_profiling": [
            2.2059999999999995,
            2.2219999999999995,
            2.2209999999999983,
            2.9749999999999996,
            2.971,
            2.983999999999998,
            1.9670000000000005,
            2.0039999999999996,
            1.9559999999999995,
            1.9510000000000005,
            1.9499999999999993,
            1.9480000000000004
        ],
        "graph_capturing": [
            1.22,
            1.23,
            1.21,
            1.55,
            1.56,
            1.53,
            1.19,
            1.19,
            1.17,
            1.21,
            1.22,
            1.21
        ],
        "init_engine": [
            13.39,
            13.39,
            13.43,
            17.51,
            17.53,
            17.54,
            13.72,
            13.88,
            13.64,
            14.22,
            13.96,
            13.98
        ],
        "tokenizer_init": [
            0.13,
            0.12,
            0.13,
            0.09,
            0.09,
            0.08,
            0.09,
            0.09,
            0.08,
            0.16,
            0.16,
            0.15
        ],
        "total_time": [
            24.004217,
            24.651717,
            23.777283,
            28.84436,
            30.057138,
            28.938446999999996,
            24.125149,
            25.038974,
            23.51374,
            24.607068,
            24.924760000000003,
            24.197885999999997
        ],
        "actual_total_time": [
            25.859,
            26.509,
            26.677,
            29.792,
            31.004,
            30.954,
            25.074,
            25.986,
            25.505,
            25.678,
            25.976,
            26.3
        ]
    }
}