{
    "labels": [
        "output_model_falcon-7b.txt",
        "output_model_llama2-13b-hf.txt",
        "output_model_llama2-7b-hf.txt",
        "output_model_llama3-3b.txt",
        "output_model_qwen-0.5b.txt",
        "output_model_qwen-14b.txt",
        "output_model_qwen-1.8b.txt",
        "output_model_qwen-4b.txt",
        "output_model_qwen-7b.txt",
        "output_model_yi-6b.txt",
        "output_model_yi-9b.txt"
    ],
    "data": {
        "load_weights": [
            1.89,
            3.1,
            1.6,
            0.82,
            0.13,
            3.48,
            0.5,
            1.0,
            1.86,
            1.54,
            2.17
        ],
        "model_init": [
            0.09,
            0.1,
            0.09,
            0.11,
            0.08,
            0.1,
            0.09,
            0.09,
            0.09,
            0.09,
            0.1
        ],
        "model_loading": [
            2.519248,
            3.731147,
            2.30196,
            1.574018,
            0.739484,
            4.172224,
            1.14087,
            1.636165,
            2.510673,
            2.16792,
            2.803462
        ],
        "dynamo_transform_time": [
            3.7,
            5.29,
            4.35,
            3.67,
            3.3,
            5.41,
            3.33,
            5.38,
            4.49,
            4.35,
            6.21
        ],
        "graph_compile_general_shape": [
            null,
            null,
            null,
            null,
            null,
            null,
            null,
            null,
            null,
            null,
            null
        ],
        "graph_compile_cached": [
            2.675,
            3.756,
            2.957,
            2.737,
            2.264,
            3.809,
            2.325,
            3.784,
            3.023,
            3.113,
            4.756
        ],
        "torch.compile": [
            3.7,
            5.29,
            4.35,
            3.67,
            3.3,
            5.41,
            3.33,
            5.38,
            4.49,
            4.35,
            6.21
        ],
        "kv_cache_profiling": [
            7.94,
            10.71,
            8.72,
            7.8,
            6.87,
            10.92,
            7.02,
            10.67,
            8.92,
            8.83,
            12.96
        ],
        "graph_capturing": [
            1.34,
            2.18,
            1.34,
            0.88,
            0.54,
            null,
            0.65,
            1.06,
            1.37,
            1.25,
            1.79
        ],
        "init_engine": [
            9.62,
            13.27,
            10.39,
            9.01,
            7.72,
            null,
            7.99,
            12.08,
            10.63,
            10.42,
            15.14
        ],
        "tokenizer_init": [
            0.39,
            0.35,
            0.34,
            0.58,
            0.52,
            0.52,
            0.52,
            0.52,
            0.5,
            0.43,
            0.42
        ],
        "total_time": [
            12.529247999999999,
            17.351147,
            13.03196,
            11.164018,
            8.979484,
            4.6922239999999995,
            9.65087,
            14.236165,
            13.640673000000001,
            13.01792,
            18.363462000000002
        ],
        "actual_total_time": [
            20.59,
            25.06,
            20.85,
            19.13,
            16.88,
            0,
            19.04,
            22.26,
            21.77,
            21.27,
            26.15
        ]
    }
}