{
    "labels": [
        "output_model_falcon-7b.txt",
        "output_model_llama2-13b-hf.txt",
        "output_model_llama2-7b-hf.txt",
        "output_model_llama3-3b.txt",
        "output_model_qwen-0.5b.txt",
        "output_model_qwen-14b.txt",
        "output_model_qwen-1.8b.txt",
        "output_model_qwen-4b.txt",
        "output_model_qwen-7b.txt",
        "output_model_yi-6b.txt",
        "output_model_yi-9b.txt"
    ],
    "data": {
        "load_weights": [
            1.75,
            3.16,
            1.66,
            0.8,
            0.13,
            3.51,
            0.49,
            1.0,
            1.86,
            1.48,
            2.25
        ],
        "model_init": [
            0.09,
            0.1,
            0.09,
            0.11,
            0.08,
            0.1,
            0.08,
            0.1,
            0.09,
            0.09,
            0.11
        ],
        "model_loading": [
            2.368126,
            3.790215,
            2.437128,
            1.490316,
            0.91832,
            4.160609,
            1.234609,
            1.680407,
            2.495964,
            2.100449,
            2.975503
        ],
        "dynamo_transform_time": [
            3.7,
            5.21,
            4.39,
            3.67,
            3.29,
            5.41,
            3.3,
            5.39,
            4.41,
            4.39,
            6.18
        ],
        "graph_compile_general_shape": [
            null,
            null,
            null,
            null,
            null,
            null,
            null,
            null,
            null,
            null,
            null
        ],
        "graph_compile_cached": [
            2.714,
            3.674,
            3.0,
            2.699,
            2.24,
            3.837,
            2.292,
            3.826,
            3.046,
            3.151,
            4.678
        ],
        "torch.compile": [
            3.7,
            5.21,
            4.39,
            3.67,
            3.29,
            5.41,
            3.3,
            5.39,
            4.41,
            4.39,
            6.18
        ],
        "kv_cache_profiling": [
            7.97,
            10.56,
            8.79,
            7.78,
            6.88,
            10.96,
            6.95,
            10.73,
            8.83,
            8.91,
            12.86
        ],
        "graph_capturing": [
            1.35,
            2.18,
            1.34,
            0.88,
            0.53,
            2.19,
            0.63,
            1.05,
            1.36,
            1.24,
            1.78
        ],
        "init_engine": [
            9.65,
            13.11,
            10.47,
            8.99,
            7.72,
            13.52,
            7.89,
            12.13,
            10.53,
            10.49,
            15.02
        ],
        "tokenizer_init": [
            0.39,
            0.34,
            0.33,
            0.62,
            0.51,
            0.5,
            0.5,
            0.54,
            0.56,
            0.41,
            0.43
        ],
        "total_time": [
            12.408126000000001,
            17.240215,
            13.237128,
            11.100316,
            9.14832,
            18.180609,
            9.624609,
            14.350407,
            13.585963999999999,
            13.000449,
            18.425503
        ],
        "actual_total_time": [
            20.45,
            24.95,
            20.8,
            19.4,
            17.02,
            26.02,
            17.63,
            22.34,
            21.52,
            20.95,
            26.32
        ]
    }
}