{
    "labels": [
        "output_model_falcon-7b.txt",
        "output_model_llama2-13b-hf.txt",
        "output_model_llama2-7b-hf.txt",
        "output_model_llama3-3b.txt",
        "output_model_qwen-0.5b.txt",
        "output_model_qwen-14b.txt",
        "output_model_qwen-1.8b.txt",
        "output_model_qwen-4b.txt",
        "output_model_qwen-7b.txt",
        "output_model_yi-6b.txt",
        "output_model_yi-9b.txt"
    ],
    "data": {
        "detect_platfrom": [
            0.0,
            0.0,
            0.0,
            0.0,
            0.0,
            0.0,
            0.0,
            0.0,
            0.0,
            0.0,
            0.0
        ],
        "llm_imports": [
            1.0,
            1.0,
            1.0,
            1.0,
            1.0,
            1.0,
            1.0,
            1.0,
            1.0,
            1.0,
            1.0
        ],
        "get_model_info": [
            5.0,
            5.0,
            5.0,
            6.0,
            5.0,
            5.0,
            6.0,
            6.0,
            5.0,
            5.0,
            5.0
        ],
        "worker_init": [
            1.0,
            2.0,
            1.0,
            2.0,
            1.0,
            1.0,
            2.0,
            2.0,
            1.0,
            1.0,
            1.0
        ],
        "framework_bootstrap": [
            7.0,
            8.0,
            7.0,
            9.0,
            7.0,
            7.0,
            9.0,
            9.0,
            7.0,
            7.0,
            7.0
        ],
        "load_weights": [
            1.75,
            3.16,
            1.66,
            0.8,
            0.13,
            3.51,
            0.49,
            1.0,
            1.86,
            1.48,
            2.25
        ],
        "model_init": [
            0.09,
            0.1,
            0.09,
            0.11,
            0.08,
            0.1,
            0.08,
            0.1,
            0.09,
            0.09,
            0.11
        ],
        "model_loading": [
            2.368126,
            3.790215,
            2.437128,
            1.490316,
            0.91832,
            4.160609,
            1.234609,
            1.680407,
            2.495964,
            2.100449,
            2.975503
        ],
        "dynamo_transform_time": [
            3.7,
            5.21,
            4.39,
            3.67,
            3.29,
            5.41,
            3.3,
            5.39,
            4.41,
            4.39,
            6.18
        ],
        "graph_compile_general_shape": [
            null,
            null,
            null,
            null,
            null,
            null,
            null,
            null,
            null,
            null,
            null
        ],
        "graph_compile_cached": [
            2.714,
            3.674,
            3.0,
            2.699,
            2.24,
            3.837,
            2.292,
            3.826,
            3.046,
            3.151,
            4.678
        ],
        "torch.compile": [
            3.7,
            5.21,
            4.39,
            3.67,
            3.29,
            5.41,
            3.3,
            5.39,
            4.41,
            4.39,
            6.18
        ],
        "kv_cache_profiling": [
            1.556,
            1.6760000000000002,
            1.3999999999999995,
            1.4110000000000005,
            1.3499999999999996,
            1.713000000000001,
            1.3580000000000005,
            1.5140000000000011,
            1.3740000000000006,
            1.3690000000000007,
            2.001999999999999
        ],
        "graph_capturing": [
            1.35,
            2.18,
            1.34,
            0.88,
            0.53,
            2.19,
            0.63,
            1.05,
            1.36,
            1.24,
            1.78
        ],
        "init_engine": [
            9.65,
            13.11,
            10.47,
            8.99,
            7.72,
            13.52,
            7.89,
            12.13,
            10.53,
            10.49,
            15.02
        ],
        "tokenizer_init": [
            0.39,
            0.34,
            0.33,
            0.62,
            0.51,
            0.5,
            0.5,
            0.54,
            0.56,
            0.41,
            0.43
        ],
        "total_time": [
            19.408126000000003,
            25.240215,
            20.237128,
            20.100316000000003,
            16.148320000000002,
            25.180609,
            18.624609,
            23.350407,
            20.585964,
            20.000449,
            25.425503
        ],
        "actual_total_time": [
            21.0,
            26.0,
            22.0,
            20.0,
            18.0,
            27.0,
            19.0,
            24.0,
            22.0,
            22.0,
            27.0
        ]
    }
}