{
    "labels": [
        "output_model_falcon-7b.txt",
        "output_model_llama2-13b-hf.txt",
        "output_model_llama2-7b-hf.txt",
        "output_model_llama3-3b.txt",
        "output_model_qwen-0.5b.txt",
        "output_model_qwen-14b.txt",
        "output_model_qwen-1.8b.txt",
        "output_model_qwen-4b.txt",
        "output_model_qwen-7b.txt",
        "output_model_yi-6b.txt",
        "output_model_yi-9b.txt"
    ],
    "data": {
        "detect_platfrom": [
            0.0462,
            0.046,
            0.0462,
            0.0462,
            0.046,
            0.046599999999999996,
            0.0462,
            0.046,
            0.0464,
            0.0462,
            0.046
        ],
        "llm_imports": [
            1.3195999999999999,
            1.326,
            1.3150000000000002,
            1.3169999999999997,
            1.3192,
            1.3157999999999999,
            1.3186,
            1.313,
            1.315,
            1.3142,
            1.3348
        ],
        "get_model_info": [
            4.6892000000000005,
            4.691,
            4.6948,
            4.682,
            4.6892000000000005,
            4.693600000000001,
            4.7076,
            4.6926,
            4.7004,
            4.6992,
            4.6928
        ],
        "worker_init": [
            1.5328,
            1.536,
            1.5402,
            1.5685999999999998,
            1.5585999999999998,
            1.5582,
            1.5674,
            1.5572,
            1.5616,
            1.5625999999999998,
            1.5512000000000001
        ],
        "framework_bootstrap": [
            7.5878000000000005,
            7.599,
            7.5962,
            7.6138,
            7.6129999999999995,
            7.614200000000001,
            7.6398,
            7.6088,
            7.6234,
            7.6222,
            7.6248000000000005
        ],
        "load_weights": [
            7.423999999999998,
            10.102,
            2.0319999999999996,
            0.954,
            0.21000000000000002,
            3.864,
            0.5880000000000001,
            1.1159999999999999,
            2.194,
            1.7399999999999998,
            2.5060000000000002
        ],
        "model_init": [
            0.11000000000000001,
            0.12,
            0.11000000000000001,
            0.13,
            0.09,
            0.12,
            0.1,
            0.12,
            0.11000000000000001,
            0.11000000000000001,
            0.13
        ],
        "model_loading": [
            7.533999999999998,
            10.222,
            2.1419999999999995,
            1.084,
            0.30000000000000004,
            3.984,
            0.6880000000000001,
            1.2359999999999998,
            2.304,
            1.8499999999999999,
            2.636
        ],
        "dynamo_transform_time": [
            4.562,
            6.5,
            5.151999999999999,
            4.601999999999999,
            4.24,
            6.622,
            4.068,
            6.718000000000001,
            5.2620000000000005,
            5.154,
            7.653999999999999
        ],
        "graph_compile_general_shape": [
            null,
            null,
            null,
            null,
            null,
            null,
            null,
            null,
            null,
            null,
            null
        ],
        "graph_compile_cached": [
            3.9948,
            5.2951999999999995,
            4.2424,
            3.9379999999999997,
            3.4842,
            5.317,
            3.4192,
            5.421799999999999,
            4.279400000000001,
            4.512200000000001,
            6.716000000000001
        ],
        "torch.compile": [
            4.562,
            6.5,
            5.151999999999999,
            4.601999999999999,
            4.24,
            6.622,
            4.068,
            6.718000000000001,
            5.2620000000000005,
            5.154,
            7.653999999999999
        ],
        "kv_cache_profiling": [
            10.268,
            13.618,
            11.197999999999999,
            10.136,
            8.968,
            13.79,
            8.736,
            13.824,
            11.342000000000002,
            11.422,
            16.32
        ],
        "graph_capturing": [
            1.49,
            2.336,
            1.484,
            0.9940000000000001,
            0.6519999999999999,
            2.35,
            0.7340000000000001,
            1.2020000000000002,
            1.5059999999999998,
            1.388,
            1.9760000000000002
        ],
        "init_engine": [
            11.758000000000001,
            15.954,
            12.681999999999999,
            11.129999999999999,
            9.62,
            16.14,
            9.47,
            15.026,
            12.848000000000003,
            12.81,
            18.296
        ],
        "tokenizer_init": [
            0.12,
            0.08,
            0.08,
            0.28400000000000003,
            0.25,
            0.254,
            0.248,
            0.25,
            0.25,
            0.154,
            0.154
        ],
        "total_time": [
            26.9998,
            33.855,
            22.500199999999996,
            20.1118,
            17.782999999999998,
            27.992200000000004,
            18.045800000000003,
            24.1208,
            23.025400000000005,
            22.436200000000003,
            28.7108
        ],
        "actual_total_time": [
            28.2136094,
            34.6842022,
            23.3463538,
            21.152895599999997,
            18.779360999999998,
            28.982843600000002,
            19.038749600000003,
            25.1149678,
            24.016949400000005,
            23.347858800000004,
            29.6203806
        ]
    }
}