{
    "labels": [
        "output_model_yi-6b_load-format_safetensors.txt",
        "output_model_yi-6b_load-format_runai_streamer.txt",
        "output_model_yi-6b-tensorized_load-format_tensorizer.txt",
        "output_model_llama2-13b-hf_load-format_safetensors.txt",
        "output_model_llama2-13b-hf_load-format_runai_streamer.txt",
        "output_model_llama2-13b-hf-tensorized_load-format_tensorizer.txt",
        "output_model_llama2-7b-hf_load-format_safetensors.txt",
        "output_model_llama2-7b-hf_load-format_runai_streamer.txt",
        "output_model_llama2-7b-hf-tensorized_load-format_tensorizer.txt",
        "output_model_falcon-7b_load-format_safetensors.txt",
        "output_model_falcon-7b_load-format_runai_streamer.txt",
        "output_model_falcon-7b-tensorized_load-format_tensorizer.txt"
    ],
    "data": {
        "detect_platform": [
            0.0158,
            0.0156,
            0.0158,
            0.0158,
            0.0154,
            0.0152,
            0.016,
            0.016,
            0.0158,
            0.016,
            0.0158,
            0.0154
        ],
        "llm_imports": [
            1.4662,
            1.4746000000000001,
            1.4650000000000003,
            1.466,
            1.4687999999999999,
            1.4646000000000001,
            1.4734000000000003,
            1.4694,
            1.4698,
            1.457,
            1.4658,
            1.4620000000000002
        ],
        "get_model_info": [
            5.4246,
            5.401999999999999,
            5.4162,
            5.412,
            5.4268,
            5.4394,
            5.416199999999999,
            5.4364,
            5.4316,
            5.422,
            5.4384,
            5.4228
        ],
        "worker_init": [
            2.2994,
            2.3236,
            1.3368,
            2.3208,
            2.3188,
            1.3344,
            2.3,
            2.322,
            1.326,
            2.3253999999999997,
            2.3202,
            1.3376
        ],
        "framework_bootstrap": [
            9.206,
            9.215799999999998,
            8.2338,
            9.2146,
            9.2298,
            8.2536,
            9.2056,
            9.2438,
            8.2432,
            9.2204,
            9.2402,
            8.2378
        ],
        "load_weights": [
            1.48,
            0.881066,
            1.658323,
            3.1420000000000003,
            1.9011345999999996,
            2.9554158,
            1.702,
            0.985273,
            1.5074546000000002,
            1.7559999999999998,
            1.123308,
            1.8339001999999998
        ],
        "model_init": [
            0.13,
            0.13,
            0.134,
            0.14,
            0.14,
            0.15,
            0.13,
            0.13,
            0.136,
            0.128,
            0.13,
            0.13
        ],
        "model_loading": [
            1.6099999999999999,
            1.011066,
            1.792323,
            3.2820000000000005,
            2.0411345999999995,
            3.1054158,
            1.8319999999999999,
            1.115273,
            1.6434546,
            1.884,
            1.253308,
            1.9639001999999999
        ],
        "dynamo_transform_time": [
            5.401999999999999,
            5.5,
            5.436,
            6.636,
            6.6819999999999995,
            6.67,
            5.486,
            5.46,
            5.436,
            4.802,
            4.853999999999999,
            4.8020000000000005
        ],
        "graph_compile_general_shape": [
            null,
            null,
            null,
            null,
            null,
            null,
            null,
            null,
            null,
            null,
            null,
            null
        ],
        "graph_compile_cached": [
            4.8398,
            4.9159999999999995,
            4.8656,
            5.886000000000001,
            5.9346000000000005,
            5.9168,
            4.6174,
            4.5912,
            4.5840000000000005,
            4.7076,
            4.732200000000001,
            4.6903999999999995
        ],
        "torch.compile": [
            5.401999999999999,
            5.5,
            5.436,
            6.636,
            6.6819999999999995,
            6.67,
            5.486,
            5.46,
            5.436,
            4.802,
            4.853999999999999,
            4.8020000000000005
        ],
        "kv_cache_profiling": [
            1.9421999999999997,
            1.9460000000000004,
            1.9424,
            2.9699999999999998,
            2.9674,
            2.983199999999999,
            1.9826000000000001,
            1.970800000000001,
            1.9680000000000004,
            2.2203999999999993,
            2.2237999999999998,
            2.217599999999999
        ],
        "graph_capturing": [
            1.2159999999999997,
            1.21,
            1.204,
            1.546,
            1.544,
            1.54,
            1.19,
            1.19,
            1.176,
            1.2280000000000002,
            1.23,
            1.2159999999999997
        ],
        "init_engine": [
            13.399999999999999,
            13.572,
            13.448,
            17.038,
            17.128,
            17.11,
            13.276,
            13.212,
            13.164000000000001,
            12.957999999999998,
            13.04,
            12.925999999999998
        ],
        "tokenizer_init": [
            0.16,
            0.16,
            0.15,
            0.088,
            0.09,
            0.08,
            0.086,
            0.084,
            0.08199999999999999,
            0.122,
            0.124,
            0.122
        ],
        "total_time": [
            24.375999999999998,
            23.958865999999997,
            23.624122999999997,
            29.622600000000002,
            28.488934599999997,
            28.5490158,
            24.3996,
            23.655072999999998,
            23.132654600000002,
            24.184399999999997,
            23.657507999999996,
            23.2497002
        ],
        "actual_total_time": [
            25.429575999999997,
            25.013799999999996,
            25.7176,
            30.5732244,
            29.437199999999997,
            30.5622,
            25.3558644,
            24.616600000000002,
            25.128400000000003,
            26.046584399999997,
            25.517399999999995,
            26.1542
        ]
    }
}