{
    "labels": [
        "output_model_falcon-7b.txt",
        "output_model_llama2-13b-hf.txt",
        "output_model_llama2-7b-hf.txt",
        "output_model_llama3-3b.txt",
        "output_model_qwen-0.5b.txt",
        "output_model_qwen-14b_max_model_len_16752.txt",
        "output_model_qwen-1.8b.txt",
        "output_model_qwen-4b.txt",
        "output_model_qwen-7b.txt",
        "output_model_yi-6b.txt",
        "output_model_yi-9b.txt"
    ],
    "data": {
        "detect_platform": [
            0.045,
            0.045,
            0.046,
            0.045,
            0.045,
            0.046,
            0.046,
            0.046,
            0.046,
            0.045,
            0.045
        ],
        "llm_imports": [
            1.392,
            1.373,
            1.382,
            1.392,
            1.395,
            1.399,
            1.389,
            1.387,
            1.396,
            1.388,
            1.4
        ],
        "get_model_info": [
            4.989,
            4.973,
            4.954,
            4.956,
            5.002,
            4.972,
            4.987,
            4.985,
            4.995,
            4.985,
            5.012
        ],
        "worker_init": [
            1.933,
            1.959,
            1.942,
            1.952,
            1.975,
            1.973,
            1.975,
            1.958,
            1.985,
            1.957,
            1.96
        ],
        "framework_bootstrap": [
            8.359,
            8.35,
            8.324,
            8.345,
            8.417,
            8.39,
            8.397,
            8.376,
            8.422,
            8.375,
            8.416999999999998
        ],
        "load_weights": [
            1.75,
            3.15,
            1.62,
            0.78,
            0.13,
            3.41,
            0.45,
            0.97,
            1.88,
            1.47,
            2.15
        ],
        "model_init": [
            0.12,
            0.13,
            0.12,
            0.14,
            0.1,
            0.13,
            0.11,
            0.13,
            0.12,
            0.12,
            0.14
        ],
        "model_loading": [
            1.870755,
            3.286586,
            1.749724,
            0.921189,
            0.239887,
            3.547573,
            0.568919,
            1.0989,
            2.004064,
            1.595391,
            2.294037
        ],
        "dynamo_transform_time": [
            4.75,
            6.85,
            5.4,
            4.84,
            4.3,
            7.0,
            4.3,
            6.94,
            5.58,
            5.4,
            8.12
        ],
        "graph_compile_general_shape": [
            null,
            null,
            null,
            null,
            null,
            null,
            null,
            null,
            null,
            null,
            null
        ],
        "graph_compile_cached": [
            4.4,
            5.524,
            4.403,
            4.469,
            3.525,
            5.6,
            3.613,
            5.564,
            4.57,
            4.692,
            7.081
        ],
        "torch.compile": [
            4.75,
            6.85,
            5.4,
            4.84,
            4.3,
            7.0,
            4.3,
            6.94,
            5.58,
            5.4,
            8.12
        ],
        "kv_cache_profiling": [
            1.6399999999999988,
            2.086000000000002,
            2.0269999999999992,
            1.5509999999999984,
            1.3950000000000014,
            2.08,
            1.407,
            1.9159999999999986,
            2.0299999999999994,
            1.9979999999999993,
            2.2489999999999988
        ],
        "graph_capturing": [
            1.53,
            2.38,
            1.52,
            1.04,
            0.7,
            2.39,
            0.77,
            1.25,
            1.54,
            1.43,
            2.03
        ],
        "init_engine": [
            12.84,
            17.41,
            13.88,
            12.4,
            10.41,
            17.62,
            10.58,
            16.19,
            14.24,
            14.05,
            20.05
        ],
        "tokenizer_init": [
            0.12,
            0.08,
            0.09,
            0.28,
            0.25,
            0.25,
            0.25,
            0.25,
            0.25,
            0.16,
            0.16
        ],
        "total_time": [
            23.189755,
            29.126585999999996,
            24.043724,
            21.946189000000004,
            19.316887,
            29.807573,
            19.795918999999998,
            25.914900000000003,
            24.916064,
            24.180391,
            30.921037
        ],
        "actual_total_time": [
            24.511,
            30.025,
            24.943,
            23.07,
            20.4,
            30.868,
            20.866,
            26.972,
            25.991,
            25.152,
            31.911
        ]
    }
}