{
    "labels": [
        "output_model_falcon-7b.txt",
        "output_model_llama2-13b-hf.txt",
        "output_model_llama2-7b-hf.txt",
        "output_model_llama3-3b.txt",
        "output_model_qwen-0.5b.txt",
        "output_model_qwen-14b.txt",
        "output_model_qwen-1.8b.txt",
        "output_model_qwen-4b.txt",
        "output_model_qwen-7b.txt",
        "output_model_yi-6b.txt",
        "output_model_yi-9b.txt"
    ],
    "data": {
        "detect_platfrom": [
            1.0,
            0.0,
            0.0,
            1.0,
            0.0,
            1.0,
            0.0,
            1.0,
            1.0,
            0.0,
            0.0
        ],
        "llm_imports": [
            1.0,
            1.0,
            2.0,
            1.0,
            2.0,
            1.0,
            1.0,
            1.0,
            1.0,
            2.0,
            2.0
        ],
        "get_model_info": [
            6.0,
            7.0,
            6.0,
            7.0,
            7.0,
            7.0,
            7.0,
            7.0,
            7.0,
            6.0,
            6.0
        ],
        "worker_init": [
            2.0,
            2.0,
            2.0,
            2.0,
            2.0,
            2.0,
            2.0,
            3.0,
            2.0,
            2.0,
            2.0
        ],
        "framework_bootstrap": [
            10.0,
            10.0,
            10.0,
            11.0,
            11.0,
            11.0,
            10.0,
            12.0,
            11.0,
            10.0,
            10.0
        ],
        "load_weights": [
            2.0,
            3.63,
            1.9,
            0.95,
            0.15,
            4.44,
            0.54,
            1.13,
            2.16,
            2.46,
            2.5
        ],
        "model_init": [
            0.11,
            0.12,
            0.11,
            0.13,
            0.09,
            0.12,
            0.1,
            0.11,
            0.11,
            0.11,
            0.12
        ],
        "model_loading": [
            2.66244,
            4.320393,
            2.748881,
            1.641273,
            0.757603,
            5.091198,
            1.189366,
            1.776971,
            2.791667,
            3.192325,
            3.420969
        ],
        "dynamo_transform_time": [
            3.78,
            5.29,
            4.38,
            3.75,
            3.38,
            5.4,
            3.33,
            5.42,
            4.46,
            4.35,
            6.28
        ],
        "graph_compile_general_shape": [
            null,
            null,
            null,
            null,
            null,
            null,
            null,
            null,
            null,
            null,
            null
        ],
        "graph_compile_cached": [
            3.249,
            4.461,
            3.524,
            3.012,
            2.625,
            4.454,
            2.545,
            4.426,
            3.321,
            3.469,
            5.463
        ],
        "torch.compile": [
            3.78,
            5.29,
            4.38,
            3.75,
            3.38,
            5.4,
            3.33,
            5.42,
            4.46,
            4.35,
            6.28
        ],
        "kv_cache_profiling": [
            9.0,
            11.95,
            9.11,
            7.95,
            7.4,
            12.0,
            7.03,
            11.18,
            8.94,
            8.98,
            13.59
        ],
        "graph_capturing": [
            1.15,
            1.43,
            1.11,
            1.04,
            0.95,
            1.59,
            0.97,
            1.25,
            1.14,
            1.1,
            1.44
        ],
        "init_engine": [
            10.39,
            13.61,
            10.43,
            9.27,
            8.58,
            13.82,
            8.21,
            12.65,
            10.29,
            10.29,
            15.26
        ],
        "tokenizer_init": [
            0.37,
            0.54,
            0.34,
            0.52,
            0.51,
            0.52,
            0.49,
            0.49,
            0.5,
            0.42,
            0.41
        ],
        "total_time": [
            23.42244,
            28.470392999999998,
            23.518881,
            22.431273,
            20.847603000000003,
            30.431198,
            19.889366,
            26.916971,
            24.581667,
            23.902325,
            29.090968999999998
        ],
        "actual_total_time": [
            25.0,
            30.0,
            25.0,
            24.0,
            22.0,
            31.0,
            21.0,
            27.0,
            26.0,
            25.0,
            31.0
        ]
    }
}