{
    "labels": [
        "output_model_llama2-7b-hf_cuda-graph-sizes_1.txt",
        "output_model_llama2-7b-hf_cuda-graph-sizes_56.txt",
        "output_model_llama2-7b-hf_cuda-graph-sizes_136.txt",
        "output_model_llama2-7b-hf_cuda-graph-sizes_216.txt",
        "output_model_llama2-7b-hf_cuda-graph-sizes_296.txt",
        "output_model_llama2-7b-hf_cuda-graph-sizes_376.txt",
        "output_model_llama2-7b-hf_cuda-graph-sizes_456.txt"
    ],
    "data": {
        "detect_platfrom": [
            0.034,
            0.035,
            0.034,
            0.034,
            0.034,
            0.034,
            0.034
        ],
        "llm_imports": [
            1.414,
            1.346,
            1.41,
            1.373,
            1.355,
            1.359,
            1.367
        ],
        "get_model_info": [
            5.012,
            4.996,
            5.022,
            5.027,
            5.029,
            5.053,
            5.005
        ],
        "worker_init": [
            1.487,
            1.475,
            1.482,
            1.496,
            1.476,
            1.506,
            1.489
        ],
        "framework_bootstrap": [
            7.946999999999999,
            7.852,
            7.948,
            7.93,
            7.894,
            7.952,
            7.895
        ],
        "load_weights": [
            1.86,
            1.87,
            1.85,
            1.85,
            1.84,
            1.86,
            1.86
        ],
        "model_init": [
            0.12,
            0.12,
            0.12,
            0.12,
            0.12,
            0.12,
            0.12
        ],
        "model_loading": [
            1.981318,
            1.996633,
            1.973774,
            1.97576,
            1.967532,
            1.979769,
            1.97874
        ],
        "dynamo_transform_time": [
            5.15,
            5.02,
            5.13,
            4.89,
            5.17,
            4.94,
            5.12
        ],
        "graph_compile_general_shape": [
            null,
            null,
            null,
            null,
            null,
            null,
            null
        ],
        "graph_compile_cached": [
            4.489,
            4.364,
            4.487,
            4.191,
            4.512,
            4.279,
            4.523
        ],
        "torch.compile": [
            5.15,
            5.02,
            5.13,
            4.89,
            5.17,
            4.94,
            5.12
        ],
        "kv_cache_profiling": [
            11.37,
            11.13,
            11.35,
            10.81,
            11.41,
            10.94,
            11.37
        ],
        "graph_capturing": [
            0.32,
            0.48,
            0.74,
            0.98,
            1.25,
            1.5,
            1.79
        ],
        "init_engine": [
            12.17,
            12.1,
            12.57,
            12.26,
            13.13,
            12.91,
            13.64
        ],
        "tokenizer_init": [
            0.09,
            0.09,
            0.08,
            0.09,
            0.09,
            0.09,
            0.09
        ],
        "total_time": [
            22.188318,
            22.038633,
            22.571773999999998,
            22.25576,
            23.081532,
            22.931769,
            23.60374
        ],
        "actual_total_time": [
            23.04,
            22.896,
            23.431,
            23.113,
            23.936,
            23.789,
            24.451
        ]
    }
}