{
    "labels": [
        "output_model_llama2-7b-hf_cuda-graph-sizes_136.txt",
        "output_model_llama2-7b-hf_cuda-graph-sizes_1.txt",
        "output_model_llama2-7b-hf_cuda-graph-sizes_216.txt",
        "output_model_llama2-7b-hf_cuda-graph-sizes_296.txt",
        "output_model_llama2-7b-hf_cuda-graph-sizes_376.txt",
        "output_model_llama2-7b-hf_cuda-graph-sizes_456.txt",
        "output_model_llama2-7b-hf_cuda-graph-sizes_56.txt"
    ],
    "data": {
        "detect_platform": [
            0.034,
            0.034,
            0.034,
            0.034,
            0.034,
            0.034,
            0.035
        ],
        "llm_imports": [
            1.41,
            1.414,
            1.373,
            1.355,
            1.359,
            1.367,
            1.346
        ],
        "get_model_info": [
            5.022,
            5.012,
            5.027,
            5.029,
            5.053,
            5.005,
            4.996
        ],
        "worker_init": [
            1.482,
            1.487,
            1.496,
            1.476,
            1.506,
            1.489,
            1.475
        ],
        "framework_bootstrap": [
            7.948,
            7.946999999999999,
            7.93,
            7.894,
            7.952,
            7.895,
            7.852
        ],
        "load_weights": [
            1.85,
            1.86,
            1.85,
            1.84,
            1.86,
            1.86,
            1.87
        ],
        "model_init": [
            0.12,
            0.12,
            0.12,
            0.12,
            0.12,
            0.12,
            0.12
        ],
        "model_loading": [
            1.973774,
            1.981318,
            1.97576,
            1.967532,
            1.979769,
            1.97874,
            1.996633
        ],
        "dynamo_transform_time": [
            5.13,
            5.15,
            4.89,
            5.17,
            4.94,
            5.12,
            5.02
        ],
        "graph_compile_general_shape": [
            null,
            null,
            null,
            null,
            null,
            null,
            null
        ],
        "graph_compile_cached": [
            4.487,
            4.489,
            4.191,
            4.512,
            4.279,
            4.523,
            4.364
        ],
        "torch.compile": [
            5.13,
            5.15,
            4.89,
            5.17,
            4.94,
            5.12,
            5.02
        ],
        "kv_cache_profiling": [
            1.7329999999999988,
            1.7309999999999999,
            1.729000000000001,
            1.7280000000000015,
            1.7209999999999983,
            1.7269999999999985,
            1.7460000000000004
        ],
        "graph_capturing": [
            0.74,
            0.32,
            0.98,
            1.25,
            1.5,
            1.79,
            0.48
        ],
        "init_engine": [
            12.57,
            12.17,
            12.26,
            13.13,
            12.91,
            13.64,
            12.1
        ],
        "tokenizer_init": [
            0.08,
            0.09,
            0.09,
            0.09,
            0.09,
            0.09,
            0.09
        ],
        "total_time": [
            22.571773999999998,
            22.188318,
            22.25576,
            23.081532,
            22.931769,
            23.60374,
            22.038633
        ],
        "actual_total_time": [
            23.431,
            23.04,
            23.113,
            23.936,
            23.789,
            24.451,
            22.896
        ]
    }
}