{
    "labels": [
        "output_model_falcon-7b.txt",
        "output_model_llama2-13b-hf.txt",
        "output_model_llama2-7b-hf.txt",
        "output_model_llama3-3b.txt",
        "output_model_qwen-0.5b.txt",
        "output_model_qwen-14b.txt",
        "output_model_qwen-1.8b.txt",
        "output_model_qwen-4b.txt",
        "output_model_qwen-7b.txt",
        "output_model_yi-6b.txt",
        "output_model_yi-9b.txt"
    ],
    "data": {
        "detect_platform": [
            0.016,
            0.015,
            0.016,
            0.017,
            0.015,
            0.016,
            0.016,
            0.016,
            0.016,
            0.016,
            0.016
        ],
        "llm_imports": [
            1.395,
            1.388,
            1.383,
            1.582,
            1.4,
            1.391,
            1.392,
            1.378,
            1.381,
            1.391,
            1.393
        ],
        "get_model_info": [
            4.91,
            4.87,
            4.862,
            5.006,
            4.862,
            4.89,
            4.877,
            4.88,
            4.884,
            4.846,
            4.838
        ],
        "worker_init": [
            1.726,
            1.663,
            1.705,
            1.775,
            1.719,
            1.707,
            1.704,
            1.707,
            1.708,
            1.699,
            1.696
        ],
        "framework_bootstrap": [
            8.047,
            7.936,
            7.966,
            8.38,
            7.996,
            8.004,
            7.989,
            7.981,
            7.989000000000001,
            7.952,
            7.943
        ],
        "load_weights": [
            24.51,
            47.79,
            24.76,
            11.8,
            1.71,
            52.0,
            6.74,
            14.49,
            28.33,
            22.24,
            32.4
        ],
        "model_init": [
            0.12,
            0.13,
            0.12,
            0.14,
            0.1,
            0.13,
            0.11,
            0.13,
            0.12,
            0.12,
            0.14
        ],
        "model_loading": [
            24.636371,
            47.924035,
            24.886161,
            11.945889,
            1.813194,
            52.132468,
            6.854316,
            14.620566,
            28.457398,
            22.359078,
            32.543899
        ],
        "dynamo_transform_time": [
            4.82,
            6.81,
            6.45,
            4.81,
            4.29,
            7.76,
            4.29,
            6.92,
            5.75,
            5.61,
            8.04
        ],
        "graph_compile_general_shape": [
            null,
            null,
            null,
            null,
            null,
            null,
            null,
            null,
            null,
            null,
            null
        ],
        "graph_compile_cached": [
            4.406,
            5.86,
            4.55,
            4.265,
            3.367,
            5.899,
            3.438,
            5.745,
            4.591,
            4.848,
            7.29
        ],
        "torch.compile": [
            4.82,
            6.81,
            6.45,
            4.81,
            4.29,
            7.76,
            4.29,
            6.92,
            5.75,
            5.61,
            8.04
        ],
        "kv_cache_profiling": [
            2.4140000000000015,
            2.58,
            1.6500000000000004,
            1.7250000000000014,
            1.5730000000000004,
            2.641000000000002,
            1.5920000000000005,
            1.8650000000000002,
            1.6389999999999993,
            1.5920000000000005,
            2.080000000000002
        ],
        "graph_capturing": [
            1.18,
            1.49,
            1.15,
            1.04,
            0.94,
            1.54,
            0.94,
            1.33,
            1.18,
            1.16,
            1.52
        ],
        "init_engine": [
            13.27,
            17.22,
            14.26,
            12.3,
            10.61,
            18.32,
            10.7,
            16.34,
            13.62,
            13.66,
            19.43
        ],
        "tokenizer_init": [
            0.13,
            0.09,
            0.09,
            0.3,
            0.27,
            0.27,
            0.26,
            0.26,
            0.27,
            0.16,
            0.16
        ],
        "total_time": [
            46.08337100000001,
            73.17003500000001,
            47.202161000000004,
            32.925889,
            20.689193999999997,
            78.726468,
            25.803316,
            39.20156599999999,
            50.336398,
            44.131078,
            60.076899
        ],
        "actual_total_time": [
            47.748,
            73.996,
            48.032,
            33.991,
            21.692,
            79.717,
            26.81,
            40.222,
            51.342,
            45.059,
            61.013
        ]
    }
}