{
    "labels": [
        "output_model_llama2-7b-hf_cuda-graph-sizes_136.txt",
        "output_model_llama2-7b-hf_cuda-graph-sizes_1.txt",
        "output_model_llama2-7b-hf_cuda-graph-sizes_216.txt",
        "output_model_llama2-7b-hf_cuda-graph-sizes_296.txt",
        "output_model_llama2-7b-hf_cuda-graph-sizes_376.txt",
        "output_model_llama2-7b-hf_cuda-graph-sizes_456.txt",
        "output_model_llama2-7b-hf_cuda-graph-sizes_56.txt"
    ],
    "data": {
        "detect_platform": [
            0.016,
            0.017,
            0.016,
            0.016,
            0.016,
            0.016,
            0.016
        ],
        "llm_imports": [
            1.419,
            1.432,
            1.421,
            1.409,
            1.428,
            1.402,
            1.414
        ],
        "get_model_info": [
            5.224,
            5.196,
            5.225,
            5.226,
            5.242,
            5.203,
            5.231
        ],
        "worker_init": [
            2.001,
            2.008,
            2.01,
            2.008,
            2.018,
            2.007,
            2.021
        ],
        "framework_bootstrap": [
            8.66,
            8.652999999999999,
            8.672,
            8.658999999999999,
            8.704,
            8.628,
            8.681999999999999
        ],
        "load_weights": [
            1.67,
            1.69,
            1.68,
            1.68,
            1.69,
            1.68,
            1.68
        ],
        "model_init": [
            0.13,
            0.13,
            0.12,
            0.13,
            0.13,
            0.13,
            0.12
        ],
        "model_loading": [
            1.806174,
            1.818778,
            1.813068,
            1.815319,
            1.819007,
            1.812722,
            1.810905
        ],
        "dynamo_transform_time": [
            5.4,
            5.44,
            5.48,
            5.39,
            5.47,
            5.38,
            5.4
        ],
        "graph_compile_general_shape": [
            null,
            null,
            null,
            null,
            null,
            null,
            null
        ],
        "graph_compile_cached": [
            4.55,
            4.597,
            4.634,
            4.521,
            4.604,
            4.544,
            4.535
        ],
        "torch.compile": [
            5.4,
            5.44,
            5.48,
            5.39,
            5.47,
            5.38,
            5.4
        ],
        "kv_cache_profiling": [
            1.950000000000001,
            1.9329999999999998,
            1.9459999999999997,
            1.9290000000000003,
            1.9260000000000002,
            1.936,
            1.9349999999999987
        ],
        "graph_capturing": [
            0.78,
            0.36,
            1.04,
            1.31,
            1.58,
            1.87,
            0.53
        ],
        "init_engine": [
            13.21,
            12.86,
            13.62,
            13.67,
            14.11,
            14.26,
            12.94
        ],
        "tokenizer_init": [
            0.09,
            0.09,
            0.09,
            0.09,
            0.09,
            0.09,
            0.09
        ],
        "total_time": [
            23.766174000000003,
            23.421778,
            24.195068,
            24.234319,
            24.723007,
            24.790722,
            23.522904999999998
        ],
        "actual_total_time": [
            24.698,
            24.364,
            25.121,
            25.157,
            25.659,
            25.717,
            24.439
        ]
    }
}