{
    "labels": [
        "output_model_falcon-7b.txt",
        "output_model_llama2-13b-hf.txt",
        "output_model_llama2-7b-hf.txt",
        "output_model_llama3-3b.txt",
        "output_model_qwen-0.5b.txt",
        "output_model_qwen-14b.txt",
        "output_model_qwen-1.8b.txt",
        "output_model_qwen-4b.txt",
        "output_model_qwen-7b.txt",
        "output_model_yi-6b.txt",
        "output_model_yi-9b.txt"
    ],
    "data": {
        "load_weights": [
            1.78,
            3.16,
            2.1,
            0.8,
            0.13,
            3.45,
            0.47,
            1.02,
            1.95,
            1.63,
            2.21
        ],
        "model_init": [
            0.09,
            0.1,
            0.09,
            0.1,
            0.08,
            0.1,
            0.08,
            0.1,
            0.09,
            0.09,
            0.11
        ],
        "model_loading": [
            2.409844,
            3.908051,
            2.779261,
            1.54394,
            0.787811,
            4.070808,
            1.068628,
            1.688393,
            2.595881,
            2.267637,
            2.863173
        ],
        "dynamo_transform_time": [
            3.76,
            5.26,
            4.36,
            3.67,
            3.28,
            5.4,
            3.33,
            5.36,
            4.42,
            4.36,
            6.21
        ],
        "graph_compile_general_shape": [
            null,
            null,
            null,
            null,
            null,
            null,
            null,
            null,
            null,
            null,
            null
        ],
        "graph_compile_cached": [
            2.716,
            3.678,
            2.952,
            2.75,
            2.213,
            3.824,
            2.276,
            3.764,
            3.063,
            3.167,
            4.758
        ],
        "torch.compile": [
            3.76,
            5.26,
            4.36,
            3.67,
            3.28,
            5.4,
            3.33,
            5.36,
            4.42,
            4.36,
            6.21
        ],
        "kv_cache_profiling": [
            8.0,
            10.63,
            8.71,
            7.83,
            6.77,
            10.89,
            6.94,
            10.59,
            8.88,
            8.89,
            12.97
        ],
        "graph_capturing": [
            1.34,
            2.18,
            1.33,
            0.88,
            0.53,
            2.15,
            0.62,
            1.05,
            1.37,
            1.24,
            1.79
        ],
        "init_engine": [
            9.69,
            13.19,
            10.4,
            9.03,
            7.61,
            13.41,
            7.87,
            11.99,
            10.6,
            10.48,
            15.15
        ],
        "tokenizer_init": [
            0.4,
            0.37,
            0.33,
            0.57,
            0.58,
            0.61,
            0.55,
            0.51,
            0.53,
            0.43,
            0.43
        ],
        "total_time": [
            12.499844,
            17.468051,
            13.509261,
            11.14394,
            8.977811,
            18.090808,
            9.488628,
            14.188393,
            13.725881,
            13.177637,
            18.443173
        ],
        "actual_total_time": [
            20.49,
            25.35,
            21.28,
            19.1,
            17.01,
            26.06,
            17.36,
            22.4,
            21.67,
            21.0,
            26.34
        ]
    }
}