{
    "labels": [
        "output_model_falcon-7b.txt",
        "output_model_llama2-13b-hf.txt",
        "output_model_llama2-7b-hf.txt",
        "output_model_llama3-3b.txt",
        "output_model_qwen-0.5b.txt",
        "output_model_qwen-14b.txt",
        "output_model_qwen-1.8b.txt",
        "output_model_qwen-4b.txt",
        "output_model_qwen-7b.txt",
        "output_model_yi-6b.txt",
        "output_model_yi-9b.txt"
    ],
    "data": {
        "detect_platfrom": [
            0.0,
            0.0,
            0.0,
            0.0,
            0.0,
            0.0,
            0.0,
            0.0,
            0.0,
            0.0,
            0.0
        ],
        "llm_imports": [
            0.0,
            1.0,
            1.0,
            1.0,
            1.0,
            0.0,
            1.0,
            0.0,
            1.0,
            1.0,
            1.0
        ],
        "get_model_info": [
            6.0,
            6.0,
            5.0,
            5.0,
            5.0,
            6.0,
            5.0,
            6.0,
            5.0,
            5.0,
            5.0
        ],
        "worker_init": [
            2.0,
            1.0,
            1.0,
            1.0,
            2.0,
            1.0,
            1.0,
            1.0,
            1.0,
            1.0,
            2.0
        ],
        "framework_bootstrap": [
            8.0,
            8.0,
            7.0,
            7.0,
            8.0,
            7.0,
            7.0,
            7.0,
            7.0,
            7.0,
            8.0
        ],
        "load_weights": [
            1.78,
            3.16,
            2.1,
            0.8,
            0.13,
            3.45,
            0.47,
            1.02,
            1.95,
            1.63,
            2.21
        ],
        "model_init": [
            0.09,
            0.1,
            0.09,
            0.1,
            0.08,
            0.1,
            0.08,
            0.1,
            0.09,
            0.09,
            0.11
        ],
        "model_loading": [
            2.409844,
            3.908051,
            2.779261,
            1.54394,
            0.787811,
            4.070808,
            1.068628,
            1.688393,
            2.595881,
            2.267637,
            2.863173
        ],
        "dynamo_transform_time": [
            3.76,
            5.26,
            4.36,
            3.67,
            3.28,
            5.4,
            3.33,
            5.36,
            4.42,
            4.36,
            6.21
        ],
        "graph_compile_general_shape": [
            null,
            null,
            null,
            null,
            null,
            null,
            null,
            null,
            null,
            null,
            null
        ],
        "graph_compile_cached": [
            2.716,
            3.678,
            2.952,
            2.75,
            2.213,
            3.824,
            2.276,
            3.764,
            3.063,
            3.167,
            4.758
        ],
        "torch.compile": [
            3.76,
            5.26,
            4.36,
            3.67,
            3.28,
            5.4,
            3.33,
            5.36,
            4.42,
            4.36,
            6.21
        ],
        "kv_cache_profiling": [
            1.524,
            1.692000000000002,
            1.3980000000000006,
            1.4100000000000001,
            1.2769999999999992,
            1.6660000000000004,
            1.3340000000000005,
            1.4659999999999993,
            1.3970000000000002,
            1.3630000000000004,
            2.0020000000000007
        ],
        "graph_capturing": [
            1.34,
            2.18,
            1.33,
            0.88,
            0.53,
            2.15,
            0.62,
            1.05,
            1.37,
            1.24,
            1.79
        ],
        "init_engine": [
            9.69,
            13.19,
            10.4,
            9.03,
            7.61,
            13.41,
            7.87,
            11.99,
            10.6,
            10.48,
            15.15
        ],
        "tokenizer_init": [
            0.4,
            0.37,
            0.33,
            0.57,
            0.58,
            0.61,
            0.55,
            0.51,
            0.53,
            0.43,
            0.43
        ],
        "total_time": [
            20.499843999999996,
            25.468051,
            20.509261,
            18.14394,
            16.977811,
            25.090808,
            16.488628000000002,
            21.188393,
            20.725881,
            20.177637,
            26.443173
        ],
        "actual_total_time": [
            21.0,
            27.0,
            22.0,
            20.0,
            18.0,
            27.0,
            18.0,
            23.0,
            23.0,
            22.0,
            27.0
        ]
    }
}