{
    "labels": [
        "output_model_falcon-7b.txt",
        "output_model_llama2-13b-hf.txt",
        "output_model_llama2-7b-hf.txt",
        "output_model_llama3-3b.txt",
        "output_model_qwen-0.5b.txt",
        "output_model_qwen-14b.txt",
        "output_model_qwen-1.8b.txt",
        "output_model_qwen-4b.txt",
        "output_model_qwen-7b.txt",
        "output_model_yi-6b.txt",
        "output_model_yi-9b.txt"
    ],
    "data": {
        "load_weights": [
            2.06,
            3.18,
            1.63,
            0.84,
            0.14,
            3.48,
            0.47,
            1.03,
            1.89,
            1.48,
            2.16
        ],
        "model_init": [
            0.09,
            0.1,
            0.09,
            0.11,
            0.08,
            0.1,
            0.08,
            0.1,
            0.09,
            0.09,
            0.11
        ],
        "model_loading": [
            2.974734,
            3.944223,
            2.263219,
            1.740305,
            0.816709,
            4.100564,
            1.076285,
            1.646081,
            2.570083,
            2.114783,
            2.817329
        ],
        "dynamo_transform_time": [
            3.69,
            5.27,
            4.32,
            3.69,
            3.33,
            5.36,
            3.29,
            5.36,
            4.51,
            4.36,
            6.14
        ],
        "graph_compile_general_shape": [
            null,
            null,
            null,
            null,
            null,
            null,
            null,
            null,
            null,
            null,
            null
        ],
        "graph_compile_cached": [
            2.675,
            3.676,
            2.922,
            2.716,
            2.271,
            3.826,
            2.248,
            3.794,
            3.084,
            3.125,
            4.721
        ],
        "torch.compile": [
            3.69,
            5.27,
            4.32,
            3.69,
            3.33,
            5.36,
            3.29,
            5.36,
            4.51,
            4.36,
            6.14
        ],
        "kv_cache_profiling": [
            7.88,
            10.62,
            8.63,
            7.84,
            6.97,
            10.86,
            6.83,
            10.66,
            8.98,
            8.83,
            12.87
        ],
        "graph_capturing": [
            1.36,
            2.18,
            1.33,
            0.87,
            0.55,
            null,
            0.63,
            1.05,
            1.36,
            1.23,
            1.76
        ],
        "init_engine": [
            9.58,
            13.17,
            10.3,
            9.04,
            7.84,
            null,
            7.78,
            12.05,
            10.68,
            10.4,
            15.01
        ],
        "tokenizer_init": [
            0.38,
            0.35,
            0.34,
            0.57,
            0.52,
            0.53,
            0.54,
            0.54,
            0.49,
            0.44,
            0.45
        ],
        "total_time": [
            12.934734,
            17.464223,
            12.903219,
            11.350304999999999,
            9.176708999999999,
            4.630564000000001,
            9.396284999999999,
            14.236081000000002,
            13.740083,
            12.954783,
            18.277328999999998
        ],
        "actual_total_time": [
            21.41,
            25.34,
            20.51,
            19.34,
            17.5,
            0,
            17.46,
            22.24,
            21.67,
            20.74,
            26.06
        ]
    }
}