{
    "labels": [
        "output_model_llama2-7b-hf_cuda-graph-sizes_136.txt",
        "output_model_llama2-7b-hf_cuda-graph-sizes_1.txt",
        "output_model_llama2-7b-hf_cuda-graph-sizes_216.txt",
        "output_model_llama2-7b-hf_cuda-graph-sizes_296.txt",
        "output_model_llama2-7b-hf_cuda-graph-sizes_376.txt",
        "output_model_llama2-7b-hf_cuda-graph-sizes_456.txt",
        "output_model_llama2-7b-hf_cuda-graph-sizes_56.txt"
    ],
    "data": {
        "detect_platform": [
            0.016,
            0.016,
            0.016,
            0.016,
            0.016,
            0.016,
            0.016
        ],
        "llm_imports": [
            1.422,
            1.411,
            1.42,
            1.407,
            1.406,
            1.419,
            1.418
        ],
        "get_model_info": [
            5.264,
            5.232,
            5.254,
            5.249,
            5.214,
            5.237,
            5.213
        ],
        "worker_init": [
            2.018,
            1.976,
            2.013,
            2.03,
            2.006,
            2.004,
            2.017
        ],
        "framework_bootstrap": [
            8.719999999999999,
            8.635000000000002,
            8.703,
            8.702,
            8.642,
            8.676,
            8.664
        ],
        "load_weights": [
            1.69,
            1.68,
            1.67,
            1.69,
            1.7,
            1.69,
            1.68
        ],
        "model_init": [
            0.13,
            0.12,
            0.13,
            0.13,
            0.12,
            0.12,
            0.12
        ],
        "model_loading": [
            1.815821,
            1.805126,
            1.804047,
            1.819207,
            1.830626,
            1.813729,
            1.804519
        ],
        "dynamo_transform_time": [
            5.47,
            5.45,
            5.4,
            5.46,
            5.48,
            5.39,
            5.39
        ],
        "graph_compile_general_shape": [
            null,
            null,
            null,
            null,
            null,
            null,
            null
        ],
        "graph_compile_cached": [
            4.65,
            4.658,
            4.563,
            4.616,
            4.689,
            4.545,
            4.593
        ],
        "torch.compile": [
            5.47,
            5.45,
            5.4,
            5.46,
            5.48,
            5.39,
            5.39
        ],
        "kv_cache_profiling": [
            1.959999999999999,
            1.9420000000000002,
            1.9369999999999994,
            1.943999999999999,
            1.9610000000000003,
            1.9650000000000016,
            1.9369999999999994
        ],
        "graph_capturing": [
            0.78,
            0.36,
            1.03,
            1.3,
            1.59,
            1.88,
            0.52
        ],
        "init_engine": [
            13.4,
            12.95,
            13.46,
            13.85,
            14.25,
            14.31,
            12.97
        ],
        "tokenizer_init": [
            0.08,
            0.08,
            0.09,
            0.08,
            0.08,
            0.08,
            0.08
        ],
        "total_time": [
            24.015820999999995,
            23.470126,
            24.057047,
            24.451206999999997,
            24.802625999999997,
            24.879728999999998,
            23.518518999999998
        ],
        "actual_total_time": [
            24.963,
            24.391,
            24.973,
            25.393,
            25.75,
            25.822,
            24.452
        ]
    }
}