{
    "labels": [
        "output_model_falcon-7b_load-format_runai_streamer.txt",
        "output_model_falcon-7b_load-format_safetensors.txt",
        "output_model_falcon-7b-tensorized_load-format_tensorizer.txt",
        "output_model_llama2-13b-hf_load-format_runai_streamer.txt",
        "output_model_llama2-13b-hf_load-format_safetensors.txt",
        "output_model_llama2-13b-hf-tensorized_load-format_tensorizer.txt",
        "output_model_llama2-7b-hf_load-format_runai_streamer.txt",
        "output_model_llama2-7b-hf_load-format_safetensors.txt",
        "output_model_llama2-7b-hf-tensorized_load-format_tensorizer.txt",
        "output_model_yi-6b_load-format_runai_streamer.txt",
        "output_model_yi-6b_load-format_safetensors.txt",
        "output_model_yi-6b-tensorized_load-format_tensorizer.txt"
    ],
    "data": {
        "detect_platform": [
            0.016,
            0.016,
            0.015,
            0.015,
            0.016,
            0.015,
            0.016,
            0.016,
            0.016,
            0.015,
            0.016,
            0.016
        ],
        "llm_imports": [
            1.464,
            1.448,
            1.45,
            1.478,
            1.474,
            1.462,
            1.469,
            1.467,
            1.478,
            1.474,
            1.465,
            1.467
        ],
        "get_model_info": [
            5.415,
            5.404,
            5.455,
            5.45,
            5.39,
            5.468,
            5.41,
            5.427,
            5.459,
            5.376,
            5.426,
            5.411
        ],
        "worker_init": [
            2.328,
            2.336,
            1.327,
            2.32,
            2.319,
            1.314,
            2.307,
            2.296,
            1.328,
            2.306,
            2.288,
            1.319
        ],
        "framework_bootstrap": [
            9.222999999999999,
            9.204,
            8.247,
            9.263,
            9.199,
            8.259,
            9.202,
            9.206,
            8.280999999999999,
            9.171,
            9.195,
            8.213000000000001
        ],
        "load_weights": [
            1.1133160000000002,
            1.74,
            1.845875,
            1.886578,
            3.15,
            2.952801,
            0.976428,
            1.7,
            1.5238040000000002,
            0.8895080000000001,
            1.48,
            1.742045
        ],
        "model_init": [
            0.13,
            0.13,
            0.13,
            0.14,
            0.14,
            0.15,
            0.13,
            0.13,
            0.14,
            0.13,
            0.13,
            0.13
        ],
        "model_loading": [
            1.243316,
            1.874588,
            1.975875,
            2.026578,
            3.292637,
            3.102801,
            1.106428,
            1.836183,
            1.663804,
            1.019508,
            1.611544,
            1.872045
        ],
        "dynamo_transform_time": [
            4.87,
            4.79,
            4.79,
            6.61,
            6.81,
            6.61,
            5.43,
            5.51,
            5.42,
            5.41,
            5.41,
            5.4
        ],
        "graph_compile_general_shape": [
            null,
            null,
            null,
            null,
            null,
            null,
            null,
            null,
            null,
            null,
            null,
            null
        ],
        "graph_compile_cached": [
            4.788,
            4.668,
            4.669,
            5.905,
            6.019,
            5.843,
            4.569,
            4.662,
            4.591,
            4.862,
            4.856,
            4.869
        ],
        "torch.compile": [
            4.87,
            4.79,
            4.79,
            6.61,
            6.81,
            6.61,
            5.43,
            5.51,
            5.42,
            5.41,
            5.41,
            5.4
        ],
        "kv_cache_profiling": [
            2.2219999999999995,
            2.2119999999999997,
            2.221,
            2.955,
            2.981,
            2.9670000000000005,
            1.961000000000002,
            1.9779999999999998,
            1.979000000000001,
            1.9580000000000002,
            1.9440000000000008,
            1.9309999999999992
        ],
        "graph_capturing": [
            1.23,
            1.22,
            1.22,
            1.53,
            1.54,
            1.55,
            1.18,
            1.19,
            1.18,
            1.21,
            1.22,
            1.2
        ],
        "init_engine": [
            13.65,
            13.42,
            13.44,
            17.56,
            17.92,
            17.53,
            13.68,
            13.89,
            13.71,
            13.99,
            13.97,
            13.93
        ],
        "tokenizer_init": [
            0.12,
            0.12,
            0.12,
            0.09,
            0.09,
            0.08,
            0.09,
            0.08,
            0.08,
            0.16,
            0.16,
            0.15
        ],
        "total_time": [
            24.236316,
            24.618588,
            23.782875,
            28.939578,
            30.501637000000002,
            28.971801,
            24.078428,
            25.012183,
            23.734803999999997,
            24.340508,
            24.936544,
            24.165045
        ],
        "actual_total_time": [
            26.105,
            26.472,
            26.695,
            29.887,
            31.453,
            30.968,
            25.033,
            25.971,
            25.729,
            25.389,
            25.978,
            26.251
        ]
    }
}