{
    "labels": [
        "output_model_falcon-7b.txt",
        "output_model_llama2-13b-hf.txt",
        "output_model_llama2-7b-hf.txt",
        "output_model_llama3-3b.txt",
        "output_model_qwen-0.5b.txt",
        "output_model_qwen-14b.txt",
        "output_model_qwen-1.8b.txt",
        "output_model_qwen-4b.txt",
        "output_model_qwen-7b.txt",
        "output_model_yi-6b.txt",
        "output_model_yi-9b.txt"
    ],
    "data": {
        "detect_platfrom": [
            0.0,
            0.0,
            0.0,
            0.0,
            0.0,
            0.0,
            0.0,
            0.0,
            0.0,
            0.0,
            0.0
        ],
        "llm_imports": [
            1.0,
            1.0,
            1.0,
            1.0,
            0.0,
            1.0,
            1.0,
            1.0,
            1.0,
            1.0,
            1.0
        ],
        "get_model_info": [
            5.0,
            5.0,
            6.0,
            5.0,
            6.0,
            5.0,
            5.0,
            5.0,
            5.0,
            5.0,
            5.0
        ],
        "worker_init": [
            1.0,
            2.0,
            1.0,
            2.0,
            1.0,
            2.0,
            1.0,
            1.0,
            1.0,
            1.0,
            1.0
        ],
        "framework_bootstrap": [
            7.0,
            8.0,
            8.0,
            8.0,
            7.0,
            8.0,
            7.0,
            7.0,
            7.0,
            7.0,
            7.0
        ],
        "load_weights": [
            1.78,
            3.15,
            1.61,
            0.81,
            0.13,
            3.83,
            0.48,
            1.01,
            1.92,
            1.95,
            2.15
        ],
        "model_init": [
            0.09,
            0.1,
            0.09,
            0.1,
            0.08,
            0.1,
            0.08,
            0.09,
            0.09,
            0.09,
            0.11
        ],
        "model_loading": [
            2.397296,
            3.959491,
            2.291761,
            1.46819,
            0.790829,
            4.607118,
            1.117172,
            1.692719,
            2.542974,
            2.563118,
            2.789469
        ],
        "dynamo_transform_time": [
            3.72,
            5.24,
            4.37,
            3.69,
            3.29,
            5.45,
            3.3,
            5.43,
            4.47,
            4.31,
            6.17
        ],
        "graph_compile_general_shape": [
            null,
            null,
            null,
            null,
            null,
            null,
            null,
            null,
            null,
            null,
            null
        ],
        "graph_compile_cached": [
            2.683,
            3.762,
            2.933,
            2.731,
            2.21,
            3.86,
            2.251,
            3.789,
            3.055,
            3.165,
            4.634
        ],
        "torch.compile": [
            3.72,
            5.24,
            4.37,
            3.69,
            3.29,
            5.45,
            3.3,
            5.43,
            4.47,
            4.31,
            6.17
        ],
        "kv_cache_profiling": [
            1.5569999999999995,
            1.677999999999999,
            1.3969999999999994,
            1.4090000000000007,
            1.33,
            1.6799999999999997,
            1.359,
            1.511000000000001,
            1.4049999999999994,
            1.325000000000001,
            1.975999999999999
        ],
        "graph_capturing": [
            1.35,
            2.19,
            1.33,
            0.88,
            0.53,
            2.17,
            0.62,
            1.06,
            1.37,
            1.24,
            1.77
        ],
        "init_engine": [
            9.65,
            13.25,
            10.37,
            9.04,
            7.67,
            13.55,
            7.88,
            12.13,
            10.64,
            10.38,
            14.93
        ],
        "tokenizer_init": [
            0.38,
            0.33,
            0.33,
            0.52,
            0.52,
            0.71,
            0.49,
            0.52,
            0.52,
            0.45,
            0.42
        ],
        "total_time": [
            19.427296000000002,
            25.539490999999998,
            20.991760999999997,
            19.02819,
            15.980829,
            26.867118,
            16.487171999999997,
            21.342719,
            20.702974,
            20.393117999999998,
            25.139469000000002
        ],
        "actual_total_time": [
            21.0,
            26.0,
            22.0,
            20.0,
            18.0,
            28.0,
            19.0,
            23.0,
            22.0,
            22.0,
            27.0
        ]
    }
}