{
    "labels": [
        "output_model_falcon-7b.txt",
        "output_model_llama2-13b-hf.txt",
        "output_model_llama2-7b-hf.txt",
        "output_model_llama3-3b.txt",
        "output_model_qwen-0.5b.txt",
        "output_model_qwen-14b.txt",
        "output_model_qwen-1.8b.txt",
        "output_model_qwen-4b.txt",
        "output_model_qwen-7b.txt",
        "output_model_yi-6b.txt",
        "output_model_yi-9b.txt"
    ],
    "data": {
        "load_weights": [
            1.92,
            3.3,
            1.63,
            0.83,
            0.13,
            3.56,
            0.49,
            1.01,
            1.89,
            1.52,
            2.2
        ],
        "model_init": [
            0.09,
            0.1,
            0.09,
            0.11,
            0.08,
            0.1,
            0.08,
            0.1,
            0.09,
            0.09,
            0.1
        ],
        "model_loading": [
            2.555518,
            3.956535,
            2.377557,
            1.460427,
            0.809876,
            4.281486,
            1.097799,
            1.654585,
            2.512778,
            2.158224,
            2.921483
        ],
        "dynamo_transform_time": [
            3.72,
            5.34,
            4.34,
            3.7,
            3.29,
            5.41,
            3.29,
            5.37,
            4.41,
            4.36,
            6.21
        ],
        "graph_compile_general_shape": [
            null,
            null,
            null,
            null,
            null,
            null,
            null,
            null,
            null,
            null,
            null
        ],
        "graph_compile_cached": [
            2.677,
            3.796,
            2.971,
            2.765,
            2.22,
            3.8,
            2.272,
            3.776,
            3.05,
            3.091,
            4.74
        ],
        "torch.compile": [
            3.72,
            5.34,
            4.34,
            3.7,
            3.29,
            5.41,
            3.29,
            5.37,
            4.41,
            4.36,
            6.21
        ],
        "kv_cache_profiling": [
            7.92,
            10.8,
            8.71,
            7.9,
            6.84,
            10.92,
            6.93,
            10.64,
            8.83,
            8.84,
            12.97
        ],
        "graph_capturing": [
            1.35,
            2.16,
            1.33,
            0.88,
            0.54,
            null,
            0.62,
            1.05,
            1.36,
            1.25,
            1.78
        ],
        "init_engine": [
            9.61,
            13.33,
            10.38,
            9.11,
            7.69,
            null,
            7.86,
            12.07,
            10.53,
            10.44,
            15.13
        ],
        "tokenizer_init": [
            0.46,
            0.35,
            0.34,
            0.58,
            0.5,
            0.52,
            0.5,
            0.49,
            0.56,
            0.56,
            0.44
        ],
        "total_time": [
            12.625518,
            17.636535000000002,
            13.097557,
            11.150426999999999,
            8.999876,
            4.801486000000001,
            9.457799,
            14.214585000000001,
            13.602777999999999,
            13.158224,
            18.491483000000002
        ],
        "actual_total_time": [
            20.98,
            25.4,
            20.65,
            19.19,
            17.14,
            0,
            17.4,
            22.02,
            21.63,
            20.96,
            26.31
        ]
    }
}