{
    "labels": [
        "output_model_falcon-7b.txt",
        "output_model_llama2-13b-hf.txt",
        "output_model_llama2-7b-hf.txt",
        "output_model_llama3-3b.txt",
        "output_model_qwen-0.5b.txt",
        "output_model_qwen-14b.txt",
        "output_model_qwen-1.8b.txt",
        "output_model_qwen-4b.txt",
        "output_model_qwen-7b.txt",
        "output_model_yi-6b.txt",
        "output_model_yi-9b.txt"
    ],
    "data": {
        "load_weights": [
            1.78,
            3.15,
            1.61,
            0.81,
            0.13,
            3.83,
            0.48,
            1.01,
            1.92,
            1.95,
            2.15
        ],
        "model_init": [
            0.09,
            0.1,
            0.09,
            0.1,
            0.08,
            0.1,
            0.08,
            0.09,
            0.09,
            0.09,
            0.11
        ],
        "model_loading": [
            2.397296,
            3.959491,
            2.291761,
            1.46819,
            0.790829,
            4.607118,
            1.117172,
            1.692719,
            2.542974,
            2.563118,
            2.789469
        ],
        "dynamo_transform_time": [
            3.72,
            5.24,
            4.37,
            3.69,
            3.29,
            5.45,
            3.3,
            5.43,
            4.47,
            4.31,
            6.17
        ],
        "graph_compile_general_shape": [
            null,
            null,
            null,
            null,
            null,
            null,
            null,
            null,
            null,
            null,
            null
        ],
        "graph_compile_cached": [
            2.683,
            3.762,
            2.933,
            2.731,
            2.21,
            3.86,
            2.251,
            3.789,
            3.055,
            3.165,
            4.634
        ],
        "torch.compile": [
            3.72,
            5.24,
            4.37,
            3.69,
            3.29,
            5.45,
            3.3,
            5.43,
            4.47,
            4.31,
            6.17
        ],
        "kv_cache_profiling": [
            7.96,
            10.68,
            8.7,
            7.83,
            6.83,
            10.99,
            6.91,
            10.73,
            8.93,
            8.8,
            12.78
        ],
        "graph_capturing": [
            1.35,
            2.19,
            1.33,
            0.88,
            0.53,
            2.17,
            0.62,
            1.06,
            1.37,
            1.24,
            1.77
        ],
        "init_engine": [
            9.65,
            13.25,
            10.37,
            9.04,
            7.67,
            13.55,
            7.88,
            12.13,
            10.64,
            10.38,
            14.93
        ],
        "tokenizer_init": [
            0.38,
            0.33,
            0.33,
            0.52,
            0.52,
            0.71,
            0.49,
            0.52,
            0.52,
            0.45,
            0.42
        ],
        "total_time": [
            12.427296,
            17.539490999999998,
            12.991760999999999,
            11.028189999999999,
            8.980829,
            18.867118,
            9.487172,
            14.342719,
            13.702974000000001,
            13.393118,
            18.139469000000002
        ],
        "actual_total_time": [
            20.6,
            25.37,
            20.69,
            18.97,
            17.05,
            27.02,
            17.46,
            22.44,
            21.59,
            21.48,
            26.26
        ]
    }
}