{
    "labels": [
        "output_model_deepseek-r1-distill-llama-8b.txt",
        "output_model_deepseek-r1-distill-qwen-7b.txt",
        "output_model_deepseek-v2-lite-16b.txt",
        "output_model_falcon-7b.txt",
        "output_model_gpt-oss-20b.txt",
        "output_model_llama2-13b-hf.txt",
        "output_model_llama2-7b-hf.txt",
        "output_model_llama3-3b.txt",
        "output_model_qwen-0.5b.txt",
        "output_model_qwen-14.3b.txt",
        "output_model_qwen-14b.txt",
        "output_model_qwen-1.8b.txt",
        "output_model_qwen-4b.txt",
        "output_model_qwen-7b.txt",
        "output_model_yi-6b.txt",
        "output_model_yi-9b.txt"
    ],
    "data": {
        "load_weights": [
            2.12,
            2.02,
            4.48,
            1.86,
            1.88,
            3.76,
            1.76,
            0.84,
            0.14,
            4.57,
            3.73,
            0.62,
            1.05,
            2.08,
            1.62,
            2.35
        ],
        "model_init": [
            0.14,
            0.11,
            0.16,
            0.12,
            0.16,
            0.13,
            0.12,
            0.13,
            0.1,
            0.12,
            0.13,
            0.11,
            0.13,
            0.12,
            0.11,
            0.14
        ],
        "model_loading": [
            2.262335,
            2.132829,
            4.650543,
            1.976163,
            2.310902,
            3.89647,
            1.88073,
            0.979897,
            0.239718,
            4.692521,
            3.856499,
            0.727004,
            1.182021,
            2.195251,
            1.736861,
            2.489864
        ],
        "dynamo_transform_time": [
            5.3,
            4.66,
            3.95,
            4.55,
            3.85,
            6.51,
            5.12,
            4.58,
            4.06,
            4.6,
            6.7,
            4.08,
            6.74,
            5.21,
            5.12,
            7.77
        ],
        "graph_compile_general_shape": [
            13.76,
            12.31,
            12.08,
            12.13,
            11.32,
            16.83,
            13.54,
            12.16,
            10.3,
            11.61,
            17.63,
            10.44,
            17.57,
            13.88,
            13.8,
            20.77
        ],
        "graph_compile_cached": [
            null,
            null,
            null,
            null,
            null,
            null,
            null,
            null,
            null,
            null,
            null,
            null,
            null,
            null,
            null,
            null
        ],
        "torch.compile": [
            19.06,
            16.96,
            16.03,
            16.67,
            15.17,
            23.34,
            18.66,
            16.74,
            14.36,
            16.21,
            24.33,
            14.52,
            24.3,
            19.09,
            18.92,
            28.55
        ],
        "kv_cache_profiling": [
            20.85,
            18.68,
            18.06,
            18.99,
            16.56,
            26.18,
            20.46,
            18.36,
            15.7,
            17.94,
            26.79,
            15.87,
            25.99,
            20.91,
            20.72,
            30.49
        ],
        "graph_capturing": [
            1.22,
            1.21,
            2.31,
            1.19,
            1.36,
            1.5,
            1.14,
            1.09,
            0.98,
            1.57,
            1.57,
            0.98,
            1.37,
            1.18,
            1.18,
            1.53
        ],
        "init_engine": [
            22.57,
            20.38,
            20.88,
            20.68,
            18.41,
            28.2,
            22.1,
            19.94,
            17.15,
            20.0,
            28.89,
            17.34,
            27.88,
            22.59,
            22.4,
            32.56
        ],
        "tokenizer_init": [
            0.37,
            0.49,
            0.21,
            0.12,
            0.68,
            0.25,
            0.08,
            0.45,
            0.24,
            0.25,
            0.25,
            0.25,
            0.25,
            0.25,
            0.32,
            0.32
        ],
        "total_time": [
            25.202335,
            23.002829,
            25.740543,
            22.776163,
            21.400902,
            32.34647,
            24.06073,
            21.369897,
            17.629717999999997,
            24.942521,
            32.996499,
            18.317004,
            29.312020999999998,
            25.035251,
            24.456861,
            35.369864
        ],
        "actual_total_time": [
            32.82,
            30.45,
            33.21,
            31.0,
            31.76,
            39.45,
            31.42,
            28.7,
            25.11,
            32.41,
            40.46,
            25.81,
            36.79,
            32.46,
            31.72,
            42.59
        ]
    }
}