{
    "labels": [
        "output_model_falcon-7b.txt",
        "output_model_llama2-13b-hf.txt",
        "output_model_llama2-7b-hf.txt",
        "output_model_llama3-3b.txt",
        "output_model_qwen-0.5b.txt",
        "output_model_qwen-14b.txt",
        "output_model_qwen-1.8b.txt",
        "output_model_qwen-4b.txt",
        "output_model_qwen-7b.txt",
        "output_model_yi-6b.txt",
        "output_model_yi-9b.txt"
    ],
    "data": {
        "detect_platfrom": [
            1.0,
            1.0,
            0.0,
            0.0,
            0.0,
            0.0,
            1.0,
            1.0,
            0.0,
            1.0,
            0.0
        ],
        "llm_imports": [
            1.0,
            1.0,
            2.0,
            1.0,
            1.0,
            2.0,
            1.0,
            1.0,
            1.0,
            1.0,
            1.0
        ],
        "get_model_info": [
            7.0,
            7.0,
            6.0,
            7.0,
            7.0,
            6.0,
            7.0,
            7.0,
            7.0,
            7.0,
            7.0
        ],
        "worker_init": [
            2.0,
            2.0,
            2.0,
            2.0,
            2.0,
            2.0,
            2.0,
            2.0,
            2.0,
            2.0,
            3.0
        ],
        "framework_bootstrap": [
            11.0,
            11.0,
            10.0,
            10.0,
            10.0,
            10.0,
            11.0,
            11.0,
            10.0,
            11.0,
            11.0
        ],
        "load_weights": [
            1.98,
            3.65,
            1.94,
            0.92,
            0.14,
            4.94,
            0.53,
            1.15,
            2.19,
            2.43,
            2.49
        ],
        "model_init": [
            0.1,
            0.12,
            0.11,
            0.12,
            0.09,
            0.12,
            0.09,
            0.11,
            0.11,
            0.11,
            0.12
        ],
        "model_loading": [
            2.624624,
            4.309713,
            2.640468,
            1.540825,
            0.727316,
            5.625194,
            1.186613,
            1.978694,
            2.839257,
            3.127628,
            3.28786
        ],
        "dynamo_transform_time": [
            3.79,
            5.35,
            4.37,
            3.76,
            3.33,
            5.51,
            3.38,
            5.5,
            4.46,
            4.42,
            6.22
        ],
        "graph_compile_general_shape": [
            null,
            null,
            null,
            null,
            null,
            null,
            null,
            null,
            null,
            null,
            null
        ],
        "graph_compile_cached": [
            3.238,
            4.438,
            3.329,
            3.049,
            2.566,
            4.533,
            2.725,
            4.418,
            3.516,
            3.768,
            5.392
        ],
        "torch.compile": [
            3.79,
            5.35,
            4.37,
            3.76,
            3.33,
            5.51,
            3.38,
            5.5,
            4.46,
            4.42,
            6.22
        ],
        "kv_cache_profiling": [
            9.0,
            11.95,
            8.9,
            7.99,
            7.01,
            12.27,
            7.23,
            11.34,
            9.17,
            9.4,
            13.34
        ],
        "graph_capturing": [
            1.15,
            1.5,
            0.94,
            1.02,
            0.77,
            1.5,
            0.96,
            1.26,
            1.13,
            0.94,
            1.42
        ],
        "init_engine": [
            10.43,
            13.74,
            10.12,
            9.21,
            7.98,
            14.05,
            8.4,
            12.86,
            10.57,
            10.65,
            14.99
        ],
        "tokenizer_init": [
            0.38,
            0.34,
            0.33,
            0.53,
            0.72,
            0.49,
            0.51,
            0.49,
            0.49,
            0.44,
            0.43
        ],
        "total_time": [
            24.434624,
            29.389713,
            23.090467999999998,
            21.280825,
            19.427315999999998,
            30.165194,
            21.096613,
            26.328694,
            23.899257,
            25.217628,
            29.70786
        ],
        "actual_total_time": [
            26.0,
            30.0,
            24.0,
            22.0,
            21.0,
            32.0,
            22.0,
            27.0,
            25.0,
            26.0,
            30.0
        ]
    }
}