{
    "labels": [
        "output_model_falcon-7b.txt",
        "output_model_llama2-13b-hf.txt",
        "output_model_llama2-7b-hf.txt",
        "output_model_llama3-3b.txt",
        "output_model_qwen-0.5b.txt",
        "output_model_qwen-14b.txt",
        "output_model_qwen-1.8b.txt",
        "output_model_qwen-4b.txt",
        "output_model_qwen-7b.txt",
        "output_model_yi-6b.txt",
        "output_model_yi-9b.txt"
    ],
    "data": {
        "load_weights": [
            2.61,
            4.57,
            2.37,
            1.16,
            0.18,
            5.14,
            0.66,
            1.5,
            2.71,
            1.96,
            3.22
        ],
        "model_init": [
            0.11,
            0.12,
            0.11,
            0.12,
            0.09,
            0.12,
            0.1,
            0.12,
            0.11,
            0.11,
            0.27
        ],
        "model_loading": [
            3.251336,
            5.211758,
            3.081393,
            1.830987,
            0.855858,
            5.777013,
            2.574804,
            2.220299,
            3.441647,
            2.778752,
            4.126757
        ],
        "dynamo_transform_time": [
            3.8,
            5.33,
            4.32,
            3.75,
            3.37,
            5.52,
            3.39,
            5.43,
            4.54,
            4.46,
            6.24
        ],
        "graph_compile_general_shape": [
            null,
            null,
            null,
            null,
            null,
            null,
            null,
            null,
            null,
            null,
            null
        ],
        "graph_compile_cached": [
            4.07,
            5.11,
            4.671,
            3.539,
            3.291,
            5.308,
            3.104,
            4.843,
            3.918,
            4.938,
            5.866
        ],
        "torch.compile": [
            3.8,
            5.33,
            4.32,
            3.75,
            3.37,
            5.52,
            3.39,
            5.43,
            4.54,
            4.46,
            6.24
        ],
        "kv_cache_profiling": [
            10.16,
            12.58,
            10.3,
            8.92,
            8.29,
            13.38,
            7.95,
            11.98,
            9.88,
            11.13,
            13.94
        ],
        "graph_capturing": [
            1.3,
            1.59,
            1.52,
            1.62,
            1.37,
            1.97,
            1.55,
            1.83,
            1.58,
            1.56,
            2.38
        ],
        "init_engine": [
            11.69,
            14.4,
            12.31,
            10.77,
            9.91,
            15.6,
            9.71,
            14.08,
            11.7,
            12.9,
            16.58
        ],
        "tokenizer_init": [
            0.39,
            0.33,
            0.35,
            0.53,
            0.49,
            0.53,
            0.5,
            0.5,
            0.49,
            0.43,
            0.42
        ],
        "total_time": [
            15.331336,
            19.941758,
            15.741393,
            13.130987,
            11.255858,
            21.907013,
            12.784804000000001,
            16.800299,
            15.631647,
            16.108752,
            21.126756999999998
        ],
        "actual_total_time": [
            26.55,
            29.73,
            26.21,
            24.39,
            22.05,
            33.24,
            23.98,
            27.93,
            27.72,
            27.25,
            31.61
        ]
    }
}