{
    "labels": [
        "output_model_falcon-7b.txt",
        "output_model_llama2-13b-hf.txt",
        "output_model_llama2-7b-hf.txt",
        "output_model_llama3-3b.txt",
        "output_model_qwen-0.5b.txt",
        "output_model_qwen-14b.txt",
        "output_model_qwen-1.8b.txt",
        "output_model_qwen-4b.txt",
        "output_model_qwen-7b.txt",
        "output_model_yi-6b.txt",
        "output_model_yi-9b.txt"
    ],
    "data": {
        "load_weights": [
            1.918,
            3.554,
            1.796,
            0.86,
            0.14200000000000002,
            3.7960000000000003,
            0.51,
            1.094,
            2.084,
            1.624,
            2.4299999999999997
        ],
        "model_init": [
            0.12,
            0.128,
            0.12,
            0.13,
            0.1,
            0.13,
            0.10600000000000001,
            0.122,
            0.12,
            0.118,
            0.136
        ],
        "model_loading": [
            2.038,
            3.682,
            1.916,
            0.99,
            0.24200000000000002,
            3.926,
            0.616,
            1.2160000000000002,
            2.204,
            1.742,
            2.566
        ],
        "dynamo_transform_time": [
            3.9799999999999995,
            5.9719999999999995,
            4.864,
            4.246,
            3.722,
            6.076,
            3.6980000000000004,
            6.146,
            4.968,
            4.994,
            6.996
        ],
        "graph_compile_general_shape": [
            null,
            null,
            null,
            null,
            null,
            null,
            null,
            null,
            null,
            null,
            null
        ],
        "graph_compile_cached": [
            3.5338000000000003,
            4.639799999999999,
            3.6159999999999997,
            3.2998,
            2.6130000000000004,
            4.6936,
            2.7318,
            4.553400000000001,
            3.6760000000000006,
            3.7668,
            5.655799999999999
        ],
        "torch.compile": [
            3.9799999999999995,
            5.9719999999999995,
            4.864,
            4.246,
            3.722,
            6.076,
            3.6980000000000004,
            6.146,
            4.968,
            4.994,
            6.996
        ],
        "kv_cache_profiling": [
            9.648,
            12.931999999999999,
            9.862,
            9.004000000000001,
            7.702000000000001,
            13.102,
            7.806000000000001,
            12.25,
            10.046,
            10.132,
            14.666
        ],
        "graph_capturing": [
            1.118,
            1.434,
            1.0859999999999999,
            0.9960000000000001,
            0.908,
            1.486,
            0.9019999999999999,
            1.278,
            1.114,
            1.1060000000000003,
            1.452
        ],
        "init_engine": [
            10.766,
            14.365999999999998,
            10.948,
            10.000000000000002,
            8.610000000000001,
            14.588000000000001,
            8.708,
            13.528,
            11.16,
            11.238,
            16.118000000000002
        ],
        "tokenizer_init": [
            0.122,
            0.082,
            0.08,
            0.29,
            0.25,
            0.25,
            0.25,
            0.25,
            0.25,
            0.16,
            0.158
        ],
        "total_time": [
            12.926,
            18.13,
            12.944,
            11.280000000000001,
            9.102000000000002,
            18.764000000000003,
            9.574,
            14.994,
            13.614,
            13.14,
            18.842000000000002
        ],
        "actual_total_time": [
            23.763455,
            28.2537496,
            23.0675708,
            21.606133000000003,
            19.397885800000005,
            29.053727400000003,
            19.8469142,
            25.2643508,
            23.871024000000002,
            23.357531,
            29.027551000000003
        ]
    }
}