{
    "labels": [
        "output_model_deepseek-r1-distill-llama-8b.txt",
        "output_model_deepseek-r1-distill-qwen-7b.txt",
        "output_model_deepseek-v2-lite-16b.txt",
        "output_model_falcon-7b.txt",
        "output_model_gpt-oss-20b.txt",
        "output_model_granite3.3-8b-instruct.txt",
        "output_model_granite4.0-h-32b_no-enable-prefix-caching_.txt",
        "output_model_granite4.0-h-3b_no-enable-prefix-caching_.txt",
        "output_model_llama2-13b-hf.txt",
        "output_model_llama2-7b-hf.txt",
        "output_model_llama3.1-8b-instruct.txt",
        "output_model_llama3-3b.txt",
        "output_model_qwen-0.5b.txt",
        "output_model_qwen-14.3b.txt",
        "output_model_qwen-14b.txt",
        "output_model_qwen-1.8b.txt",
        "output_model_qwen-4b.txt",
        "output_model_qwen-7b.txt",
        "output_model_yi-6b.txt",
        "output_model_yi-9b.txt"
    ],
    "data": {
        "load_weights": [
            2.358,
            2.2239999999999998,
            4.686,
            1.918,
            1.9940000000000002,
            2.338,
            9.314000000000002,
            0.95,
            3.554,
            1.796,
            2.2399999999999998,
            0.86,
            0.14200000000000002,
            4.066,
            3.7960000000000003,
            0.51,
            1.094,
            2.084,
            1.624,
            2.4299999999999997
        ],
        "model_init": [
            0.14,
            0.11000000000000001,
            0.16,
            0.12,
            0.13,
            0.126,
            0.1,
            0.08,
            0.128,
            0.12,
            0.138,
            0.13,
            0.1,
            0.12,
            0.13,
            0.10600000000000001,
            0.122,
            0.12,
            0.118,
            0.136
        ],
        "model_loading": [
            2.498,
            2.3339999999999996,
            4.846,
            2.038,
            2.124,
            2.464,
            9.414000000000001,
            1.03,
            3.682,
            1.916,
            2.3779999999999997,
            0.99,
            0.24200000000000002,
            4.186,
            3.926,
            0.616,
            1.2160000000000002,
            2.204,
            1.742,
            2.566
        ],
        "dynamo_transform_time": [
            4.918,
            4.2700000000000005,
            4.234,
            3.9799999999999995,
            3.558,
            6.304,
            3.122,
            2.48,
            5.9719999999999995,
            4.864,
            5.154000000000001,
            4.246,
            3.722,
            4.3420000000000005,
            6.076,
            3.6980000000000004,
            6.146,
            4.968,
            4.994,
            6.996
        ],
        "graph_compile_general_shape": [
            null,
            null,
            null,
            null,
            null,
            null,
            null,
            null,
            null,
            null,
            null,
            null,
            null,
            null,
            null,
            null,
            null,
            null,
            null,
            null
        ],
        "graph_compile_cached": [
            3.8031999999999995,
            3.3724000000000003,
            3.1426000000000003,
            3.5338000000000003,
            3.3836,
            5.4525999999999994,
            3.0408,
            2.2323999999999997,
            4.639799999999999,
            3.6159999999999997,
            4.546,
            3.2998,
            2.6130000000000004,
            2.8858000000000006,
            4.6936,
            2.7318,
            4.553400000000001,
            3.6760000000000006,
            3.7668,
            5.655799999999999
        ],
        "torch.compile": [
            4.918,
            4.2700000000000005,
            4.234,
            3.9799999999999995,
            3.558,
            6.304,
            3.122,
            2.48,
            5.9719999999999995,
            4.864,
            5.154000000000001,
            4.246,
            3.722,
            4.3420000000000005,
            6.076,
            3.6980000000000004,
            6.146,
            4.968,
            4.994,
            6.996
        ],
        "kv_cache_profiling": [
            10.094,
            9.204,
            9.254,
            9.648,
            8.356,
            13.438,
            7.646,
            5.9319999999999995,
            12.931999999999999,
            9.862,
            11.414000000000001,
            9.004000000000001,
            7.702000000000001,
            8.682000000000002,
            13.102,
            7.806000000000001,
            12.25,
            10.046,
            10.132,
            14.666
        ],
        "graph_capturing": [
            1.16,
            1.146,
            2.274,
            1.118,
            1.2840000000000003,
            1.35,
            2.67,
            1.6219999999999999,
            1.434,
            1.0859999999999999,
            1.184,
            0.9960000000000001,
            0.908,
            1.508,
            1.486,
            0.9019999999999999,
            1.278,
            1.114,
            1.1060000000000003,
            1.452
        ],
        "init_engine": [
            11.254,
            10.350000000000001,
            11.527999999999999,
            10.766,
            9.64,
            14.788,
            10.315999999999999,
            7.553999999999999,
            14.365999999999998,
            10.948,
            12.598,
            10.000000000000002,
            8.610000000000001,
            10.190000000000001,
            14.588000000000001,
            8.708,
            13.528,
            11.16,
            11.238,
            16.118000000000002
        ],
        "tokenizer_init": [
            0.372,
            0.328,
            0.21000000000000002,
            0.122,
            0.674,
            0.092,
            0.202,
            0.202,
            0.082,
            0.08,
            0.29,
            0.29,
            0.25,
            0.25,
            0.25,
            0.25,
            0.25,
            0.25,
            0.16,
            0.158
        ],
        "total_time": [
            14.123999999999999,
            13.012,
            16.584,
            12.926,
            12.438,
            17.343999999999998,
            19.932000000000002,
            8.786,
            18.13,
            12.944,
            15.266,
            11.280000000000001,
            9.102000000000002,
            14.626000000000001,
            18.764000000000003,
            9.574,
            14.994,
            13.614,
            13.14,
            18.842000000000002
        ],
        "actual_total_time": [
            25.1073384,
            23.977904000000002,
            27.454549,
            23.763455,
            26.882047399999998,
            24.6876666,
            27.704525000000004,
            16.5724746,
            28.2537496,
            23.0675708,
            22.7827434,
            21.606133000000003,
            19.397885800000005,
            25.5101202,
            29.053727400000003,
            19.8469142,
            25.2643508,
            23.871024000000002,
            23.357531,
            29.027551000000003
        ]
    }
}